fy,code,prabhag,prabhag_sub,ward_col,amount_rs,provision_rs,work_name
2016-17,CE20E101/SF1-1,1,ब,1,2000000.0,2000000.0,प्रभाग क्र. १ ब (धानोरी) मधील विविध ठिकाणी पावसाळी लाईन टाकणे
2016-17,CE20E101/SF1-2,3,ब,3,2000000.0,2000000.0,प्रभाग क्र. ३ ब मधील विविध ठिकाणी पावसाळी लाईन टाकणे
2016-17,CE20E101/SF1-3,4,अ,4,2000000.0,2000000.0,"प्रभाग क्र. ४अ, मधील विविध ठिक़ाणी पावसाळी लाईन टाकणे."
2016-17,CE20E101/SF1-4,7,अ,7,2500000.0,2500000.0,प्र.क्र.७अ मध्ये विविध ठिकाणी पावसाळी लाईन टाकणे व पावसाळी चेंबर्सची दुरुस्ती करणे.
2016-17,CE20E101/SF1-5,7,ब,7,1000000.0,1000000.0,"प्रभाग क्र. ७ ब मध्ये कोटकर लेन , एकतानगर पावसाळी लाईन टाकणे"
2016-17,CE20E101/SF1-6,9,ब,9,2000000.0,2000000.0,"प्रभाग क्र.९ब, बाणेर अॅन्जोर सोसायटी येथे पावसाळी लाईन टाकणे"
2016-17,CE20E101/SF1-7,10,अ,10,1000000.0,1000000.0,प्रभाग क्र.१० अ सुतारवाडी सुसरोड भागामध्ये विविध ठिकाणी पावसाळी लाईन टाकणे
2016-17,CE20E101/SF1-8,12,ब,12,1000000.0,1000000.0,प्रभाग क्र. १२ ब मध्ये फिरोदिया लेन मागील बाजूस पावसाळी लार्इन टाकणे
2016-17,CE20E101/SF1-9,13,ब,13,3000000.0,3000000.0,प्रभाग क्र. १३ ब मध्ये विविध ठिकाणी पावसाळी लाईन टाकणे
2016-17,CE20E101/SF1-10,17,अ,17,1000000.0,1000000.0,प्रभाग क्र १७ अ मधील विविध ठिकाणी पावसाळी लाईन टाकणे
2016-17,CE20E101/SF1-11,18,अ,18,1000000.0,1000000.0,प्र.क्र.१८अ मध्ये विविध ठिकाणी पावसाळी लाईन टाकणे.
2016-17,CE20E101/SF1-12,22,अ,22,1500000.0,1500000.0,प्र.क्र. २२अ मध्ये विविध ठिकाणी पावसाळी लाईन खराब झालेले दुरूस्ती करणे व तदनुषंगीक कामे करणे.
2016-17,CE20E101/SF1-13,22,ब,22,1500000.0,1500000.0,प्रभाग क्र.२२ ब मध्ये पत्राचाळ येथे लेन क्र.१ च्या अलीकडून ते लेन क्र.१५ पर्यंतच्या मुख्य रस्त्यावर विविध ठिकाणी पावसाळी लाईन टाकणे व मुख्य नाल्यास जोडणे
2016-17,CE20E101/SF1-14,24,अ,24,1000000.0,1000000.0,प्र.क्र. २४ अ मध्ये विविध ठिकाणी पावसाळी लाईन टाकणे.
2016-17,CE20E101/SF1-15,26,अ,26,1500000.0,1500000.0,प्रभाग क्र. २६ अ मध्ये झोपडपट्टीमध्ये विविध ठिकाणच्या पावसाळी लाईन बदलणे
2016-17,CE20E101/SF1-16,26,ब,26,3000000.0,3000000.0,प्रभाग क्र. २६ ब मधील विविध ठिकाणी मोठया व्यासाच्या पावसाळी लाईन टाकणे
2016-17,CE20E101/SF1-17,27,अ,27,2000000.0,2000000.0,प्रभाग क्र. २७ अ मध्ये जयभवानीनगर येथे पावसाळी गटर लाईन टाकणे
2016-17,CE20E101/SF1-18,29,अ,29,2500000.0,2500000.0,प्रभाग क्र. २९ अ मध्ये भुसारी कॉलनी येथे विविध ठिकाणी पावसाळी लाईन टाकणे
2016-17,CE20E101/SF1-19,29,अ,29,2500000.0,2500000.0,प्रभाग क्र. २९ अ मध्ये बावधन येथे विविध ठिकाणी पावसाळी लाईन टाकणे
2016-17,CE20E101/SF1-20,29,ब,29,2500000.0,2500000.0,प्रभाग क्र. २९ ब मध्ये पावसाळी लार्इन विकसित करणे
2016-17,CE20E101/SF1-21,30,अ,30,1500000.0,1500000.0,प्रभाग क्र.३० अ मध्ये विविध ठिकाणी पावसाळी लाईन टाकणे.
2016-17,CE20E101/SF1-22,32,अ,32,1000000.0,1000000.0,प्रभाग क्र.३२ अ मध्ये पावसाळी लाईन दुरूस्त करणे व चेंबर वर उचलून घेणे
2016-17,CE20E101/SF1-23,32,ब,32,1000000.0,1000000.0,प्रभाग क्र. ३२ ब मध्ये पावसाळी लार्इन व चेंबरची साफसफार्इ करणे
2016-17,CE20E101/SF1-24,33,अ,33,2000000.0,2000000.0,प्रभाग क्र. ३३ अ स्वराली सोसायटी ते तेजस हॉल पावसाळी लाईन करणे
2016-17,CE20E101/SF1-25,33,अ,33,2000000.0,2000000.0,प्रभाग क्र. ३३ अ श्रीराम पार्क परिसर येथे पावसाळी लाईन करणे
2016-17,CE20E101/SF1-26,33,अ,33,2000000.0,2000000.0,प्रभाग क्र. ३३ अ गणंजय सोसायटी येथे पावसाळी लाईन करणे
2016-17,CE20E101/SF1-27,35,अ,35,1000000.0,1000000.0,"प्रभाग क्र.३५ अ गोमती, शरयु, राधानंद, सोसा. येथे पावसाळी लार्इन टाकणे"
2016-17,CE20E101/SF1-28,35,अ,35,1000000.0,1000000.0,प्रभाग क्र.३५ अ विविध ठिकाणी पावसाळी लार्इन टाकणे
2016-17,CE20E101/SF1-29,36,ब,36,1000000.0,1000000.0,प्रभाग क्र.३६ ब मध्ये भोंडे कॉलनी येथे पावसाळी लार्इन टाकणे
2016-17,CE20E101/SF1-30,37,ब,37,5000000.0,5000000.0,"प्रभाग क्र.३७ ब केळकर रस्ता, माणकेशवर विष्णु चौक ते अप्पा बळवंत चौक रस्त्यावर पावसाळी गटारे करणे"
2016-17,CE20E101/SF1-31,39,अ,39,1000000.0,1000000.0,प्रभाग क्र.३९ अ मध्ये ३११ रास्ता पेठ ते ३२३ रास्ता पेठ लक्ष्मी सुगंधालय येथे पावसाळी लाईन टाकणे.
2016-17,CE20E101/SF1-32,39,ब,39,2000000.0,2000000.0,प्र.क्र. ३९ ब मध्ये के.ई.एम. हॉस्पिटल ते जिवा महाले चौक मुख्य रस्त्यावर पावसाळी लाईन टाकणे व तदनुषंगीक कामे करणे.
2016-17,CE20E101/SF1-33,39,ब,39,2000000.0,2000000.0,प्र.क्र. ३९ ब मध्ये रास्ते वाडा चौक ते क्रांतिवीर नानासाहेब पाटील चौक सोमवार पेठ पावसाळी लाईन टाकणे व तदनुषंगीक कामे करणे.
2016-17,CE20E101/SF1-34,40,अ,40,2000000.0,2000000.0,प्रभाग क्र. ४० अ मध्ये ४३३ जुनी जिल्हा परिषद ते नरपतगीरी चौक पावसाळी लाईन टाकणे व तदनुषंगीक कामे करणे
2016-17,CE20E101/SF1-35,40,अ,40,1000000.0,1000000.0,प्रभाग क्र. ४० अ मध्ये विविध ठिकाणी पावसाळी लाईन साफ करणे
2016-17,CE20E101/SF1-36,40,ब,40,2000000.0,2000000.0,प्रभाग क्र.४० ब मध्ये रमेश फर्निचर ते वाय.एम.सी.ए. पर्यत पावसाळी लाईन टाकणे.
2016-17,CE20E101/SF1-37,40,ब,40,1000000.0,1000000.0,प्रभाग क्र.४० ब मध्ये पॉवर हाऊस ते कादरभाई चौक पावसाळी लाईन टाकणे.
2016-17,CE20E101/SF1-38,41,अ,41,2000000.0,2000000.0,प्रभाग क्र.४१ अ विविध ठिकाणी पावसाळी लाईन टाकणे
2016-17,CE20E101/SF1-39,42,अ,42,2000000.0,2000000.0,प्रभाग क्र. ४२ अ मध्ये गरूड वस्ती मध्ये पावसाळी लाईन टाकणे
2016-17,CE20E101/SF1-40,43,अ,43,1000000.0,1000000.0,प्रभाग क्र. ४३ अ मध्ये पंधरा नंबर सावंताच्या घरापासून पावसाळी लाईन विकसित करणे
2016-17,CE20E101/SF1-41,46,अ,46,1000000.0,1000000.0,प्रभाग क्र. ४६ अ रामटेकडी येथील पावसाळी लाईन दुरुस्ती करणे व चेंबर साफ करणे
2016-17,CE20E101/SF1-42,47,ब,47,1500000.0,1500000.0,प्रभाग क्र. ४७ ब विविध ठिकाणी पावसाळी लाईन टाकणे.
2016-17,CE20E101/SF1-43,48,अ,48,3000000.0,3000000.0,प्रभाग क्र. ४८ अ मध्ये विविध ठिकाणी पावसाळी लाईन टाकणे
2016-17,CE20E101/SF1-44,48,ब,48,1000000.0,1000000.0,प्रभाग क्र. ४८ ब मध्ये विविध ठिकाणी पावसाळी लाईन टाकणे
2016-17,CE20E101/SF1-45,49,अ,49,3000000.0,3000000.0,प्रभाग क्र.४९ अ मध्ये विविध ठिकाणी पावसाळी लाईन टाकणे.
2016-17,CE20E101/SF1-46,50,अ,50,1000000.0,1000000.0,प्रभाग क्र. ५० अ मध्ये शुक्रवार पेठ शिंदे आळी चौक ते उमरदंड चौक या ठिकाणी पावसाळी लार्इन टाकणे
2016-17,CE20E101/SF1-47,50,अ,50,1000000.0,1000000.0,प्रभाग क्र. ५० अ मध्ये बुधवार पेठ परिसरात पावसाळी लार्इन टाकणे
2016-17,CE20E101/SF1-48,50,अ,50,500000.0,500000.0,प्रभाग क्र. ५० अ मध्ये सदाशिव पेठ काटे बाग गल्ली या ठिकाणी पावसाळी लार्इन टाकणे
2016-17,CE20E101/SF1-49,50,अ,50,1000000.0,1000000.0,"प्रभाग क्र. ५० अ मध्ये सदाशिव पेठ नागनाथ पार, रिध्दी सिध्दी गणपती ते लज्जत हॉटेल या ठिकाणी पावसाळी लार्इन टाकणे"
2016-17,CE20E101/SF1-50,52,अ,52,1000000.0,1000000.0,प्रभाग क्र.५२ अ विविध ठिकाणी पावसाळी लाईनचे चेंबर दुरूस्ती व बदलणे
2016-17,CE20E101/SF1-51,53,ब,53,1500000.0,1500000.0,प्रभाग क्र. ५३ ब मध्ये विविध ठिकाणी पावसाळी लाईन टाकणे
2016-17,CE20E101/SF1-52,53,ब,53,1500000.0,1500000.0,"प्रभाग क्र. ५३ ब मध्ये सरितानगरी, नवश्या मारुती परिसरात विविध ठिकाणी पावसाळी लाईन टाकणे"
2016-17,CE20E101/SF1-53,54,अ,54,1500000.0,1500000.0,प्रभाग क्र.५४ अ मध्ये पावसाळी लाईन टाकणे.
2016-17,CE20E101/SF1-54,58,अ,58,2000000.0,2000000.0,प्रभाग क्र. ५८ अ मधील शुक्रवार पेठेमध्ये सुभाषनगर परिसरामध्ये पावसाळी लाईन टाकणे.
2016-17,CE20E101/SF1-55,58,ब,58,1000000.0,1000000.0,प्रभाग क्र. ५८ ब हिराबाग चौक ते देशमुख हॉस्पिटल रस्ता पावसाळी लाईन टाकणे.
2016-17,CE20E101/SF1-56,59,ब,59,1000000.0,1000000.0,प्रभाग क्र.५९ ब मध्ये बंद पडलेली पावसाळी लार्इन विविध ठिकाणी नवीन टाकणे व दुरूस्ती विषयक कामे करणे
2016-17,CE20E101/SF1-57,61,अ,61,3000000.0,3000000.0,"प्रभाग क्र. ६१अ सह्याद्री पार्क, आनंद पुरम इ. परिसरात पावसाळी नलिका विकसित करणे"
2016-17,CE20E101/SF1-58,62,अ,62,1000000.0,1000000.0,"प्रभाग क्र. ६२ अ कोंढवा बु! मध्ये,विविध ठिकाणी पावसाळी लाईन टकाणे."
2016-17,CE20E101/SF1-59,62,ब,62,2000000.0,2000000.0,प्रभाग क्र.62 ब कोंढवा बु.मधील परिसरात विविध ठिकाणी पावसाळी लार्इन टाकणे
2016-17,CE20E101/SF1-60,63,अ,63,1000000.0,1000000.0,प्रभाग क्र. ६३ अ मध्ये चेंबर दुरूस्ती व पावसाळी लाईन दुरूस्ती करणे
2016-17,CE20E101/SF1-61,63,अ,63,1000000.0,1000000.0,प्रभाग क्र. ६३ अ मध्ये कुमार पृथ्वी ते युनिटी पार्क येथे पावसाळी लाईन टाकणे
2016-17,CE20E101/SF1-62,63,ब,63,2000000.0,2000000.0,प्रभाग क्र.६३ ब मध्ये विविध ठिकाणी पावसाळी लाईन टाकणे
2016-17,CE20E101/SF1-63,64,ब,64,1000000.0,1000000.0,प्र.क्र. ६४ ब मध्ये गोल्डन बेकरी ते पुनावाला गार्डन पावसाळी लाईन दुरूस्ती करणे.
2016-17,CE20E101/SF1-64,65,अ,65,1000000.0,1000000.0,प्रभाग क्र. ६५ अ मनपा कॉलनी क्र. ८ व ९ मध्ये पावसाळी ड्रेनेज लाईन टाकणे
2016-17,CE20E101/SF1-65,67,अ,67,1000000.0,1000000.0,प्रभाग क्रं.६७ अ सारंग सोसायटी येथे पावसाळी लाईन टाकणे.
2016-17,CE20E101/SF1-66,67,ब,67,4000000.0,4000000.0,प्रभाग क्र.६७ ब मध्ये विविध ठिकाणी पावसाळी लाईन टाकणे
2016-17,CE20E101/SF1-67,67,ब,67,1000000.0,1000000.0,प्रभाग क्र.६७ ब मध्ये शिवदर्शन परिसरात पावसाळी लाईन टाकणे
2016-17,CE20E101/SF1-68,69,ब,69,1500000.0,1500000.0,प्रभाग क्र. ६९ ब मध्ये विविध ठिकाणी पावसाळी लाईन विषयक कामे करणे
2016-17,CE20E101/SF1-69,69,ब,69,1500000.0,1500000.0,प्रभाग क्र. ६९ ब मध्ये पांचाळ वस्ती भागामध्ये ड्रेनेज व पावसाळी लाईन टाकणे
2016-17,CE20E101/SF1-70,69,ब,69,2000000.0,2000000.0,प्रभाग क्र. ६९ ब मध्ये विविध ठिकाणी पावसाळी लाईन टाकणे
2016-17,CE20E101/SF1-71,70,ब,70,1000000.0,1000000.0,प्रभाग क्र.७० ब मध्ये विविध ठिकाणी पावसाळी लाईन टाकणे.
2016-17,CE20E101/SF1-72,71,ब,71,1000000.0,1000000.0,प्रभाग क्र. ७१ ब मध्ये संगम सोसायटीत पावसाळी लाईन टाकणे
2016-17,CE20E101/SF1-73,71,ब,71,1000000.0,1000000.0,प्रभाग क्र. ७१ ब बिबवेवाडी ओटा येथे पावसाळी लाईन टाकणे
2016-17,CE20E101/SF1-74,72,अ,72,1000000.0,1000000.0,प्रभाग क्र. ७२ अ निलसागर सोसायटी मेन रोड वरील पावसाळी लाईन टाकणे
2016-17,CE20E101/SF1-75,72,अ,72,1000000.0,1000000.0,प्रभाग क्र. ७२ अ चिंतामणी ते महेश सोसायटी चौक पावसाळी लाईन टाकणे
2016-17,CE20E101/SF1-76,72,अ,72,1000000.0,1000000.0,प्रभाग क्र. ७२ अ व्हि.आय.टी. कॉलेज ते २७६ ओटा पावसाळी लाईन टाकणे
2016-17,CE20E101/SF1-77,72,अ,72,1000000.0,1000000.0,प्रभाग क्र. ७२ अ विविध ठिकाणी पावसाळी लाईन टाकणे
2016-17,CE20E101/SF1-78,73,ब,73,2000000.0,2000000.0,प्रभाग क्र. ७३ ब मध्ये विविध ठिकाणी पावसाळी लाईन टाकणे व झाकणे बदलणे
2016-17,CE20E101/SF1-79,74,अ,74,2000000.0,2000000.0,प्रभाग क्र.७४ अ विविध ठिकाणी पावसाळी लाईन टाकणे व दुरूस्ती करणे
2016-17,CE20E101/SF1-80,75,अ,75,1000000.0,1000000.0,प्रभाग क्र. ७५ अ मध्ये विविध ठिकाणी पावसाळी लाईन टाकणे
2016-17,CE20E101/SF1-81,76,अ,76,1000000.0,1000000.0,प्रभाग क्र. ७६ अ मधील सुखसागर नगर येथे स्ट्रॉम वॉटर लाईन टाकणे
2016-17,CE20E101/SF1-82,76,ब,76,1000000.0,1000000.0,प्रभाग क्र. ७६ ब मध्ये वरखडेनगर ते प्रशांत फाटे यांच्या दुकानापर्यंत डोंगराच्या कडेने पावसाळी लार्इन टाकणे
2016-17,CE20E101/SF1-83,13,ब,13,5000000.0,5000000.0,प्रभाग क्र. १३ ब मधील संगमवाडी मध्ये पावसाळी लाईन टाकणे
2016-17,CE20E101/SF1-84,13,ब,13,3000000.0,3000000.0,प्रभाग क्र. १३ ब मध्ये नरवीर तानाजी वाडी येथे पावसाळी लाईन टाकणे
2017-18,CE20E101/SF1-101,1,अ,,1000000.0,1000000.0,"प्रभाग क्र.1 अ,कळस धानोरी मध्ये विविध ठिकाणी पावसाळी लाईन दुरुस्ती करणे व साफसफाई करणे."
2017-18,CE20E101/SF1-102,1,ड,,1000000.0,1000000.0,प्रभाग क्र. 1 ड (कळस-धानोरी) मधील मुंजाबावस्ती परिसरात पावसाळी लाईन टाकणे
2017-18,CE20E101/SF1-103,1,ड,,1000000.0,1000000.0,प्रभाग क्र. 1 ड (कळस-धानोरी) मधील भैरवनगर परिसरात पावसाळी लाईन टाकणे
2017-18,CE20E101/SF1-104,1,ड,,1000000.0,1000000.0,प्रभाग क्र. 1 ड (कळस-धानोरी) मधील धानोरी परिसरात पावसाळी लाईन टाकणे
2017-18,CE20E101/SF1-105,1,ड,,1000000.0,1000000.0,प्रभाग क्र. 1 ड (कळस-धानोरी) मधील विश्रांतवाडी परिसरात पावसाळी लाईन टाकणे
2017-18,CE20E101/SF1-106,1,ड,,1000000.0,1000000.0,प्रभाग क्र. 1 ड (कळस-धानोरी) मधील कळस परिसरात पावसाळी लाईन टाकणे
2017-18,CE20E101/SF1-107,1,ड,,1000000.0,1000000.0,प्रभाग क्र. 1 ड (कळस-धानोरी) मध्ये विविध ठिकाणी पावसाळी लाईन टाकणे
2017-18,CE20E101/SF1-108,2,ब,,1000000.0,1000000.0,"प्रभाग क्र.2 ब मधील चंद्रमानगरर,पंचशिलनगर,हिरामण मोझे नगर, इंदिरानगर येथील पावसाळी लाईन दुरुस्ती व साफसफाई करणे"
2017-18,CE20E101/SF1-109,3,क,,1000000.0,1000000.0,प्रभाग क्र.3 क विविध ठिकाणी पावसाळी लाईन टाकणे
2017-18,CE20E101/SF1-110,5,अ,,1000000.0,1000000.0,प्रभाग क्र 5 अ मधील वाडेश्वर नगर गल्ली नं.3 जॉन फर्नाडीस यांचे घरापासून ते जुना मुंढवा रस्त्यापर्यत पावसाळी लाईन टाकणे
2017-18,CE20E101/SF1-111,5,क,,2000000.0,2000000.0,प्रभाग क्र 5 क आनंदपार्क बस स्टॉप ते जुना मुंढवा रस्ता व विविध ठिकाणी पावसाळी लाईन टाकणे
2017-18,CE20E101/SF1-112,5,ड,,1000000.0,1000000.0,प्रभाग क्र 5 ड आनंदपार्क बस स्टॉप ते जुना मुंढवा रस्ता पावसाळी लाईन टाकणे
2017-18,CE20E101/SF1-113,6,क,,1000000.0,1000000.0,प्रभाग क्र 6 क मधील क्रांतीवीर लहूजी वस्ताद सभागृह ते लक्ष्मीनगर पोलीस चौकी पर्यत पावसाळी लाईन बदलणे
2017-18,CE20E101/SF1-114,7,ब,,1000000.0,1000000.0,प्रभाग क्र.7 ब मध्ये सकाळनगर व बाणेर रोड परिसरात पावसाळी लाईन टाकणे
2017-18,CE20E101/SF1-115,7,ब,,1000000.0,1000000.0,प्रभाग क्र.7 ब मध्ये न.ता.वाडी परिसरात पावसाळी लाईन टाकणे.
2017-18,CE20E101/SF1-116,7,ब,,1000000.0,1000000.0,प्रभाग क्र.7 ब मध्ये पाटील इस्टेट झोपडपट्टी आणि अश्विनीनगर परिसरात पावसाळी लाईन टाकणे.
2017-18,CE20E101/SF1-117,7,क,,1000000.0,1000000.0,प्रभाग क्र.7 क मध्ये विविध ठिकाणी पावसाळी लाईन टाकणे
2017-18,CE20E101/SF1-118,8,अ,,1000000.0,1000000.0,"प्रभाग क्र. 8 अ भाऊ पाटील चाळ, गोपी चाळ येथे पावसाळी लाईन टाकणे"
2017-18,CE20E101/SF1-119,10,अ,,1000000.0,1000000.0,प्रभाग क्र.10 अ मध्ये विविध ठिकाणी पावसाळी लाईन टाकणे
2017-18,CE20E101/SF1-120,10,ब,,2000000.0,2000000.0,प्रभाग क्र.10 ब मध्ये विविध ठिकाणी पावसाळी लाईन टाकणे
2017-18,CE20E101/SF1-121,10,ब,,1000000.0,1000000.0,प्रभाग क्र.10 ब मध्ये जिजाई गार्डन परिसरात पावसाळी लाईन टाकणे
2017-18,CE20E101/SF1-122,11,अ,,1000000.0,1000000.0,"प्रभाग क्र.11अ, मध्ये झोपडपट्टी परिसरात विविध ठिकाणी मोठया व्यासाच्या पावसाळी लाईन टाकणे."
2017-18,CE20E101/SF1-123,11,अ,,1000000.0,1000000.0,"प्रभाग क्र.11अ, मध्ये सोसायट्या परिसरात विविध ठिकाणी मोठया व्यासाच्या पावसाळी लाईन टाकणे."
2017-18,CE20E101/SF1-124,11,ब,,1000000.0,1000000.0,"प्रभाग क्र.11 ब, जयभवानीनगर येथे मुख्य रस्ता पावसाळी गटार लाईन टाकणे"
2017-18,CE20E101/SF1-125,11,ब,,1000000.0,1000000.0,"प्रभाग क्र.11 ब, मध्ये पावसाळी गटार लाईन दुरूस्तीविषयक कामे करणे."
2017-18,CE20E101/SF1-126,11,ड,,1000000.0,1000000.0,"प्रभाग क्र.11 ड, मधील विविध ठिकाणच्या पावसाळी लाईन साफ करणे तसेच डोंगरभागातील वाहून आलेला राडारोडा उचलणे."
2017-18,CE20E101/SF1-127,12,अ,,1000000.0,1000000.0,"प्रभाग क्र12 अ, मध्ये विविध ठिकाणच्या पावसाळी गटारांची साफसफाई करणे."
2017-18,CE20E101/SF1-128,12,ब,,500000.0,500000.0,प्रभाग क्र12 ब मध्ये विविध ठिकाणची पावसाळी लाईन साफसफाई करणे.
2017-18,CE20E101/SF1-129,12,क,,4000000.0,4000000.0,प्रभाग क्रं.12 क मध्ये विविध ठिकाणी पावसाळी पाण्याची लाईन टाकणे
2017-18,CE20E101/SF1-130,12,क,,3000000.0,3000000.0,प्रभाग क्रं.12 क मध्ये लक्ष्मीनगर येथे पावसाळी लाईन टाकणे.
2017-18,CE20E101/SF1-131,12,क,,3000000.0,3000000.0,प्रभाग क्रं.12 क मध्ये गुजरात कॉलनी शास्त्रीनगर भागात पावसाळी पाण्याची लाईन टाकणे
2017-18,CE20E101/SF1-132,13,अ,,1000000.0,1000000.0,प्रभाग क्र.१३अ मध्ये विविध ठिकाणी पावसाळी लाईन पावसाळ्यापूर्वी जेटिंग मशीनच्या सहाय्याने स्वच्छ करणे व तदनुषंगिक कामे करणे.
2017-18,CE20E101/SF1-133,13,ड,,2000000.0,2000000.0,"प्रभाग क्र.13ड, विविध ठिकाणी पावसाळी गटारे बांधणे."
2017-18,CE20E101/SF1-134,13,ड,,500000.0,500000.0,"प्रभाग क्र.13ड, हॅपी कॉलनी लेन नं.1 ते 4 पावसाळी गटारे बांधणे"
2017-18,CE20E101/SF1-135,14,क,,1000000.0,1000000.0,"प्रभाग क्र.14क, मधील हनुमान टेकडी तसेच इतर टेकडी परिसराच्या जागी पावसाळी पाणी वाया जाऊ नये म्हणून रेन वॉटर हार्वेस्टींग प्रकल्प राबविणे."
2017-18,CE20E101/SF1-136,14,ड,,1000000.0,1000000.0,"प्रभाग क्र.14ड, मध्ये विविध ठिकाणी पावसाळी लाईन टाकणे"
2017-18,CE20E101/SF1-137,14,ड,,1000000.0,1000000.0,"प्रभाग क्र.14ड, मध्ये दीप बंगला चौक ते थोरात चौक पावसाळी लाईन टाकणे"
2017-18,CE20E101/SF1-138,14,ड,,1000000.0,1000000.0,"प्रभाग क्र.14ड, मधील आपटे रोड परिसरामध्ये पावसाळी लाईन टाकणे."
2017-18,CE20E101/SF1-139,15,अ,,1000000.0,1000000.0,"प्रभाग क्र.15अ, मध्ये शनिवार पेठ परिसरात व प्रभागात इतरत्र पावसाळी लाईन देखभाल दुरूस्ती विषयक कामे करणे व नव्याने लाईन टाकणे"
2017-18,CE20E101/SF1-140,15,अ,,1000000.0,1000000.0,"प्रभाग क्र.15अ, मध्ये शुक्रवार पेठ परिसरात व प्रभागात इतरत्र पावसाळी लाईन देखभाल दुरूस्ती विषयक कामे करणे व नव्याने लाईन टाकणे"
2017-18,CE20E101/SF1-141,15,अ,,1000000.0,1000000.0,"प्रभाग क्र.15अ, मध्ये बुधवार पेठ परिसरात व प्रभागात इतरत्र पावसाळी लाईन देखभाल दुरूस्ती विषयक कामे करणे व नव्याने लाईन टाकणे"
2017-18,CE20E101/SF1-142,15,अ,,1000000.0,1000000.0,"प्रभाग क्र.15अ, मध्ये सुभाषनगर पेठ परिसरात व प्रभागात इतरत्र पावसाळी लाईन देखभाल दुरूस्ती विषयक कामे करणे व नव्याने लाईन टाकणे"
2017-18,CE20E101/SF1-143,15,ब,,1000000.0,1000000.0,"प्रभाग क्र.15ब, मध्ये नारायण पेठ परिसरात व प्रभागात इतरत्र पावसाळी लाईन देखभाल दुरूस्ती विषयक कामे करणे व नव्याने लाईन टाकणे."
2017-18,CE20E101/SF1-144,15,ब,,1000000.0,1000000.0,"प्रभाग क्र.15ब, मध्ये सदाशिव पेठ परिसरात व प्रभागात इतरत्र पावसाळी लाईन देखभाल दुरूस्ती विषयक कामे करणे व नव्याने लाईन टाकणे."
2017-18,CE20E101/SF1-145,15,ब,,1000000.0,1000000.0,"प्रभाग क्र.15ब, मध्ये शनिवार पेठ परिसरात व प्रभागात इतरत्र पावसाळी लाईन देखभाल दुरूस्ती विषयक कामे करणे व नव्याने लाईन टाकणे."
2017-18,CE20E101/SF1-146,15,ब,,1000000.0,1000000.0,"प्रभाग क्र.15ब, मध्ये शुक्रवार पेठ परिसरात व प्रभागात इतरत्र पावसाळी लाईन देखभाल दुरूस्ती विषयक कामे करणे व नव्याने लाईन टाकणे."
2017-18,CE20E101/SF1-147,15,ब,,1000000.0,1000000.0,"प्रभाग क्र.15ब, मध्ये बुधवार पेठ परिसरात व प्रभागात इतरत्र पावसाळी लाईन देखभाल दुरूस्ती विषयक कामे करणे व नव्याने लाईन टाकणे."
2017-18,CE20E101/SF1-148,15,ब,,1000000.0,1000000.0,"प्रभाग क्र.15ब, मध्ये सुभाषनगर परिसरात व प्रभागात इतरत्र पावसाळी लाईन देखभाल दुरूस्ती विषयक कामे करणे व नव्याने लाईन टाकणे."
2017-18,CE20E101/SF1-149,16,क,,500000.0,500000.0,"प्रभाग क्र.16क, पारगे चौक ते हॉटेल पद्मकृष्णा पावसाळी गटार टाकणे"
2017-18,CE20E101/SF1-150,16,ड,,1000000.0,1000000.0,"प्रभाग क्र.16ड, मध्ये ड्रेनेज चेंबर व पावसाळी लाईन दुरूस्ती करणे."
2017-18,CE20E101/SF1-151,17,अ,,1000000.0,1000000.0,"प्रभाग क्र.17 अ, मध्ये विविध ठिकाणी पावसाळी लाईन टाकणे."
2017-18,CE20E101/SF1-152,17,क,,1000000.0,1000000.0,"प्रभाग क्र.17 क, मध्ये विविध ठिकाणी पावसाळी लाईन टाकणे"
2017-18,CE20E101/SF1-153,17,ड,,500000.0,500000.0,"प्रभाग क्र.17 ड, मधील विविध ठिकाणी रस्त्यामधील खाली गेलेली पावसाळी गटाराचे चेंबर समपातळीवर उचलणे"
2017-18,CE20E101/SF1-154,18,अ,,2000000.0,2000000.0,"प्रभाग क्र.18अ, मध्ये जैन मंदिर ते रामोशी गेट पावसाळी लाईन टाकणे."
2017-18,CE20E101/SF1-155,18,अ,,2000000.0,2000000.0,"प्रभाग क्र.18अ, मध्ये कृष्णाहट्टी चौक ते फुलवाला चौक पावसाळी लाईन टाकणे"
2017-18,CE20E101/SF1-156,18,ब,,1000000.0,1000000.0,"प्रभाग क्र.18ब, जैन मंदिर ते रामोशी गेट पर्यंत पावसाळी लाईन दुरूस्त करणे किंवा नवीन टाकणे"
2017-18,CE20E101/SF1-157,18,क,,1000000.0,1000000.0,"प्रभाग क्र.18क, घोरपडे पेठ परिसरात विविध ठिकाणी पावसाळी लाईन टाकणे व तद्‌नुषंगिक कामे करणे."
2017-18,CE20E101/SF1-158,18,क,,1000000.0,1000000.0,"प्रभाग क्र.18क, गुरूवार पेठ परिसरात विविध ठिकाणी पावसाळी लाईन टाकणे व तद्‌नुषंगिक कामे करणे."
2017-18,CE20E101/SF1-159,19,ब,,1000000.0,1000000.0,"प्रभाग क्र.19ब, मध्ये क्षेत्रिय कार्यालय ते लडकत पेट्रोल पंप नेहरू रोड पर्यंत पावसाळी लाईन टाकणे व व तद्‌नुषंगिक कामे करणे"
2017-18,CE20E101/SF1-160,19,ब,,1000000.0,1000000.0,"प्रभाग क्र.19ब, मध्ये क्षेत्रिय कार्यालयालगत सुलभ शौचालाय नवा रोड ते नेहरू रोड पर्यंत पावसाळी लाईन टाकणे व व तद्‌नुषंगिक कामे करणे"
2017-18,CE20E101/SF1-161,19,ब,,1000000.0,1000000.0,"प्रभाग क्र.19ब, मध्ये ए.डी.कॅम्प चौक ते भवानी माता मंदिर चौक पावसाळी लाईन टाकणे व तद्‌नुषंगिक कामे करणे"
2017-18,CE20E101/SF1-162,19,क,,1000000.0,1000000.0,"प्रभाग क्र.19क, पावसाळी जाळ्या बदलणे"
2017-18,CE20E101/SF1-163,20,अ,,1000000.0,1000000.0,"प्रभाग क्र.20 अ, मध्ये विशाल अपार्टमेंट ते जुना मोटार स्टँड चौक पावसाळी लाईन टाकणे"
2017-18,CE20E101/SF1-164,20,ब,,1000000.0,1000000.0,"प्रभाग क्र.20 ब, मध्ये विविध ठिकाणी पावसाळी लाईन टाकणे"
2017-18,CE20E101/SF1-165,21,क,,2000000.0,2000000.0,"प्रभाग क्र.21क, बोट क्लब मंडळ रस्त्यावर पावसाळी गटार टाकणे."
2017-18,CE20E101/SF1-166,23,अ,,1000000.0,1000000.0,"प्रभाग क्र.23 अ, स.नं.311 ससाणेनगर रेल्वे लाईनच्या पूर्व पश्चिम रेल्वे गेट ते डी पी रोड पर्यत पावसाळी 36 इंची लाईन टाकणे"
2017-18,CE20E101/SF1-167,23,अ,,1000000.0,1000000.0,"प्रभाग क्र.23 अ, हडपसर गावठाणामध्ये विविध ठिकाणी 24 इंची पावसाळी गटार लाईन टाकणे"
2017-18,CE20E101/SF1-168,23,अ,,1000000.0,1000000.0,"प्रभाग क्र.23 अ, ससाणेनगर रोड ते हिंगणेमळा स.नं.81,82 मधील कॅनॉलच्या कडेने 24 इंची पावसाळी गटार लाईन टाकणे"
2017-18,CE20E101/SF1-169,23,अ,,1000000.0,1000000.0,"प्रभाग क्र.23 अ, वेताळबाबा झो.पट्टी गाडीतळ याठिकाणी 36 इंची कॅनॉल व ग्लायडिंग सेंटरच्या उत्तर बाबजूने पूर्व पश्चिम पावसाळी लाईन टाकणे"
2017-18,CE20E101/SF1-170,23,ब,,1000000.0,1000000.0,प्रभाग क्र.23 ब मध्ये विविध ठिकाणी पावसाळी लाईन टाकणे.
2017-18,CE20E101/SF1-171,23,क,,4000000.0,4000000.0,"प्रभाग क्र.23 क, काळे पडळ येथे पावसाळी लाईन टाकणे"
2017-18,CE20E101/SF1-172,23,ड,,1000000.0,1000000.0,प्रभाग क्र.23 ड मध्ये विविध ठिकाणी पावसाळी लाईन टाकणे व दुरुस्त करणे
2017-18,CE20E101/SF1-173,26,क,,1000000.0,1000000.0,प्रभाग क्र.26 क मध्ये विविध ठिकाणी पावसाळी लाईन विकसित करणे
2017-18,CE20E101/SF1-174,26,ड,,1000000.0,1000000.0,प्रभाग क्र.26 ड उंड्री चौक येथे टकले बिल्डींग जवळ समोरील रस्त्यावर पावसाळी लाईन टाकणे व रोड तयार करणे
2017-18,CE20E101/SF1-175,27,अ,,1000000.0,1000000.0,प्रभाग क्र.27 अ मध्ये विविध ठिकाणी पावसाळी लाईन साफसफाई व दुरुस्ती करणे
2017-18,CE20E101/SF1-176,27,क,,1000000.0,1000000.0,प्रभाग क्र.27 क मध्ये जे के पार्क व विविध ठिकाणी पावसाळी लाईन टाकणे
2017-18,CE20E101/SF1-177,28,ड,,1000000.0,1000000.0,"प्रभाग क्र.28ड, मध्ये विविध ठिकाणी पावसाळी लाईन , साफसफाई करणे व दुरूस्ती करणे."
2017-18,CE20E101/SF1-178,28,ड,,1000000.0,1000000.0,"प्रभाग क्र.28ड,ऋतुराज सोसायटीमध्ये गल्ली क्र.1 ते 6 मध्ये पावसाळी लाईन टाकणे"
2017-18,CE20E101/SF1-179,28,ड,,1000000.0,1000000.0,"प्रभाग क्र.28ड, मध्ये ऋतुराज सोसायटी मध्ये गल्ली क्र.4 मध्ये पावसाळी लाईन टाकणे"
2017-18,CE20E101/SF1-180,30,ड,,1000000.0,1000000.0,"प्रभाग क्र.30 ड, गल्ली क्र.90 ते 100 पावसाळी लाईन टाकणे"
2017-18,CE20E101/SF1-181,31,ब,,1000000.0,1000000.0,"प्रभाग क्र.31 ब, समर्थ सोसायटीमध्ये पावसाळी लाईन विकसित करणे."
2017-18,CE20E101/SF1-182,31,क,,1000000.0,1000000.0,"प्रभाग क्र.31 क, स.नं.5 स्वेदगंगा सोसायटीमधून आलेली पावसाळी लाईन मुख्य रस्ता पावसाळी लाईनला जोडणे."
2017-18,CE20E101/SF1-183,31,क,,1000000.0,1000000.0,"प्रभाग क्र.31 क, पावसाळी लाईन सुधारणा करणे व मुख्य लाईनला जोडणे"
2017-18,CE20E101/SF1-184,31,क,,1000000.0,1000000.0,"प्रभाग क्र.31 क, तिरूपतीनगर, आकाशनगर येथे पावसाळी लाईन कुलकर्णी हॉस्पीटल जवळ लाईनला जोडणे"
2017-18,CE20E101/SF1-185,31,क,,1000000.0,1000000.0,"प्रभाग क्र.31 क, स.नं.144 व 4 कॅनॉल रस्ता, जनसेवा बेकरी, मोरया हाईटस्‌ येथील पावसाळी लाईन ओढयाला जोडणे."
2017-18,CE20E101/SF1-186,31,ड,,1000000.0,1000000.0,प्रभाग क्रं.31 ड कर्वेनगर मधील पावसाळी लाईन साफ करणे व चेंबर दुरुस्त करणे
2017-18,CE20E101/SF1-187,31,ड,,1000000.0,1000000.0,प्रभाग क्रं.31 ड कर्वेनगर शाहु कॅालनी येथील पावसाळी लाईन साफ करणे
2017-18,CE20E101/SF1-188,31,ड,,1000000.0,1000000.0,प्रभाग क्रं.31 ड कर्वेनगर हिंगणे होम कॅालनी व इतर परिसरामध्ये पावसाळी लाईन करणे
2017-18,CE20E101/SF1-189,32,क,,1000000.0,1000000.0,"प्रभाग क्र.32क, विविध ठिकाणी पावसाळी लाईन टाकणे."
2017-18,CE20E101/SF1-190,33,अ,,4000000.0,4000000.0,"प्रभाग क्रं.33 अ वडगाव बु.निवृत्तीनगर, चरवडवाडी, घुलेनगर, भैरवनगर मंदिर, विविध भागा रेनवॉटर लाईन टाकणे."
2017-18,CE20E101/SF1-191,33,अ,,1000000.0,1000000.0,"प्रभाग क्रं.33 अ वडगाव बुद्रुक जाधवनगर, गोसावी वस्ती, विकासनगर, रायगडनगर, शांतीनगर येथे पावसाळी लाईन टाकणे."
2017-18,CE20E101/SF1-192,33,अ,,1000000.0,1000000.0,"प्रभाग क्रं.33 अ वडगाव बुद्रुक हॅपी कॉलनी, किर्तीनगर, रेणुकानगरी, हगवणेनगर, दांगट गार्डन परिसरात पावसाळी लाईन टाकणे."
2017-18,CE20E101/SF1-193,33,अ,,1700000.0,1700000.0,"प्रभाग क्रं.33 अ वडगाव गावठाण, पाऊजाईनगर, तोरणानगर, यशोदाकृष्ण बंगला परिसरात पावसाळी लाईन विकसित करणे."
2017-18,CE20E101/SF1-194,33,अ,,1000000.0,1000000.0,"प्रभाग क्रं.33 अ जुना हायवे टोलनाका, दांगटपाटीलनगर, पाऊजाई मंदिर मागील भाग, आशिर्वाद हॉटेल परिसर, समर्थनगर परिसरात पावसाळी लाईन विकसित करणे."
2017-18,CE20E101/SF1-195,33,ब,,1000000.0,1000000.0,"प्रभाग क्र.33 ब, वडगांव बु.परिसरात पावसाळी साफसफाई करणे व दुरूस्ती करणे."
2017-18,CE20E101/SF1-196,33,ब,,1000000.0,1000000.0,"प्रभाग क्र.33 ब, अभिरूची मॉल ( भिडेवस्ती ) पावसाळी लाईन टाकणे."
2017-18,CE20E101/SF1-197,33,क,,1000000.0,1000000.0,"प्रभाग क्र.33 क, मध्ये चरवडवस्ती परिसरात विविध ठिकाणी पावसाळी लाईन टाकणे."
2017-18,CE20E101/SF1-198,33,क,,1000000.0,1000000.0,"प्रभाग क्र.33 क, मध्ये कॉलेज रोड परिसरात विविध ठिकाणी पावसाळी लाईन टाकणे"
2017-18,CE20E101/SF1-199,33,क,,1000000.0,1000000.0,"प्रभाग क्र.33 क, मध्ये वडगाव बु.परिसरातील पावसाळी लाईन साफ करणे व दुरूस्ती करणे"
2017-18,CE20E101/SF1-200,33,ड,,2000000.0,2000000.0,"प्रभाग क्र.33ड, मध्ये भिडेवाडी परिसरात पावसाळी लाईन टाकणे."
2017-18,CE20E101/SF1-201,34,अ,,1000000.0,1000000.0,"प्रभाग क्र.34 अ, हिंगणे चौक ते गोयल गंगा पर्यंत मुख्य रस्त्यावरील व पावसाळी चेंबर दुरूस्त करणे व जाळ्या चेंबर कव्हर बदलणे."
2017-18,CE20E101/SF1-202,34,क,,1000000.0,1000000.0,प्रभाग क्र.34 क मध्ये स्टार गार्डन ते सौरभ गार्डन परिसरात पावसाळी गटार करणे
2017-18,CE20E101/SF1-203,34,क,,1000000.0,1000000.0,प्रभाग क्र.34 क मध्ये विठ्ठल पार्क परिसरात पावसाळी गटार करणे
2017-18,CE20E101/SF1-204,34,क,,1000000.0,1000000.0,प्रभाग क्र.34 क मध्ये समर्थ पार्क परिसरात पावसाळी लाईन टाकणे
2017-18,CE20E101/SF1-205,34,क,,1000000.0,1000000.0,प्रभाग क्र.34 क मध्ये आनंदनगर परिसरात पावसाळी लाईन विषयक कामे करणे
2017-18,CE20E101/SF1-206,34,क,,1000000.0,1000000.0,प्रभाग क्र.34 क मध्ये विविध ठिकाणी पावसाळी लाईन विषयक कामे करणे
2017-18,CE20E101/SF1-207,34,ड,,1000000.0,1000000.0,"प्रभाग क्र.34 ड, एकतानगरी परिसरामध्ये विविध ठिकाणी पावसाळी लाईन टाकणे"
2017-18,CE20E101/SF1-208,34,ड,,1000000.0,1000000.0,"प्रभाग क्र.34 ड, आनंदनगर परिसरामध्ये विविध ठिकाणी पावसाळी लाईन टाकणे"
2017-18,CE20E101/SF1-209,34,ड,,1000000.0,1000000.0,"प्रभाग क्र.34 ड, सन एम्पायर परिसरामध्ये विविध ठिकाणी पावसाळी लाईन टाकणे"
2017-18,CE20E101/SF1-210,34,ड,,1000000.0,1000000.0,"प्रभाग क्र.34 ड, भाऊसाहेब चरवडनगर परिसरामध्ये विविध ठिकाणी पावसाळी लाईन टाकणे."
2017-18,CE20E101/SF1-211,34,ड,,1000000.0,1000000.0,"प्रभाग क्र.34 ड, शशितारा विहार परिसरामध्ये विविध ठिकाणी पावसाळी लाईन टाकणे."
2017-18,CE20E101/SF1-212,34,ड,,1000000.0,1000000.0,"प्रभाग क्र.34 ड, सुंदर गार्डन, कुदळे पाटील टाऊनशिप परिसरामध्ये विविध ठिकाणी पावसाळी लाईन टाकणे."
2017-18,CE20E101/SF1-213,35,अ,,2000000.0,2000000.0,"प्रभाग क्र.35 अ, विविध ठिकाणी पावसाळी लाईन टाकणे"
2017-18,CE20E101/SF1-214,36,अ,,1000000.0,1000000.0,"प्रभाग क्र.36 अ, मध्ये विविध ठिकाणी पावसाळी लाईन टाकणे"
2017-18,CE20E101/SF1-215,36,क,,1000000.0,1000000.0,"प्रभाग क्र.36 क, मध्ये विविध ठिकाणी पावसाळी लाईन टाकणे."
2017-18,CE20E101/SF1-216,36,ड,,1000000.0,1000000.0,"प्रभाग क्र.36 ड,मध्ये संगम सोसायटी परिसरातील पावसाळी लाईन टाकणे."
2017-18,CE20E101/SF1-217,37,अ,,1000000.0,1000000.0,"प्रभाग क्र.37 अ, पावसाळी लाईनची तद्‌नुषंगिक कामे करणे."
2017-18,CE20E101/SF1-218,37,ब,,1000000.0,1000000.0,"प्रभाग क्र.37 ब, जागडेनगर ते पुष्पम कॉलनी मेनरोड पावसाळी लाईन टाकणे"
2017-18,CE20E101/SF1-219,37,ब,,1000000.0,1000000.0,"प्रभाग क्र.37 ब, विविध ठिकाणी मेनरोड पावसाळी लाईन टाकणे"
2017-18,CE20E101/SF1-220,38,अ,,1000000.0,1000000.0,"प्रभाग क्र.38 अ, येथे पावसाळी लाईन साफसफाई करणे दुरूस्ती करणे."
2017-18,CE20E101/SF1-221,38,अ,,1000000.0,1000000.0,"प्रभाग क्र.38 अ, विविध ठिकाणी स्ट्रॉम वॉटर लाईन टाकणे"
2017-18,CE20E101/SF1-222,38,ब,,1000000.0,1000000.0,"प्रभाग क्र.38 ब, शेलारमळा गुजरवस्ती परिसरात पावसाळी गटार टाकणे"
2017-18,CE20E101/SF1-223,38,ब,,1000000.0,1000000.0,"प्रभाग क्र.38 ब, राजस सोसायटी परिसरात पावसाळी गटार टाकणे"
2017-18,CE20E101/SF1-224,38,ब,,1000000.0,1000000.0,"प्रभाग क्र.38 ब, उत्कर्ष सोसायटी परिसरात जुने पावसाळी चेंबर काढून नवीन लाईन टाकणे"
2017-18,CE20E101/SF1-225,38,ड,,1000000.0,1000000.0,"प्रभाग क्र.38ड, मधील चिंतामणी हॉटेल मागील रस्त्यावर पावसाळी लाईन टाकणे"
2017-18,CE20E101/SF1-226,40,अ,,500000.0,500000.0,"प्रभाग क्र. 40अ, मध्ये संतोषनगर गल्ली क्र.7 येथे पावसाळी लाईन टाकणे"
2017-18,CE20E101/SF1-227,40,क,,1000000.0,1000000.0,"प्रभाग क्र. 40क, दत्तविहार सोसायटी ते धीरज इंजिनिअरींग रोड पावसाळी लाईन टाकणे व तद्‌नुषंगिक कामे करणे."
2017-18,CE20E101/SF1-228,40,ड,,5000000.0,5000000.0,"प्रभाग क्र. 40ड, अंजलीनगर परिसरात पावसाळी लाईन टाकणे"
2017-18,CE20E101/SF1-229,40,ड,,2000000.0,2000000.0,"प्रभाग क्र. 40ड, कात्रज संतोषनगर एम.आय.टी.परिसरात स्ट्रॉम वॉटर लाईन टाकणे"
2017-18,CE20E101/SF1-230,40,ड,,2000000.0,2000000.0,"प्रभाग क्र. 40ड, मातोश्री मित्र मंडळ दत्तनगर गवळीवाडा येथे पावसाळी लाईन टाकणे"
2017-18,CE20E101/SF1-231,40,ड,,5000000.0,5000000.0,"प्रभाग क्र. 40ड, संतोषनगर अंजलीनगर अमोल बोबे यांच्या घराजवळ स्ट्रॉम वॉटर लाईन टाकणे."
2017-18,CE20E101/SF1-232,41,अ,,5000000.0,5000000.0,"प्रभाग क्र. 41 अ, कोंढवा बु.गोकुळनगर कात्रज परिसरामध्ये विविध ठिकाणी पावसाळी लाईन टाकणे व रस्ते विकसित करणे."
2017-18,CE20E101/SF1-233,10,,,1000000.0,1000000.0,"प्रभाग क्रं.10 मध्ये पावसाळी चेंबर्स दुरुस्ती व ड्रेनेज,पावसाळी लाईनची साफसफाई करणे"
2017-18,CE20E101/SF1-234,10,,,1000000.0,1000000.0,प्रभाग क्रं.10 मध्ये भुसारी बावधन इ.ठिकाणी पावसाळी लाईन टाकणे
2017-18,CE20E101/SF1-235,10,,,1000000.0,1000000.0,प्रभाग क्रं.10 मध्ये विविध ठिकाणी पावसाळी लाईन टाकणे
2017-18,CE20E101/SF1-236,12,क,,1000000.0,1000000.0,प्रभाग क्रं.12 कुमार परिसरामध्ये मधील पावसाळी लाईन साफ करणे व पावसाळी चेंबर्स दुरुस्ती करणे
2017-18,CE20E101/SF1-237,12,क,,1000000.0,1000000.0,"प्रभाग क्रं.12 कोथरुड गावठाण मधील पावसाळी लाईन साफ सफाई करणे, ड्रेनेज लाईन दुरुस्ती करणे व चेंबर्स दुरुस्ती करणे"
2018-19,CE20E101/SF1-301,1,ब,,1000000.0,1000000.0,"प्रभाग क्र.1ब,मध्ये विश्रांतवाडी येथे विविध ठिकाणी पावसाळी लाईन टाकणे व दुरूस्ती करणे"
2018-19,CE20E101/SF1-302,1,ब,,1000000.0,1000000.0,"प्रभाग क्र.1ब,मध्ये धानोरी येथे पावसाळी लाईन टाकणे व दुरूस्ती करणे"
2018-19,CE20E101/SF1-303,1,ब,,1000000.0,1000000.0,"प्रभाग क्र.1ब,मध्ये कळस येथे पावसाळी लाईन टाकणे व दुरूस्ती करणे"
2018-19,CE20E101/SF1-304,3,ब,,1000000.0,1000000.0,"प्रभाग क्र.3 ब, मधील मोठया व्यासाची पावसाळी लाईन टाकणे व ओपन नाला जेटिंग मशीन व स्पायडर मशिनच्या सहाय्याने साफ करणे."
2018-19,CE20E101/SF1-305,5,ड,,1000000.0,1000000.0,"प्रभाग क्र.5ड,मध्ये जेटींग मशीनच्या सहाय्याने स्पायडर मशीन स्क्रब मशीन सहाय्याने पावसाळी लाईन साफसफाई करणे व मजूर पुरविणे"
2018-19,CE20E101/SF1-306,6,क,,1000000.0,1000000.0,"प्रभाग क्र.6क,मध्ये विविध ठिकाणच्या पावसाळी लाईन,मॅनहोल, चेंबर गाळ काढणे इ.कामे चॅम्पियन मशिन सक्शन मशिन व जेटिंग मशिनच्या सहाय्याने करणे."
2018-19,CE20E101/SF1-307,6,क,,1000000.0,1000000.0,"प्रभाग क्र.6क,मध्ये लक्ष्मीनगर, अशोकनगर,जयजवान नगर,मदर तेरेसा परिसरात पावसाळी लाईन मॅनहोल चेंबर गाळ काढणे इ.कामे चॅम्पियन मशिन सक्शन मशिन व जेटिंग मशिनच्या सहाय्याने करणे."
2018-19,CE20E101/SF1-308,7,अ,,1000000.0,1000000.0,"प्रभाग क्र.7अ,मध्ये आर.सी.सी.पावसाळी झाकण बदलणे व दुरूस्ती करणे."
2018-19,CE20E101/SF1-309,8,अ,,1000000.0,1000000.0,"प्रभाग क्र.8अ,मधील विविध ठिकाणी पावसाळी लाईन दुरूस्ती व साफसफाई करणे."
2018-19,CE20E101/SF1-310,8,क,,1000000.0,1000000.0,"प्रभाग क्र.8क, औंध बोपोडी परिसरामध्ये पावसाळी लाईन टाकणे"
2018-19,CE20E101/SF1-311,8,क,,1000000.0,1000000.0,"प्रभाग क्र.8क,मध्ये औंध भागामध्ये विविध ठिकाणी पावसाळी लाईन टाकणे."
2018-19,CE20E101/SF1-312,10,ब,,1000000.0,1000000.0,"प्रभाग क्र.10ब,हरीप्लाझा सोसायटी ते कृष्णलिला सोसायटी व महात्मा परिसर येथे पावसाळी लाईन टाकणे"
2018-19,CE20E101/SF1-313,10,ब,,1000000.0,1000000.0,"प्रभाग क्र.10ब,विविध ठिकाणी पावसाळी लाईन टाकणे"
2018-19,CE20E101/SF1-314,10,क,,1000000.0,1000000.0,"प्रभाग क्र.10क,मध्ये मोकाटेनगर परिसरात पावसाळी लाईन टाकणे"
2018-19,CE20E101/SF1-315,10,क,,1000000.0,1000000.0,"प्रभाग क्र.10क,मध्ये शांतीबन सोसायटी परिसरात पावसाळी लाईन टाकणे"
2018-19,CE20E101/SF1-316,10,क,,1000000.0,1000000.0,"प्रभाग क्र.10क,मध्ये वृंदावन सोसायटी परिसरात पावसाळी लाईन टाकणे"
2018-19,CE20E101/SF1-317,10,ड,,1000000.0,1000000.0,"प्रभाग क्र.10ड,बावधन-कोथरूड डेपो अंतर्गत एकलव्य कॉलेज परिसरात पावसाळी लाईन टाकणे"
2018-19,CE20E101/SF1-318,11,अ,,1000000.0,1000000.0,प्रभाग क्र. 11 अ मध्ये सोसायट्या परिसरात विविध ठिकाणी मोठ्या व्यासाच्या पावसाळी लाईन टाकणे.
2018-19,CE20E101/SF1-319,11,ड,,1000000.0,1000000.0,"प्रभाग क्र.11 ड,मध्ये विविध ठिकाणी तसेच सुतारदरा मुख्य रस्ता ते क्रांतीसेना कमान तसेच गल्ली क्र.9 व गल्ली क्र.14 येथील पावसाळी लाईन बदलणे."
2018-19,CE20E101/SF1-320,11,ड,,1000000.0,1000000.0,"प्रभाग क्र.11 ड, येथे विविध ठिकाणी तसेच अनंतकृपा सोसायटी परिसरामध्ये पावसाळी लाईन टाकणे व सिमेंट कॉक्रीटीकरण करणे"
2018-19,CE20E101/SF1-321,12,अ,,1000000.0,1000000.0,"प्रभाग क्र.12 अ, स.नं.88 येथील पावसाळी लाईन दुरूस्ती करणे व साफसफाई करणे"
2018-19,CE20E101/SF1-322,12,अ,,1000000.0,1000000.0,"प्रभाग क्र.12 अ, कोथरूड गावठाण येथे नवीन पावसाळी लाईन टाकणे व साफसफाई करणे"
2018-19,CE20E101/SF1-323,12,अ,,1000000.0,1000000.0,"प्रभाग क्र.12 अ, तेजसनगर येथील पावसाळी लाईन देखभाल दुरूस्ती विषयक कामे करणे व नव्याने लाईन टाकणे"
2018-19,CE20E101/SF1-324,12,अ,,1000000.0,1000000.0,"प्रभाग क्र.12 अ, विविध ठिकाणी रस्त्यामधील खाली गेलेली पावसाळी चेंबर समपातळीवर उचलणे तसेच चेंबर कव्हर बदलणे"
2018-19,CE20E101/SF1-325,12,ब,,1000000.0,1000000.0,प्रभाग क्र. 12 ब मधील विविध ठिकाणच्या पावसाळी लाईन साफ करणे.
2018-19,CE20E101/SF1-326,13,ड,,1000000.0,1000000.0,प्रभाग क्र. 13 ड मधील हॅपी कॉलनी लेन नं 1 ते कोकण एक्सप्रेस येथे पावसाळी गटार करणे.
2018-19,CE20E101/SF1-327,13,ड,,1000000.0,1000000.0,प्रभाग क्र. 13 ड मधील विविध ठिकाणी पावसाळी गटारे बांधणे.
2018-19,CE20E101/SF1-328,14,अ,,1000000.0,1000000.0,प्रभाग क्र. 14 अ मधील विविध ठिकाणी पावसाळी लाईन साफ सफाई करणे.
2018-19,CE20E101/SF1-329,14,ड,,500000.0,500000.0,"प्रभाग क्र.14 ड, मध्ये विविध ठिकाणच्या पावसाळी लाईन दुरस्ती विषयक कामे करणे."
2018-19,CE20E101/SF1-330,15,अ,,1000000.0,1000000.0,"प्रभाग क्र.15अ,मध्ये नारायण पेठ व प्रभागात विविध ठिकाणी पावसाळी लाईन टाकणे व तद्नुषंगिक कामे करणे."
2018-19,CE20E101/SF1-331,15,ब,,1000000.0,1000000.0,प्रभाग क्र. 15 ब मधील शनिवार पेठ मधील उभा शनिवार रस्ता येथे पावसाळी लाईन टाकणे व तदनुषंगिक कामे करणे.
2018-19,CE20E101/SF1-332,15,ब,,1000000.0,1000000.0,प्रभाग क्र. 15 ब मधील बाजीराव रोड ते वाडीया हॉस्पिटल रस्ता येथे पावसाळी लाईन टाकणे व तदनुषंगिक कामे करणे.
2018-19,CE20E101/SF1-333,15,ब,,1000000.0,1000000.0,प्रभाग क्र. 15 ब मधील पिकॉक हॉटेल ते वाडीया हॉस्पिटल दरम्यान पावसाळी लाईन टाकणे व तदनुषंगिक कामे करणे.
2018-19,CE20E101/SF1-334,15,ब,,1000000.0,1000000.0,प्रभाग क्र. 15 ब मधील सेवा मित्र मंडळ ते चिंचेची तालीम दरम्यान व प्रभागात इतरत्र पावसाळी लाईन टाकणे.
2018-19,CE20E101/SF1-335,15,ब,,1000000.0,1000000.0,प्रभाग क्र. 15 ब मधील सरस्वती विद्या मंदिर ते काळा हौद चौक दरम्यान पावसाळी लाईन टाकणे.
2018-19,CE20E101/SF1-336,15,ड,,1000000.0,1000000.0,प्रभाग क्र. 15 ड मधील नारायण पेठ व प्रभागात विविध ठिकाणी पावसाळी लाईन टाकणे व तदनुषंगिक कामे करणे.
2018-19,CE20E101/SF1-337,16,अ,,1000000.0,1000000.0,प्रभाग क्र. 16 अ मधील जावळे चौक ते श्रीकृष्ण चौक पावसाळी लाईन टाकणे.
2018-19,CE20E101/SF1-338,16,क,,1000000.0,1000000.0,प्रभाग क्र. 16 क मधील विविध ठिकाणी पावसाळी गटार बांधणे.
2018-19,CE20E101/SF1-339,16,क,,200000.0,200000.0,प्रभाग क्र. 16 क मधील दारुवाला पूल चौकीसमोर पावसाळी गटार बांधणे.
2018-19,CE20E101/SF1-340,16,क,,400000.0,400000.0,"प्रभाग क्र. 16 क मधील 512 कसबा पेठ, कालभेरव मंदिराशेजारी बोलाट बसविणे, 413 ते 415 कसबा पेठ येथे फरशी बसविणे, दारुवाला पोलिस चौकी समोर पावसाळी गटार करणे."
2018-19,CE20E101/SF1-341,17,अ,,1000000.0,1000000.0,प्रभाग क्र. 17 अ मधील विविध ठिकाणी पावसाळी लाईन टाकणे.
2018-19,CE20E101/SF1-342,17,ब,,1000000.0,1000000.0,प्रभाग क्र. 17 ब मधील स्वामी समर्थ मंदिर ते डावरे चौक परिसरात पावसाळी लाईन टाकणे.
2018-19,CE20E101/SF1-343,17,ब,,1000000.0,1000000.0,प्रभाग क्र. 17 ब मधील तपकीर गल्ली व परिसरात पावसाळी लाईन टाकणे.
2018-19,CE20E101/SF1-344,17,ड,,1000000.0,1000000.0,प्रभाग क्र. 17 ड मधील देवजीबाबा ते दगडी नागोबा पावसाळी लाईन टाकणे.
2018-19,CE20E101/SF1-345,18,ब,,1000000.0,1000000.0,प्रभाग क्र. 18 ब मधील लोहिया नगर पोलिस चौकी ते जानाई मळा पर्यंतचा नवीन पावसाळी लाईन करणे व दुरुस्तीविषयक कामे करणे.
2018-19,CE20E101/SF1-346,18,ब,,1000000.0,1000000.0,प्रभाग क्र. 18 ब मधील लहुजी वस्ताद चौक ते जानाई मळ्यापर्यंतचा नवीन पावसाळी लाईन करणे.
2018-19,CE20E101/SF1-347,18,ब,,1000000.0,1000000.0,"प्रभाग क्र. 18 ब मधील रविवार पेठ, शुक्रवार पेठ परिसरात नवीन पावसाळी लाईन करणे."
2018-19,CE20E101/SF1-348,18,क,,1500000.0,1500000.0,प्रभाग क्र. 18 क मधील विविध ठिकाणी पावसाळी लाईन टाकणे किंवा दुरुस्ती करणे व कॉंक्रिट करणे व तदनुषंगिक कामे करणे.
2018-19,CE20E101/SF1-349,18,ड,,1500000.0,1500000.0,प्रभाग क्र. 18 ड मधील पावसाळी लाईन विकसित करणे.
2018-19,CE20E101/SF1-350,18,ड,,1500000.0,1500000.0,प्रभाग क्र. 18 ड मधील पानघंटी चौक ते राष्ट्रभूषण चौकापर्यंत पावसाळी लाईन टाकणे व लोखंडी चेंबर्स बसविणे.
2018-19,CE20E101/SF1-351,18,ड,,1500000.0,1500000.0,प्रभाग क्र. 18 ड मधील सिंहराज मित्र मंडळ व शिवराज मित्र मंडळ येथे पावसाळी लाईन टाकणे व तदनुषंगिक कामे करणे.
2018-19,CE20E101/SF1-352,18,ड,,1000000.0,1000000.0,प्रभाग क्र. 18 ड मधील टिंबर मार्केट परिसरामध्ये पावसाळी लाईन विकसित करणे.
2018-19,CE20E101/SF1-353,19,ब,,2000000.0,2000000.0,प्रभाग क्र. 19 ब मधील विविध ठिकाणी पावसाळी लाईन टाकणे व इतर तदनुषंगिक कामे करणे.
2018-19,CE20E101/SF1-354,19,क,,1000000.0,1000000.0,प्रभाग क्र. 19 क मधील पावसाळी लोखंडी जाळी बदलणे.
2018-19,CE20E101/SF1-355,20,अ,,1000000.0,1000000.0,"प्रभाग क्र. 20 अ मधील रास्ता पेठ, नाना पेठ, परिसरातील व विविध ठिकाणी पावसाळी लाईन चेंबर साफसफाई तसेच नाले स्पायडर मशिनच्या सहाय्याने करणे."
2018-19,CE20E101/SF1-356,20,ब,,1000000.0,1000000.0,प्रभाग क्र. 20 ब मधील विविध ठिकाणी पावसाळी लाईन टाकणे.
2018-19,CE20E101/SF1-357,20,क,,1000000.0,1000000.0,प्रभाग क्र. 20 क मधील विविध ठिकाणी रस्ते विकसित करणे व पावसाळी लाईन टाकणे व तदनुषंगिक कामे करणे.
2018-19,CE20E101/SF1-358,20,ड,,1000000.0,1000000.0,प्रभाग क्र. 20 डमध्ये प्रगतशील मंडळ ते मैफीलवाडा पर्यंत पावसाळी लाईन टाकणे.
2018-19,CE20E101/SF1-359,20,ड,,1000000.0,1000000.0,प्रभाग क्र. 20 डमध्ये कै.तुकाराम शेठ शिंदे वाहनतळ ते ससून हॉस्पीटल पर्यंत पावसाळी लाईन टाकणे.
2018-19,CE20E101/SF1-360,20,ड,,1000000.0,1000000.0,प्रभाग क्र. 20 ड सेंट्रल बिल्डींग ते हॉटेल वुडलॅंड पर्यंत पावसाळी लाईन टाकणे.
2018-19,CE20E101/SF1-361,22,अ,,1000000.0,1000000.0,"प्रभाग क्र.22अ,पावसाळी लोखंडी जाळ्या बसविणे."
2018-19,CE20E101/SF1-362,27,अ,,1000000.0,1000000.0,"प्रभाग क्र.27अ,विविध ठिकाणी पावसाळी लाईन साफसफाई व दुरूस्ती करणे"
2018-19,CE20E101/SF1-363,27,अ,,1000000.0,1000000.0,"प्रभाग क्र.27अ, स.नं.42,43,44,45 मध्ये नवीन पावसाळी लाईन टाकणे"
2018-19,CE20E101/SF1-364,27,क,,1000000.0,1000000.0,"प्रभाग क्र.27क,मध्ये पावसाळी लाईन साफसफाई करणे."
2018-19,CE20E101/SF1-365,28,ड,,1000000.0,1000000.0,"प्रभाग क्र.28ड,मध्ये अनिल अपार्टमेंट येथे पावसाळी लाईन टाकणे."
2018-19,CE20E101/SF1-366,29,ब,,1000000.0,1000000.0,"प्रभाग क्र.29ब,विविध ठिकाणी पावसाळी लाईन टाकणे"
2018-19,CE20E101/SF1-367,29,ड,,1000000.0,1000000.0,"प्रभाग क्र.29ड, विविध ठिकाणी पावसाळी लाईन टाकणे"
2018-19,CE20E101/SF1-368,30,ब,,1000000.0,1000000.0,"प्रभाग क्र.30ब,श्रीकृष्ण मंडळ ते गल्ली क्र.108 पर्यंत पावसाळी लाईन टाकणे"
2018-19,CE20E101/SF1-369,30,ब,,1000000.0,1000000.0,"प्रभाग क्र.30ब,शंकर मंदिर परिसरात पावसाळी लाईन टाकणे"
2018-19,CE20E101/SF1-370,30,ब,,1000000.0,1000000.0,"प्रभाग क्र.30ब,आपला चौक ते गणेश मंडळ पावसाळी लाईन टाकणे"
2018-19,CE20E101/SF1-371,30,ब,,1000000.0,1000000.0,"प्रभाग क्र.30ब,गणेश मंडळ ते भाजी मंडई परिसरात पावसाळी लाईन टाकणे"
2018-19,CE20E101/SF1-372,30,ब,,1000000.0,1000000.0,"प्रभाग क्र.30ब,राममंदिर परिसरात पावसाचे पाण्यासाठी चैनेलिंग विषयक कामे करणे"
2018-19,CE20E101/SF1-373,30,ब,,2000000.0,2000000.0,"प्रभाग क्र.30ब,जनता वसाहत भाजी मंडई ते आपला चौक पावसाळी लाईन टाकणे"
2018-19,CE20E101/SF1-374,30,ड,,1000000.0,1000000.0,"प्रभाग क्र.30ड,जनता वसाहत-दत्तवाडी विविध ठिकाणी पावसाळी लाईन टाकणे."
2018-19,CE20E101/SF1-375,31,अ,,2000000.0,2000000.0,प्रभाग क्र. 31 अ मधील विदिशा सोसायटी येथे पावसाळी लाईन टाकणे.
2018-19,CE20E101/SF1-376,31,क,,1000000.0,1000000.0,प्रभाग क्र. 31 क मधील विविध ठिकाणी पावसाळी लाईन टाकणे व सुधारणा करणे.
2018-19,CE20E101/SF1-377,31,क,,1000000.0,1000000.0,प्रभाग क्र. 31 क मधील पावसाळी ओढा साफ करणे व गाळ काढणे.
2018-19,CE20E101/SF1-378,31,ड,,2500000.0,2500000.0,प्रभाग क्र. 31 ड मधील विविध ठिकाणी पावसाळी लाईन साफ करणे.
2018-19,CE20E101/SF1-379,32,अ,,1500000.0,1500000.0,प्रभाग क्र. 32 अ मधील पॉप्युलरनगर येथे पावसाळी लाईन टाकणे.
2018-19,CE20E101/SF1-380,33,अ,,1500000.0,1500000.0,प्रभाग क्र. 33 अ मधील वडगाव बु. गो-हे यांच्या घरापासून मातोश्री बंगल्यापर्यंत पावसाळी लाईन टाकणे.
2018-19,CE20E101/SF1-381,33,अ,,2500000.0,2500000.0,"प्रभाग क्र. 33 अ मधील वडगाव बु. येथे विविध ठिकाणी विलास दांगट घर गावठाण परिसर, हैप्पी कॉलनी, जाधवनगर, विकासनगर, घुलेनगर, निवृत्ती नगर, हायवे परिसरात पावसाळी लाईन टाकणे, दुरुस्ती करणे, बदलणे."
2018-19,CE20E101/SF1-382,33,अ,,1500000.0,1500000.0,प्रभाग क्र. 33 अ मधील सुवासिनी मंगल कार्यालय परिसरात पावसाळी लाईन टाकणे.
2018-19,CE20E101/SF1-383,34,अ,,1000000.0,1000000.0,प्रभाग क्र. 34 अ मधील पावसाळी लाईनची दुरुस्ती करणे व चेंबर बदलणे.
2018-19,CE20E101/SF1-384,34,अ,,1000000.0,1000000.0,"प्रभाग क्र. 34 अ मधील माणिकबाग, आनंदनगर परिसरात पावसाळी लाईन टाकणे."
2018-19,CE20E101/SF1-385,34,क,,1000000.0,1000000.0,"प्रभाग क्र.34क,मध्ये विविध ठिकाणी पावसाळी गटारे व तद्नुषंगिक कामे करणे."
2018-19,CE20E101/SF1-386,34,क,,1000000.0,1000000.0,"प्रभाग क्र.34क,मध्ये पितृछाया बंगला व आनंदविहार परिसरात पावसाळी गटार व तद्नुषंगिक कामे करणे."
2018-19,CE20E101/SF1-387,34,क,,1000000.0,1000000.0,"प्रभाग क्र.34क,मध्ये आनंदनगर परिसरात पावसाळी लाईन विकसित करणे."
2018-19,CE20E101/SF1-388,36,अ,,2000000.0,2000000.0,प्रभाग क्र. 36 अ मधील विविध ठिकाणी पावसाळी लाईन टाकणे.
2018-19,CE20E101/SF1-389,36,अ,,1000000.0,1000000.0,प्रभाग क्र. 36 अ मधील विविध ठिकाणी पावसाळी लाईन टाकणे.
2018-19,CE20E101/SF1-390,38,अ,,1000000.0,1000000.0,प्रभाग क्र. 38 अ मधील झांबरे वस्ती येथे पावसाळी गटार टाकणे.
2018-19,CE20E101/SF1-391,38,अ,,3000000.0,3000000.0,प्रभाग क्र. 38 अ मधील विविध ठिकाणी स्ट्रॉम वॉटर लाईन टाकणे.
2018-19,CE20E101/SF1-392,38,ब,,1000000.0,1000000.0,"प्रभाग क्र.38ब,राजेश सोसायटी परिसरात पावसाळी लाईन टाकणे"
2018-19,CE20E101/SF1-393,38,ब,,1000000.0,1000000.0,"प्रभाग क्र.38ब,उत्कर्ष सोसायटी मधील पावसाळी गटार दुरूस्ती करणे"
2018-19,CE20E101/SF1-394,38,क,,1000000.0,1000000.0,"प्रभाग क्र.38क,सुखसागर भाग 1 अंबामाता चौक व विविध ठिकाणी पावसाळी गटार लाईन टाकणे"
2018-19,CE20E101/SF1-395,38,क,,1000000.0,1000000.0,"प्रभाग क्र.38क,जोगेश्वरी नगर व विविध ठिकाणी पावसाळी गटार लाईन टाकणे"
2018-19,CE20E101/SF1-396,38,क,,1000000.0,1000000.0,"प्रभाग क्र.38क,वाघजाई नगर व विविध ठिकाणी पावसाळी गटार लाईन टाकणे"
2018-19,CE20E101/SF1-397,38,क,,1000000.0,1000000.0,"प्रभाग क्र.38क,उत्कर्ष सोसायटी परीसरामध्ये पावसाळी लाईन साफ करणे व पावसाळई चेंबर दुरूस्ती करणे"
2018-19,CE20E101/SF1-398,40,अ,,1000000.0,1000000.0,"प्रभाग क्र.40अ,मध्ये संतोषनगर परिसरात पावसाळी लाईन टाकणे"
2018-19,CE20E101/SF1-399,40,अ,,1000000.0,1000000.0,"प्रभाग क्र.40अ,मध्ये चंद्रभागानगर परिसरात पावसाळी लाईन टाकणे"
2018-19,CE20E101/SF1-400,40,अ,,1000000.0,1000000.0,"प्रभाग क्र.40अ,मध्ये दत्तनगर परिसरात पावसाळी लाईन टाकणे"
2018-19,CE20E101/SF1-401,40,अ,,1000000.0,1000000.0,"प्रभाग क्र.40अ,मध्ये आगम मंदिर परिसरात पावसाळी लाईन टाकणे"
2018-19,CE20E101/SF1-402,40,क,,1000000.0,1000000.0,प्रभाग क्र.40 क मध्ये विविध ठिकाणी पावसाळी लाईन टाकणे व तदनुषंगिक कामे करणे.
2018-19,CE20E101/SF1-403,40,ड,,1000000.0,1000000.0,प्रभाग क्र.40 ड मधील भारती विद्यापीठ जिजामाता चौक येथे पावसाळी लाईन टाकणे.
2018-19,CE20E101/SF1-404,41,अ,,3000000.0,3000000.0,प्रभाग क्र. 41 अ मधील विविध ठिकाणी पावसाळी लाईन टाकणे
2018-19,CE20E101/SF1-405,41,ब,,1000000.0,1000000.0,"प्रभाग क्र.41ब, कोंढवा बु.परिसरातील गोकुळनगर, साईनगर, लक्ष्मीनगर,काकडेवस्ती स.नं.5,6 व येवलेवाडी परिसरात पावसाळी लाईन टाकणे"
2018-19,CE20E101/SF1-406,41,क,,3000000.0,3000000.0,प्रभाग क्र. 41 क मधील विविध ठिकाणी पावसाळी लाईन टाकणे.
2018-19,CE20E101/SF1-407,16,,,1000000.0,1000000.0,"प्र.क्र.16, (स्विकृत सदस्य) सोमवार पेठ ड्रेनेज दुरूस्ती चेंबर दुरूस्ती पावसाळी लाईन दुरूस्ती व तद्नुषंगिक कामे करणे (भाग 1)"
2018-19,CE20E101/SF1-408,16,,,1000000.0,1000000.0,"प्र.क्र.16, (स्विकृत सदस्य) सोमवार पेठ ड्रेनेज दुरूस्ती चेंबर दुरूस्ती पावसाळी लाईन दुरूस्ती व तद्नुषंगिक कामे करणे (भाग 2)"
2018-19,CE20E101/SF1-409,38,ड,,1000000.0,1000000.0,प्रभाग क्र. 38 ड मधील चिंतामणी हॉटेलमागे पावसाळी लाईन टाकणे.
2018-19,CE20E101/SF1-410,12,ड,,1000000.0,1000000.0,प्रभाग क्र. 12 ड मधील कोथरुड गावठाण परिसरातील पावसाळी लाईन विषयक कामे करणे.
2018-19,CE20E101/SF1-411,12,ड,,1000000.0,1000000.0,प्रभाग क्र. 12 ड मधील शास्त्रीनगर परिसरातील पावसाळी लाईन विषयक कामे करणे.
2018-19,CE20E101/SF1-412,12,ड,,1000000.0,1000000.0,प्रभाग क्र. 12 ड मधील गुजरात कॉलनी परिसरातील पावसाळी लाईन विषयक कामे करणे.
2018-19,CE20E101/SF1-414,18,,,500000.0,500000.0,प्रभाग क्र.18 मध्ये पावसाळी लाईन व तद्नुषंगिक कामे करणे
2019-20,CE20E101/SF1-501,3,क,,1000000.0,1000000.0,"प्रभाग क्र.3क, मधील विविध परिसरामध्ये पावसाळी लाईन टाकणे"
2019-20,CE20E101/SF1-502,3,ड,,2000000.0,2000000.0,"प्रभाग क्र.३ ड त्रिदलनगर,शांतिरक्षक ते नगररोड पर्यंतच्या पावसाळी नाल्याची दुरुस्ती करणे."
2019-20,CE20E101/SF1-503,3,ड,,1000000.0,1000000.0,"प्रभाग क्र.३ड संजयपार्क,त्रिदलनगर,शांतिरक्षक ते नगररोड पावसाळी नाल्याची दुरुस्ती करणे."
2019-20,CE20E101/SF1-504,4,ब,,1000000.0,1000000.0,प्रभाग क्र.४ब श्रीराम नगर येथे पावसाळी लाईन टाकणे.
2019-20,CE20E101/SF1-505,6,क,,1000000.0,1000000.0,प्रभाग क्र.६ क मध्ये अहुरा वाईन्स ते गुंजन चौकापर्यत पावसाळी लाईन टाकणे
2019-20,CE20E101/SF1-506,7,ब,,1000000.0,1000000.0,प्रभाग क्र. ७ ब मध्ये ९० ते ९५ गोखलेनगर चाळीत पावसाळी लाईन टाकणे
2019-20,CE20E101/SF1-507,7,क,,1000000.0,1000000.0,"प्रभाग क्र.7क,मध्ये विविध ठिकाणी पावसाळी लाईन टाकणे"
2019-20,CE20E101/SF1-508,10,अ,,500000.0,500000.0,"प्रभाग क्र.10अ,मधील कोथरूड डेपो परिसर व इतरत्र नवीन पावसाळी लाईन टाकणे व साफसफाई करणे."
2019-20,CE20E101/SF1-509,10,अ,,1000000.0,1000000.0,"प्रभाग क्र.10अ,एकलव्य कॉलेज परिसरात पावसाळी लाईन टाकणे"
2019-20,CE20E101/SF1-510,10,अ,,1000000.0,1000000.0,"प्रभाग क्र.10अ,मध्ये महात्मा सोसायटी परिसर व इतरत्र पावसाळी लाईन टाकणे"
2019-20,CE20E101/SF1-511,10,ब,,1000000.0,1000000.0,"प्रभाग क्र.10ब,मध्ये विविध ठिकाणी पावसाळी लाईन टाकणे"
2019-20,CE20E101/SF1-512,10,क,,1000000.0,1000000.0,"प्रभाग क्र.10क,मधील शास्त्रीनगर व प्रभागात विविध ठिकाणी पावसाळी लाईन टाकणे"
2019-20,CE20E101/SF1-513,10,ड,,1000000.0,1000000.0,"प्रभाग क्र.10ड, बावधन-कोथरूड डेपो अंतर्गत प्रभागातील विविध ठिकाणचे पावसाळी चेंबर साफसफाई करणे."
2019-20,CE20E101/SF1-514,11,अ,,1000000.0,1000000.0,"प्रभाग क्र.11अ,मध्ये सोसायटया परिसरात विविध ठिकाणी मोठ्या व्यासाच्या पावसाळी लाईन टाकणे."
2019-20,CE20E101/SF1-515,11,क,,1000000.0,1000000.0,"प्रभाग क्र.11क,जयभवानीनगर येथे पावसाळी लाईन दुरूस्ती विषयक कामे करणे."
2019-20,CE20E101/SF1-516,11,क,,1000000.0,1000000.0,"प्रभाग क्र.11क,साम्राज्य पेठकर व सुतारदरा परिसरातील पावसाळी लाईन दुरूस्ती विषय़क कामे करणे."
2019-20,CE20E101/SF1-517,11,क,,1000000.0,1000000.0,"प्रभाग क्र.11क,मधील विविध ठिकाणी पावसाळी लाईन टाकणे"
2019-20,CE20E101/SF1-518,11,ड,,1000000.0,1000000.0,"प्रभाग क्र.11ड,येथे विविध ठिकाणी तसेच अनंतकृपा सोसायटी परिसरामध्ये पावसाळी लाईन टाकणे व सिमेंट कॉक्रीटीकऱण कऱणे."
2019-20,CE20E101/SF1-519,12,अ,,1000000.0,1000000.0,प्रभाग क्र. 12 अ मधील विविध ठिकाणी रस्त्यामधील खाली गेलेली पावसाळी चेंबर समपातळीत उचलणे व चेंबर कव्हर बदलणे.
2019-20,CE20E101/SF1-520,12,अ,,1000000.0,1000000.0,"प्रभाग क्र. 12 अ मधील गजरात कॉलनी येथील पावसाळी लाईन दुरुस्त करणे, व साफसफाई करणे."
2019-20,CE20E101/SF1-521,12,अ,,1000000.0,1000000.0,प्रभाग क्र. 12 अ मधील विविध ठिकाणी पावसाळी लाईन दुरुस्त करणे व साफसफाई करणे.
2019-20,CE20E101/SF1-522,13,अ,,1000000.0,1000000.0,"प्रभाग क्र.13अ,मध्ये विविध ठिकाणी पावसाळी लाईन टाकणे व चेंबर दुरूस्ती कामे करणे"
2019-20,CE20E101/SF1-523,13,क,,1000000.0,1000000.0,"प्रभाग क्र.13क,मध्ये विविध ठिकाणी पावसाळी लाईन टाकणे."
2019-20,CE20E101/SF1-524,14,अ,,1000000.0,1000000.0,प्रभाग क्र. १४ अ मध्ये विविध ठिकाणी पावसाळी लाईन साफसफाई करणे .
2019-20,CE20E101/SF1-525,15,ब,,1000000.0,1000000.0,"प्रभाग क्र.15ब,मधील सुभाषनगर पिकॉक हॉटेल ते वाडीया हॉस्पीटल येथे पावसाळी लाईन टाकणे व तदनुषंगिक कामे करणे"
2019-20,CE20E101/SF1-526,15,ब,,1000000.0,1000000.0,"प्रभाग क्र.15ब,मधील हिराबाग चौक ते पासलकर चौक दरम्यान पावसाळी लाईन टाकणे"
2019-20,CE20E101/SF1-527,15,ब,,1000000.0,1000000.0,"प्रभाग क्र.15ब,मध्ये टिळक रोड व सुभाषऩगर येथे पावसाळी लाईन टाकणे व तदनुषंगिक कामे करणे"
2019-20,CE20E101/SF1-528,15,ड,,1000000.0,1000000.0,"प्रभाग क्र.15ड,मध्ये सदाशिव पेठ परिसरात व प्रभागात इतरत्र पावसाळी लाईन टाकणे व तदनुषंगिक कामे करणे."
2019-20,CE20E101/SF1-529,15,ड,,1000000.0,1000000.0,"प्रभाग क्र.15ड,मध्ये नारायण पेठ परिसरात व प्रभागात इतरत्र पावसाळी लाईन टाकणे व तदनुषंगिक कामे करणे."
2019-20,CE20E101/SF1-530,15,ड,,1000000.0,1000000.0,"प्रभाग क्र.15ड,मध्ये बुधवार पेठ परिसरात व प्रभागात इतरत्र पावसाळी लाईन टाकणे व तदनुषंगिक कामे करणे."
2019-20,CE20E101/SF1-531,15,ड,,1000000.0,1000000.0,"प्रभाग क्र.15ड,मध्ये शनिवार पेठ परिसरात व प्रभागात इतरत्र पावसाळी लाईन टाकणे व तदनुषंगिक कामे करणे."
2019-20,CE20E101/SF1-532,15,ड,,1000000.0,1000000.0,"प्रभाग क्र.15ड,मध्ये शुक्रवार पेठ परिसरात व प्रभागात इतरत्र पावसाळी लाईन टाकणे व तदनुषंगिक कामे करणे."
2019-20,CE20E101/SF1-533,16,अ,,1000000.0,1000000.0,"प्रभाग क्र. 16 अ मंगळवार पेठ पारगे चौक ते श्रीकृष्ण चौक, श्रमिकनगर येथे पावसाळी लाईन टाकणे."
2019-20,CE20E101/SF1-534,16,ड,,1000000.0,1000000.0,प्रभाग क्र.16 ड येथे विविध ठिकाणी पावसाळी लाईन टाकणे व तदनुषंगिक कामे करणे.
2019-20,CE20E101/SF1-535,17,अ,,1000000.0,1000000.0,"प्रभाग क्र.१७अ, मध्ये विविध ठिकाणी पावसाळी लाईनीचे विविध विकास कामे करणे."
2019-20,CE20E101/SF1-536,17,ब,,1000000.0,1000000.0,प्रभाग क्र. 17 ब मधील पावसाळी लाईन दुरुस्त करणे
2019-20,CE20E101/SF1-537,17,ब,,1000000.0,1000000.0,प्रभाग क्र. 17 ब मधील रामोशी गेट ते 213 भवानी पेठ या ठिकाणी पावसाळी लाईन टाकणे
2019-20,CE20E101/SF1-538,17,ब,,1000000.0,1000000.0,प्रभाग क्र. 17 ब मधील 213 ते 202 भवानी पेठ या ठिकाणी पावसाळी लाईन टाकणे
2019-20,CE20E101/SF1-539,17,ब,,1000000.0,1000000.0,प्रभाग क्र. 17 ब मधील 202 ते 190 भवानी पेठ या ठिकाणी पावसाळी लाईन टाकणे
2019-20,CE20E101/SF1-540,17,क,,1000000.0,1000000.0,"प्रभाग क्र.१७ क, मध्ये विविध ठिकाणी पावसाळी लाईन व तद्‌नुषंगीक कामे करणे."
2019-20,CE20E101/SF1-541,18,अ,,1000000.0,1000000.0,"प्रभाग क्र.18अ,संपूर्ण टिंबर मार्केट परिसरात पावसाळी लाईन टाकणे"
2019-20,CE20E101/SF1-542,18,क,,5000000.0,5000000.0,"प्रभाग क्र.18क,मधील सिंहगड गॅरेज चौक ते 180 वसाहतीपर्यंत रस्ता पावसाळी व ड्रेनेज लाईन टाकून संपूर्ण रस्ता विकसित करणे."
2019-20,CE20E101/SF1-543,18,ड,,1000000.0,1000000.0,"प्रभाग क्र. 18 ड मध्ये गुरुवार पेठ, कस्तुरी चौक,प्रभाग क्र. 18 ड गंजपेठ परिसरामध्ये पावसाळी लाईन साफसफाई करणे."
2019-20,CE20E101/SF1-544,18,ड,,1000000.0,1000000.0,"प्रभाग क्र. 18 ड मध्ये शुक्रवार पेठ, शिवाजी रोड, स्वारगेट लाईन परिसर,प्रभाग क्र. 18 ड खडकमाळ आळी परिसरामध्ये पावसाळी साफसफाई करणे."
2019-20,CE20E101/SF1-545,18,ड,,1000000.0,1000000.0,प्रभाग क्र. 18 ड मध्ये विविध ठिकाणी पावसाळी लाईन साफसफाई करणे.
2019-20,CE20E101/SF1-546,18,ड,,1000000.0,1000000.0,प्रभाग क्र. 18 ड मध्ये विविध ठिकाणी पावसाळी लाईन टाकणे.
2019-20,CE20E101/SF1-547,19,ब,,1000000.0,1000000.0,प्रभाग क्र.१९ ब लोहियानगर व काशिवाडी परिसरातील पावसाळी लाईन दुरुस्ती व गाळ काढणे
2019-20,CE20E101/SF1-548,19,ब,,1000000.0,1000000.0,प्रभाग क्र.१९ ब हरकानगर व चुडामण तालिम परिसरातील पावसाळी लाईन दुरुस्ती व गाळ काढणे.
2019-20,CE20E101/SF1-549,19,ब,,1000000.0,1000000.0,प्रभाग क्र.१९ ब भवानी पेठ परिसरातील पावसाळी लाईन दुरुस्ती व गाळ काढणे. इतर तदनुषंगिक कामे करणे.
2019-20,CE20E101/SF1-550,19,ब,,1000000.0,1000000.0,प्रभाग क्र.१९ ब एकबोटे कॅालनी परिसरातील पावसाळी लाईन दुरुस्ती व गाळ काढण इतर तदनुषंगिक कामे करणे. इतर तदनुषंगिक कामे करणे.
2019-20,CE20E101/SF1-551,19,क,,1000000.0,1000000.0,प्रभाग क्र १९ क मध्ये पावसाळी लाईन दुरुस्ती विषयक कामे करणे
2019-20,CE20E101/SF1-552,19,क,,500000.0,500000.0,प्रभाग क्र १९ क विविध ठिकाणी पावसाळी जाळी बसविणे
2019-20,CE20E101/SF1-553,19,ड,,1000000.0,1000000.0,"प्रभाग क्र. १९ ड, मध्ये पी.एम.सी. कॉलनी क्र १० येथे पावसाळी लाईन टाकणे"
2019-20,CE20E101/SF1-554,19,ड,,1000000.0,1000000.0,"प्रभाग क्र. १९ ड, मध्ये जुना मोटार स्टँड ते धम्मा पाल पर्यत पावसाळी लाईन टाकणे"
2019-20,CE20E101/SF1-555,20,अ,,1000000.0,1000000.0,"प्रभाग क्र.२० अ मध्ये नानापेठ, मंगळवार पेठ राजेवाडी येथे विविध ठिकाणी पावसाळी लाईन टाकणे."
2019-20,CE20E101/SF1-556,20,क,,1000000.0,1000000.0,"प्रभाग क्र.20क,मध्ये संत कबीर चौक ते शांताबाई लडकत शाळा या ठिकाणी 18 इंची पावसाळी लाईन टाकणे"
2019-20,CE20E101/SF1-557,20,ड,,1000000.0,1000000.0,प्रभाग क्र.२० ड मध्ये पुणे स्टेशन परिसरात पावसाळी लाईन टाकणे.
2019-20,CE20E101/SF1-558,20,ड,,1000000.0,1000000.0,प्रभाग क्र.२० ड मध्ये ससूण हॉस्पिटल समोर पावसाळी लाईन टाकणे.
2019-20,CE20E101/SF1-559,20,ड,,1000000.0,1000000.0,प्रभाग क्र.२० ड मध्ये पॉवर हाऊस ते कादरभाई चौक पावसाळी लाईन टाकणे.
2019-20,CE20E101/SF1-560,22,क,,1000000.0,1000000.0,"प्रभाग क्र.22क,मधील मुंढवा स्मशानभूमी रोडला पावसाळी लाईन टाकणे"
2019-20,CE20E101/SF1-561,28,अ,,1500000.0,1500000.0,"प्रभाग क्र.28अ,मध्ये मिरा सोसायटी ते पंजाबी हॉल नाल्यापर्यंत पावसाळी लाईन टाकणे"
2019-20,CE20E101/SF1-562,28,अ,,1000000.0,1000000.0,"प्रभाग क्र.28अ,मध्ये डायसप्लॉट चौक ते गोल्डन बेकरी नाल्यापर्यंत पावसाळी लाईन टाकणे"
2019-20,CE20E101/SF1-563,28,क,,1000000.0,1000000.0,प्रभाग क्र. 28 क येथील पुनम टेरेस अपार्टमेंट ते संत नामदेव शाळेपर्यंत पावसाळी लाईन टाकणे.
2019-20,CE20E101/SF1-564,28,क,,1000000.0,1000000.0,प्रभाग क्र. 28 क येथे सुपर लॉन्ड्री ते लक्ष्मी मंगल कार्यालय येथे पावसाळी लाईन टाकणे.
2019-20,CE20E101/SF1-565,28,क,,1000000.0,1000000.0,प्रभाग क्र. 28 क महर्षीनगर व मुकुंदनगर येथे पावसाळी लाईन व तदनुषंगिक कामे करणे.
2019-20,CE20E101/SF1-566,28,ड,,1000000.0,1000000.0,"प्रभाग क्र.28ड,मध्ये टि.म.वि.कॉलनीमध्ये व विविध ठिकाणी पावसाळी लाईन टाकणे"
2019-20,CE20E101/SF1-567,29,अ,,1000000.0,1000000.0,"प्रभाग क्र.29अ,विविध ठिकाणी पावसाळी लाईन टाकणे"
2019-20,CE20E101/SF1-568,29,ड,,1000000.0,1000000.0,प्रभाग क्र. 29 ड- विविध ठिकाणी पावसाळी लाईन टाकणे.
2019-20,CE20E101/SF1-569,30,ब,,1000000.0,1000000.0,"प्रभाग क्र.30ब,मध्ये पावसाळी जाळी बसविणे व दुरूस्ती विषयक कामे करणे."
2019-20,CE20E101/SF1-570,30,ब,,1000000.0,1000000.0,"प्रभाग क्र.30ब,पावसाळी लाईन दुरूस्ती व सफाई करणे"
2019-20,CE20E101/SF1-571,30,क,,1000000.0,1000000.0,"प्रभाग क्र.30क,स.नं.132 पासून दांडेकर पूल चौक पर्यंत मोठ्या व्यासाची पावसाळी लाईन टाकणे"
2019-20,CE20E101/SF1-572,31,क,,1000000.0,1000000.0,प्रभाग क्र. 31 क पावसाळी ओढा साफ करणे व गाळ काढणे.
2019-20,CE20E101/SF1-573,31,ड,,2500000.0,2500000.0,प्रभाग क्र. 31 ड मधील चिंतामणी सोसायटी परिसरात रस्ता पावसाळी लाईन टाकणे.
2019-20,CE20E101/SF1-574,31,ड,,1000000.0,1000000.0,प्रभाग क्र. 31 ड मधील विविध ठिकाणी पावसाळी लाईन साफ करणे.
2019-20,CE20E101/SF1-575,32,अ,,1500000.0,1500000.0,"प्रभाग क्र.32अ,पॉप्युलरनगर येथे पावसाळी लाईन टाकणे"
2019-20,CE20E101/SF1-576,33,अ,,1000000.0,1000000.0,"प्रभाग क्र.33अ,मधील वडगाव बुद्रुक विविध ठिकाणी पावसाळी लाईन टाकणे, दुरूस्त करणे व इतर विविध कामे करणे"
2019-20,CE20E101/SF1-577,33,अ,,1000000.0,1000000.0,"प्रभाग क्र.33अ,मधील धबाडी,वडगाव बुद्रुक, आंबेगाव बुद्रुक परिसरात विविध ठिकाणी पावसाळी लाईन टाकणे, दुरूस्त करणे व इतर विविध कामे करणे."
2019-20,CE20E101/SF1-578,33,ब,,1000000.0,1000000.0,प्रभाग क्र.३३ब वडगाव व धायरी परिसरात पावसाळी लाईन विषयक कामे करणे.
2019-20,CE20E101/SF1-579,34,क,,1000000.0,1000000.0,"प्रभाग क्र.34क,मध्ये हिंगणे खु व माणिकबाग परिसरात पावसाळी लाईन टाकणे."
2019-20,CE20E101/SF1-580,34,क,,1000000.0,1000000.0,"प्रभाग क्र.34क,मध्ये आनंदनगर व सनसिटी परिसरात विविध ठिकाणी पावसाळी लाईन टाकणे."
2019-20,CE20E101/SF1-581,35,अ,,1000000.0,1000000.0,"प्रभाग क्र.35अ,सहकारनगर नं.2 येथे विविध ठिकाणी पावसाळी लाईन टाकणे"
2019-20,CE20E101/SF1-582,36,ड,,1000000.0,1000000.0,प्रभाग क्र.36ड मध्ये गणेश स्वीट ते पापळ वस्ती पावसाळी लाईन टाकणे.
2019-20,CE20E101/SF1-583,37,अ,,1000000.0,1000000.0,प्रभाग क्र. 37 अ मध्ये विघ्नहर्ता नगर येथे विविध ठिकाणी पावसाळी लाईन टाकणे.
2019-20,CE20E101/SF1-584,37,अ,,1000000.0,1000000.0,प्रभाग क्र. 37 अ मध्ये विविध ठिकाणी पावसाळी लाईन टाकणे.
2019-20,CE20E101/SF1-585,38,अ,,2000000.0,2000000.0,"प्रभाग क्र.38अ,मध्ये विविध ठिकाणी स्ट्रॉम वॉटर लाईन टाकणे"
2019-20,CE20E101/SF1-586,38,ब,,1000000.0,1000000.0,"प्रभाग क्र. 38 ब शालिनी सोसायटी समोरील रोड मध्ये पावसाळी लाईन करणे.,"
2019-20,CE20E101/SF1-587,38,क,,1000000.0,1000000.0,"प्रभाग क्र.38क,मोरेवस्ती व प्रभागात विविध ठिकाणी पावसाळी लाईन टाकणे"
2019-20,CE20E101/SF1-588,38,क,,1000000.0,1000000.0,"प्रभाग क्र.38क,राजीव गांधीनगर व प्रभागात विविध ठिकाणी पावसाळी लाईन टाकणे"
2019-20,CE20E101/SF1-589,38,ड,,1000000.0,1000000.0,प्रभाग क्र.३८ड मध्ये विविध ठिकाणी पावसाळी लाईन टाकणे
2019-20,CE20E101/SF1-590,40,अ,,1000000.0,1000000.0,प्रभाग क्र. 40 अ मध्ये भारती विद्यापीठ परिसरात विविध ठिकाणी पावसाळी लाईन टाकणे.
2019-20,CE20E101/SF1-591,40,क,,1000000.0,1000000.0,"प्रभाग क्र.40क,मध्ये विविध ठिकाणी पावसाळी लाईन टाकणे व तदनुषंगिक कामे करणे."
2019-20,CE20E101/SF1-592,41,अ,,1000000.0,1000000.0,प्रभाग क्र. 41 अ मध्ये विविध ठिकाणी पावसाळी लाईन टाकणे.
2019-20,CE20E101/SF1-593,41,ब,,1000000.0,1000000.0,"प्रभाग क्र. 41ब, मध्ये विविध परिसरात पावसाळी लाईन टाकणे."
2019-20,CE20E101/SF1-594,41,ब,,1000000.0,1000000.0,"प्रभाग क्र. 41ब,मध्ये विविध परिसरात पावसाळी लाईन टाकणे"
2019-20,CE20E101/SF1-595,41,ब,,1000000.0,1000000.0,"प्रभाग क्र. 41ब, मध्ये विविध ठिकाणी पावसाळी लाईन दुरुस्ती करणे व तदनुषंगिक कामे करणे."
2019-20,CE20E101/SF1-596,41,क,,1000000.0,1000000.0,प्रभाग क्र. 41 क मध्ये विविध ठिकाणी पावसाळी लाईन टाकणे करणे.
2019-20,CE20E101/SF1-597,18,,,1000000.0,1000000.0,"प्रभाग क्र.१८ (स्विकृत) मध्ये शुक्रवार पेठ, गुरूवार पेठ परिसर व विविध ठिकाणच्या पावसाळी लाईन साफ करणे."
2020-21,CE20E101/SF1-1,1,अ,1A,1000000.0,1000000.0,प्रभाग क्र.1अ मध्ये विविध ठिकाणी पावसाळी लाईन टाकणे
2020-21,CE20E101/SF1-2,2,अ,2A,5000000.0,5000000.0,"प्रभाग क्र.2अ, मध्ये 509 चौक ते गार्डरूम येथे नव्याने रस्त्याच्या कडेने पावसाळी गटारे करणे"
2020-21,CE20E101/SF1-3,2,क,2C,1000000.0,1000000.0,"प्रभाग क्र.2क,स्व.माजी महापौर भारत सावंत पाम उदयान शेजारी पावसाळी लाईन टाकणे"
2020-21,CE20E101/SF1-4,2,क,2C,1000000.0,1000000.0,"प्रभाग क्र.2क,विविध ठिकाणी पावसाळी लाईन टाकणे"
2020-21,CE20E101/SF1-5,5,ब,5B,1000000.0,1000000.0,"प्रभाग क्र.5ब,मध्ये विविध ठिकाणी पावसाळी लाईन टाकणे"
2020-21,CE20E101/SF1-6,5,क,5C,1000000.0,1000000.0,प्रभाग क्र.5 क मध्ये वडगावशेरी मध्ये पावसाळी लाईन टाकणे
2020-21,CE20E101/SF1-7,5,क,5C,1000000.0,1000000.0,प्रभाग क्र.5 क मध्ये वडगावशेरी व परिसरात पावसाळी लाईन टाकणे व सुधारणा कामे करणे
2020-21,CE20E101/SF1-8,7,ब,7B,1000000.0,1000000.0,"प्रभाग क्र.7ब,मधील जनवाडी वसाहत ते निलज्योती एम.आय.जी.पावसाळी लाईन दुरूस्त करणे"
2020-21,CE20E101/SF1-9,9,ब,9B,1000000.0,1000000.0,"प्रभाग क्र.9ब, मध्ये विविध ठिकाणी पावसाळी लाईन टाकणे"
2020-21,CE20E101/SF1-10,10,अ,10A,1000000.0,1000000.0,"प्रभाग क्र.10अ, मध्ये शांतीबन चौक परिसर व इतरत्र पावसाळी लाईन टाकणे"
2020-21,CE20E101/SF1-11,10,ब,10B,1000000.0,1000000.0,"प्रभाग क्र.10ब, मध्ये विविध ठिकाणी पावसाळी लाईन टाकणे"
2020-21,CE20E101/SF1-12,10,ड,10D,1000000.0,1000000.0,प्रभाग क्र.10ड अंतर्गत प्रभागातील विविध ठिकाणी पावसाळी लाईन टाकणे
2020-21,CE20E101/SF1-13,11,अ,11A,1000000.0,1000000.0,"प्रभाग क्र.11 अ, मध्ये सोसायट्या परिसरात विविध ठिकाणी मोठया व्यासाच्या पावसाळी लाईन टाकणे."
2020-21,CE20E101/SF1-14,12,अ,12A,1000000.0,1000000.0,"प्रभाग क्र. 12 अ, मध्ये कोथरूड गावठाण परिसरात पावसाळी लाईन टाकणे व दुरुस्ती विषयक कामे करणे."
2020-21,CE20E101/SF1-15,12,अ,12A,1000000.0,1000000.0,"प्रभाग क्र. 12 अ, मध्ये लक्ष्मीनगर डहाणूकर कॉलनी परिसरात पावसाळी लाईन टाकणे व दुरुस्ती विषयक कामे करणे."
2020-21,CE20E101/SF1-16,12,अ,12A,1000000.0,1000000.0,"प्रभाग क्र. 12 अ, मध्ये गुजरात कॉलनी परिसरात पावसाळी लाईन टाकणे व दुरुस्ती विषयक कामे करणे."
2020-21,CE20E101/SF1-17,12,अ,12A,1000000.0,1000000.0,"प्रभाग क्र. 12 अ, मध्ये विवेकानंद कॉलनी परिसरात पावसाळी लाईन टाकणे व दुरुस्ती विषयक कामे करणे."
2020-21,CE20E101/SF1-18,12,अ,12A,1000000.0,1000000.0,"प्रभाग क्र. 12 अ, मध्ये गणेश कॉलनी परिसरात पावसाळी लाईन टाकणे व दुरुस्ती विषयक कामे करणे."
2020-21,CE20E101/SF1-19,13,अ,13A,1000000.0,1000000.0,"प्रभाग क्र. 13 अ, मध्ये अनुरेखा सोसायटी येथे पावसाळी लाईन टाकणे."
2020-21,CE20E101/SF1-20,13,अ,13A,1000000.0,1000000.0,"प्रभाग क्र. 13 अ, मध्ये शैलेश सोसायटी ते पेगसेस चौक येथे व विविध ठिकाणी पावसाळी लाईन टाकणे."
2020-21,CE20E101/SF1-21,13,अ,13A,1000000.0,1000000.0,"प्रभाग क्र. 13 अ, मध्ये 7 चाळ परिसरात पावसाळी लाईन टाकणे."
2020-21,CE20E101/SF1-22,13,क,13C,1000000.0,1000000.0,"प्रभाग क्र. 13 क, मध्ये विविध ठिकाणी पावसाळी लाईन टाकणे."
2020-21,CE20E101/SF1-23,13,ड,13D,2000000.0,2000000.0,"प्रभाग क्र. 13 ड, मध्ये शैलेश सोसायटी येथे पावसाळी गटार (French Drainage) बांधणे."
2020-21,CE20E101/SF1-24,15,ब,15B,1000000.0,1000000.0,"प्रभाग क्र. 15 ब, मध्ये सदाशिव पेठ परिसरात व प्रभागात पावसाळी लाईन टाकणे व तदनुषंगिक कामे करणे."
2020-21,CE20E101/SF1-25,15,ब,15B,1000000.0,1000000.0,"प्रभाग क्र. 15 ब, मध्ये नारायण पेठ परिसरात व प्रभागात पावसाळी लाईन टाकणे व तदनुषंगिक कामे करणे."
2020-21,CE20E101/SF1-26,15,ड,15D,1000000.0,1000000.0,"प्रभाग क्र. 15 ड, मध्ये सदाशिव पेठ परिसरात व प्रभागात पावसाळी लाईन टाकणे व तदनुषंगिक कामे करणे."
2020-21,CE20E101/SF1-27,15,ड,15D,1000000.0,1000000.0,"प्रभाग क्र. 15 ड, मध्ये नारायण पेठ परिसरात व प्रभागात पावसाळी लाईन टाकणे व तदनुषंगिक कामे करणे."
2020-21,CE20E101/SF1-28,16,क,16C,500000.0,500000.0,"प्रभाग क्र. 16 क, मध्ये 15 ऑगस्ट चौक ते हॉटेल पद्माकृष्णा पारगे चौक पावसाळी गटार करणे. (भाग 1)"
2020-21,CE20E101/SF1-29,17,ब,17B,1000000.0,1000000.0,"प्रभाग क्र. 17 ब, मध्ये 246 गणेश पेठ ते मौलाना अब्दुल कलम आजाद पावसाळी लाइन टाकणे."
2020-21,CE20E101/SF1-30,17,ब,17B,1000000.0,1000000.0,"प्रभाग क्र. 17 ब, मध्ये पांगुळ आळी परिसरात जी.के.ट्रेडर्स गणेश पेठ या ठिकाणी पावसाळी लाइन टाकणे."
2020-21,CE20E101/SF1-31,18,ब,18B,1000000.0,1000000.0,"प्रभाग क्र.18ब,मधील जैन मंदिर ते सुभानशा दर्गा पावसाळी/ड्रेनेज लाईन टाकणे"
2020-21,CE20E101/SF1-32,18,ड,18D,1000000.0,1000000.0,"प्रभाग क्र. 18 ड, मध्ये विविध ठिकाणी पावसाळी लाईन टाकणे"
2020-21,CE20E101/SF1-33,20,क,20C,1000000.0,1000000.0,"प्रभाग क्र. 20 क, मध्ये विविध ठिकाणी रस्ते विकसित करणे व पावसाळी लाईन टाकणे व तदनुषंगिक कामे करणे."
2020-21,CE20E101/SF1-34,20,ड,20D,1000000.0,1000000.0,प्रभाग क्र. 20 ड मध्ये सेंट मिराज स्कूल समोर पावसाळी लाईन टाकणे.
2020-21,CE20E101/SF1-35,20,ड,20D,1000000.0,1000000.0,प्रभाग क्र. 20 ड मध्ये विविध ठिकाणी पावसाळी लाईन टाकणे.
2020-21,CE20E101/SF1-36,21,क,21C,1000000.0,1000000.0,"प्रभाग क्र.21क,हडपसर औद्योगिक वसाहत पावसाळी गटारे करणे"
2020-21,CE20E101/SF1-37,22,ब,22B,1000000.0,1000000.0,प्रभाग क्र.22ब मध्ये विविध ठिकाणी पावसाळी लाईन विषयक कामे करणे व तदनुषंगिक कामे करणे
2020-21,CE20E101/SF1-38,23,क,23C,3000000.0,3000000.0,प्रभाग क्र. 23 क मध्ये स.नं. 34 दगडखाणी मधील पावसाचे पाणी बाहेर काढण्यासाठी पावसाळी लाईन मारणे.
2020-21,CE20E101/SF1-39,25,ब,25B,1000000.0,1000000.0,"प्रभाग क्र.25ब,मध्ये विविध ठिकाणी ड्रेनेज चेंबर समपातळीत करणे व पावसाळी जाळ्या बसविणे"
2020-21,CE20E101/SF1-40,27,अ,27A,1000000.0,1000000.0,"प्रभाग क्र. 27 अ, मध्ये साईबाबा नगर व विविध परिसरात नवीन पावसाळी लाईन टाकणे."
2020-21,CE20E101/SF1-41,27,अ,27A,1000000.0,1000000.0,"प्रभाग क्र. 27 अ, मध्ये विविध ठिकाणी नवीन पावसाळी लाईन टाकणे."
2020-21,CE20E101/SF1-42,28,अ,28A,1000000.0,1000000.0,प्रभाग क्र.२८ अ मधील मीरा आनंद परिसरात पावसाळी लाईन टाकणे.
2020-21,CE20E101/SF1-43,28,ब,28B,1000000.0,1000000.0,"प्रभाग क्र.28ब, मध्ये धनुर्धारी सोसायटी ते हाईड पार्क सोसायटी परिसरात पावसाळी लाईन टाकणे व तदनुषंगिक कामे करणे"
2020-21,CE20E101/SF1-44,28,ब,28B,1000000.0,1000000.0,"प्रभाग क्र.28ब, मध्ये धनुर्धारी सोसायटी परिसरामध्ये पावसाळी लाईन टाकणे व तदनुषंगिक कामे करणे"
2020-21,CE20E101/SF1-45,28,क,28C,1000000.0,1000000.0,प्रभाग क्र.28क महर्षीनगर येथे विविध ठिकाणी पावसाळी लाईन टाकणे
2020-21,CE20E101/SF1-46,28,क,28C,1000000.0,1000000.0,प्रभाग क्र.28क मुकुंदनगर येथे विविध ठिकाणी पावसाळी लाईन टाकणे
2020-21,CE20E101/SF1-47,28,ड,28D,1000000.0,1000000.0,प्रभाग क्र.28ड मध्ये विविध ठिकाणी पावसाळी लाईन टाकणे व तदनुषंगिक कामे करणे
2020-21,CE20E101/SF1-48,29,अ,29A,4000000.0,4000000.0,प्रभाग क्र. 29 अ मध्ये पर्वती ब्रिज ते निलायम टॉकीजच्या दोन्ही बाजूस पावसाळी लाईन टाकणे
2020-21,CE20E101/SF1-49,29,अ,29A,1000000.0,1000000.0,प्रभाग क्र. 29 अ मध्ये विविध ठिकाणच्या पावसाळी लाईन दुरूस्त करणे
2020-21,CE20E101/SF1-50,29,अ,29A,1000000.0,1000000.0,प्रभाग क्र. 29 अ मध्ये मित्र मंडळ कॉलनी मध्ये पावसाळी लाईनचे काम करणे
2020-21,CE20E101/SF1-51,29,अ,29A,1000000.0,1000000.0,प्रभाग क्र. 29 अ मध्ये पर्वती गावामध्ये पावसाळी लाईन टाकणे
2020-21,CE20E101/SF1-52,29,अ,29A,1000000.0,1000000.0,प्रभाग क्र. 29 अ मध्ये दादावाडी मध्ये पावसाळी लाईनची दुरूस्ती करणे
2020-21,CE20E101/SF1-53,31,अ,31A,1000000.0,1000000.0,प्रभाग क्र. 31 अ मध्ये विविध भागात पावसाळी लाईन टाकणे.
2020-21,CE20E101/SF1-54,31,क,31C,1000000.0,1000000.0,प्रभाग क्र. 31 क येथे विविध ठिकाणी पावसाळी चेंबर सफाई करणे.
2020-21,CE20E101/SF1-55,31,क,31C,1000000.0,1000000.0,प्रभाग क्र. 31 क येथे विविध ठिकाणी नवीन पावसाळी लाईन टाकणे.
2020-21,CE20E101/SF1-56,31,क,31C,2000000.0,2000000.0,प्रभाग क्र. 31 क येथे विविध ठिकाणी पावसाळी लाईन टाकणे.
2020-21,CE20E101/SF1-57,31,क,31C,1000000.0,1000000.0,प्रभाग क्र. 31 क येथे श्रीराम सोसायटी परिसरामध्ये पावसाळी लाईन टाकणे.
2020-21,CE20E101/SF1-58,31,ड,31D,1000000.0,1000000.0,प्रभाग क्र. 31 ड मध्ये पावसाळी लाईन दुरुस्ती करणे.
2020-21,CE20E101/SF1-59,31,ड,31D,1000000.0,1000000.0,प्रभाग क्र. 31 ड मध्ये पावसाळी लाईन टाकणे.
2020-21,CE20E101/SF1-60,32,अ,32A,1000000.0,1000000.0,प्रभाग क्र. 32 अ मध्ये वारजे हायवे चौक ते सह्याद्री स्कुल पर्य़ंत पावसाळी लाईन टाकणे.
2020-21,CE20E101/SF1-61,32,क,32C,1000000.0,1000000.0,प्रभाग क्र. 32 क मध्ये राजयोग सोसायटी परिसरात पावसाळी लाईन टाकणे.
2020-21,CE20E101/SF1-62,32,क,32C,2500000.0,2500000.0,प्रभाग क्र. 32 क मध्ये विविध ठिकाणी मुख्य रस्त्यावर पावसाळी लाईन टाकणे.
2020-21,CE20E101/SF1-63,32,क,32C,2000000.0,2000000.0,प्रभाग क्र. 32 क मध्ये नादब्रम्ह सोसायटी शेजारील पुणे मनपाच्या राखीव जागेत पावसाळी लाईन टाकणे.
2020-21,CE20E101/SF1-64,32,क,32C,3000000.0,3000000.0,प्रभाग क्र. 32 क मध्ये डिपी रस्त्यालगत पावसाळी लाईन टाकणे.
2020-21,CE20E101/SF1-65,33,अ,33A,1000000.0,1000000.0,"प्रभाग क्र. 33 अ मधील वडगाव बुद्रुक, वडगाव खुर्द, धायरी विविध ठिकाणी पावसाळी लाईन विकसित करणे, दुरुस्त करणे व इतर तदनुषंगिक कामे करणे."
2020-21,CE20E101/SF1-66,34,ड,34D,2500000.0,2500000.0,प्रभाग क्र. 34 ड मध्ये विविध ठिकाणी पावसाळी लाईन टाकणे.
2020-21,CE20E101/SF1-67,35,अ,35A,1000000.0,1000000.0,"प्रभाग क्र. 35 अ, मध्ये सहकार नगर नं.2 व परिसरात पावसाळी लाईन विषयक कामे करणे."
2020-21,CE20E101/SF1-68,35,ब,35B,1000000.0,1000000.0,प्रभाग क्र. 35 ब मधील शिवदर्शन येथील चाळ नं. 133 ते 130 पर्यंत पावसाळी लाईन टाकणे.
2020-21,CE20E101/SF1-69,35,ब,35B,1000000.0,1000000.0,प्रभाग क्र. 35 ब मधील शिवदर्शन चौक ते बौध्द विहार येथे पावसाळी लाईन टाकणे.
2020-21,CE20E101/SF1-70,35,ब,35B,1000000.0,1000000.0,प्रभाग क्र. 35 ब मधील राजीव गांधी शाळेमागील बाजूस समज्योता मित्र मंडळपर्यंत पावसाळी लाईन टाकणे.
2020-21,CE20E101/SF1-71,37,अ,37A,1000000.0,1000000.0,प्रभाग क्र. 37 अ मध्ये विविध ठिकाणी पावसाळी लाईन टाकणे.
2020-21,CE20E101/SF1-72,37,अ,37A,1000000.0,1000000.0,प्रभाग क्र. 37 अ मध्ये पी.एम.टी. कॉलनी ते गॅस गोडाऊन पर्यंत पावसाळी लाईन टाकणे.
2020-21,CE20E101/SF1-73,37,ब,37B,1000000.0,1000000.0,प्रभाग क्र. 37 ब मध्ये पी.एम.टी. कॉलनी येथे पावसाळी लाईन टाकणे.
2020-21,CE20E101/SF1-74,37,ब,37B,1000000.0,1000000.0,प्रभाग क्र. 37 ब मध्ये विविध ठिकाणी पावसाळी लाईन टाकणे.
2020-21,CE20E101/SF1-75,38,अ,38A,1000000.0,1000000.0,प्रभाग क्र. 38 अ बालाजीनगर-राजीव गांधीनगर मध्ये विविध ठिकाणी स्ट्रॉम वॉटर लाईन टाकणे.
2020-21,CE20E101/SF1-76,38,क,38C,2500000.0,2500000.0,प्रभाग क्र. 38 क मध्ये वाघजाईनगर व प्रभागात विविध ठिकाणी कल्व्हर्ट विकसित करणे.
2020-21,CE20E101/SF1-77,38,क,38C,1500000.0,1500000.0,प्रभाग क्र. 38 क मध्ये गुजरवस्ती येथे व प्रभागात विविध ठिकाणी कल्व्हर्ट विकसित करणे.
2020-21,CE20E101/SF1-78,40,क,40C,1000000.0,1000000.0,प्रभाग क्र. 40 क मधील विविध ठिकाणी पावसाळी लाईन टाकणे व तदनुषंगिक कामे करणे.
2020-21,CE20E101/SF1-79,40,क,40C,1000000.0,1000000.0,प्रभाग क्र. 40 क मधील दत्तनगर परिसर व विविध ठिकाणी पावसाळी लाईन टाकणे व तदनुषंगिक कामे करणे.
2020-21,CE20E101/SF1-80,40,ड,40D,1000000.0,1000000.0,प्रभाग क्र. 40 ड मध्ये नॅन्सी लेक होम येथे पावसाळी लाईन टाकणे.
2020-21,CE20E101/SF1-81,41,अ,41A,1000000.0,1000000.0,प्रभाग क्र. 41 अ मध्ये कोंढवा बु. विविध ठिकाणी पावसाळी लाईन टाकणे.
2020-21,CE20E101/SF1-82,41,ब,41B,1000000.0,1000000.0,प्रभाग क्र. 41 ब मध्ये विविध ठिकाणी पावसाळी लाईन दुरुस्ती करणे व तदनुषंगिक कामे करणे.
2020-21,CE20E101/SF1-83,68,,68S,1000000.0,1000000.0,प्रभाग क्र.68 मध्ये तळजाई झोपडपट्टी म्हसोबा मंदिर येथे पावसाळी लाईन टाकणे.
2020-21,CE20E101/SF1-84,17,,17,1500000.0,1500000.0,"प्रभाग क्र. 17, मध्ये सत्यनारायण मंदिर, रविवार पेठ ते लोणार आळी पावसाळी गटार लाईन टाकणे."
2020-21,CE20E101/SF1-86,15,अ,15A,2000000.0,2000000.0,"प्रभाग क्र.15 अ, मध्ये शिवाजी रस्ता येथे पावसाळी लाईन टाकणे व प्रभागामध्ये तदनुषंगिक कामे करणे"
2020-21,CE20E101/SF1-87,15,अ,15A,1000000.0,1000000.0,"प्रभाग क्र.15 अ, मध्ये लक्ष्मी रस्ता येथे पावसाळी लाईन टाकणे व प्रभागामध्ये तदनुषंगिक कामे करणे"
2020-21,CE20E101/SF1-88,15,अ,15A,2000000.0,2000000.0,"प्रभाग क्र.15 अ, मध्ये टिळक रस्ता ते पेरुगेट पोलीस चौकी पावसाळी लाईन टाकणे व प्रभागामध्ये तदनुषंगिक कामे करणे."
2020-21,CE20E101/SF1-89,15,अ,15A,1000000.0,1000000.0,"प्रभाग क्र.15 अ, मध्ये केळकर रस्ता येथे पावसाळी लाईन टाकणे व प्रभागामध्ये तदनुषंगिक कामे करणे."
2020-21,CE20E101/SF1-90,15,अ,15A,1000000.0,1000000.0,"प्रभाग क्र.15 अ, मध्ये टिळक रस्ता येथे पावसाळी लाईन टाकणे."
2020-21,CE20E101/SF1-91,15,अ,15A,1000000.0,1000000.0,"प्रभाग क्र.15 अ, मध्ये फरासखाना चौक ते अप्पा बळवंत चौक पावसाळी लाईन टाकणे."
2020-21,CE20E101/SF1-92,36,ड,36D,2000000.0,2000000.0,"प्रभाग क्र. 36 ड, मध्ये गुरुगणेश सोसायटी पावसाळी लाईन टाकणे."
2020-21,CE20E101/SF1-93,36,ड,36D,2000000.0,2000000.0,"प्रभाग क्र. 36 ड, मध्ये संत एकनाथ नगर मध्ये पावसाळी लाईन टाकणे."
2020-21,CE20E101/SF1-94,29,ड,29D,2000000.0,2000000.0,प्रभाग क्र. 29 ड – विविध ठिकाणी पावसाळी लाईन टाकणे.
2021-22,CE20E101/SF1-101,2,क,2C,1000000.0,1000000.0,"प्रभाग क्र.2क, विविध ठिकाणी पावसाळी लाईन टाकणे"
2021-22,CE20E101/SF1-102,3,ड,3D,10000000.0,10000000.0,प्रभाग क्र.३ ड मधील म.गांधीनगर ते कोणार्क टेरेस व जयप्रकाश नगरकडून येवून नगररोड क्रॉस पावसाळी बंदिस्त नाल्यापर्यंत साधारण ९०० एमएमची पावसाळी लाईन टाकणे.
2021-22,CE20E101/SF1-103,4,ब,4B,1000000.0,1000000.0,"प्रभाग क्र.4ब, साईनगरी येथील गल्ली नं.14 व 15 येथील पावसाळी लाईन टाकणे"
2021-22,CE20E101/SF1-104,7,क,7C,1000000.0,1000000.0,"प्रभाग क्र.7क, मध्ये विविध ठिकाणी पावसाळी लाईन टाकणे"
2021-22,CE20E101/SF1-105,9,ब,9B,1000000.0,1000000.0,"प्रभाग क्र.9ब, मध्ये विविध ठिकाणी पावसाळी लाईन टाकणे"
2021-22,CE20E101/SF1-106,10,क,10C,1000000.0,1000000.0,प्रभाग क्र. 10 क मधील विविध ठिकाणी पावसाळी लाईन टाकणे.
2021-22,CE20E101/SF1-107,12,अ,12A,1000000.0,1000000.0,"प्रभाग क्र. 12 अ, मध्ये विविध ठिकाणी पावसाळी लाईन टाकणे व दुरूस्ती विषयक कामे करणे"
2021-22,CE20E101/SF1-108,12,अ,12A,1000000.0,1000000.0,"प्रभाग क्र. 12 अ, मध्ये आझादनगर परिसर पावसाळी लाईन टाकणे व दुरूस्ती विषयक कामे करणे"
2021-22,CE20E101/SF1-109,12,अ,12A,1000000.0,1000000.0,"प्रभाग क्र. 12 अ, मध्ये विवेकानंद कॉलनी परिसर पावसाळी लाईन टाकणे व दुरूस्ती विषयक कामे करणे"
2021-22,CE20E101/SF1-110,12,अ,12A,1000000.0,1000000.0,"प्रभाग क्र. 12 अ, मध्ये लक्ष्मीनगर डहाणूकर कॉलनी पावसाळी लाईन टाकणे व दुरूस्ती विषयक कामे कऱणे"
2021-22,CE20E101/SF1-111,12,अ,12A,1000000.0,1000000.0,"प्रभाग क्र. 12 अ, मध्ये गुजरात कॉलनी परिसर पावसाळी लाईन टाकणे व दुरूस्ती विषयक कामे करणे"
2021-22,CE20E101/SF1-112,13,ब,13B,2000000.0,2000000.0,"प्रभाग क्र. 13 ब, मध्ये ड्रेनेज व पावसाळी लाईनचे काम झाले असल्याने खराब झालेला, भोंडे कॉलनीतील प्राईम फर्निशिंग चौक मास्टिक करणे"
2021-22,CE20E101/SF1-113,13,क,13C,1500000.0,1500000.0,"प्रभाग क्र. 13 क, हॅपी कॉलनी एरंडवणे येथे विविध ठिकाणी पावसाळी लाईन टाकणे"
2021-22,CE20E101/SF1-114,13,ड,13D,500000.0,500000.0,"प्रभाग क्र. 13 ड, 3 चाळ पूरग्रस्त वसाहत येथे पावसाळी ड्रेनेज बांधणे"
2021-22,CE20E101/SF1-115,15,ब,15B,1000000.0,1000000.0,"प्रभाग क्र. 15 ब, मध्ये शनिवार पेठ परिसरात व प्रभागात इतरत्र पावसाळा लाईन टाकणे"
2021-22,CE20E101/SF1-116,15,ड,15D,1000000.0,1000000.0,"प्रभाग क्र. 15 ड, मध्ये नारायण पेठ परिसरात व प्रभागात इतरत्र पावसाळी लाईन टाकणे व तदनुषंगिक कामे करणे"
2021-22,CE20E101/SF1-117,15,ड,15D,1000000.0,1000000.0,"प्रभाग क्र. 15 ड, मध्ये बुधवार पेठ परिसरात व प्रभागात इतरत्र पावसाळी लाईन टाकणे व तदनुषंगिक कामे करणे"
2021-22,CE20E101/SF1-118,22,ब,22B,1000000.0,1000000.0,"प्रभाग क्र. 22 ब, मध्ये विविध पावसाळी लाईन विषयक कामे करणे व इतर अनुषंगिक कामे करणे."
2021-22,CE20E101/SF1-119,25,ब,25B,2500000.0,2500000.0,"प्रभाग क्र. 25 ब, वानवडी येथील गंगा सॅटेलाईट येथे नव्याने कल्व्हर्ट बांधणे."
2021-22,CE20E101/SF1-120,25,ब,25B,2500000.0,2500000.0,"प्रभाग क्र. 25 ब, वानवडी येथील विकासनगर काळूबाई मंदिर येथे नाल्यावर कल्व्हर्ट बांधणे."
2021-22,CE20E101/SF1-121,25,ब,25B,2500000.0,2500000.0,प्रभाग क्र.25 ब वानवडी येथील काळूबाई मंदिर कलव्हर्ट बांधणे.
2021-22,CE20E101/SF1-122,27,अ,27A,1000000.0,1000000.0,"प्रभाग क्र. 27 अ, विविध ठिकाणी पावसाळी लाईन विषयक कामे करणे."
2021-22,CE20E101/SF1-123,28,क,28C,1000000.0,1000000.0,"प्रभाग क्र. 28 क, येथे महर्षीनगर भागात पावसाळी लाईन टाकणे."
2021-22,CE20E101/SF1-124,28,क,28C,1000000.0,1000000.0,"प्रभाग क्र. 28 क, येथे मुकुंदनगर परिसरात पावसाळी लाईन टाकणे."
2021-22,CE20E101/SF1-125,28,ड,28D,1000000.0,1000000.0,प्रभाग क्रं. 28 ड मध्ये विविध ठिकाणी पावसाळी लाईन टाकणे व तदनुषंगिक कामे करणे.
2021-22,CE20E101/SF1-126,28,ड,28D,1000000.0,1000000.0,प्रभाग क्रं. 28 ड मध्ये विविध ठिकाणी रस्त्यावरील खाली गेलेली चेंबरची झाकणे व पावसाळी लाईनची झाकणे समपातळी व चेंबरची झाकणे बसविणे.
2021-22,CE20E101/SF1-127,31,क,31C,1000000.0,1000000.0,"प्रभाग क्र. 31 क, विविध ठिकाणी पावसाळी चेंबर सफाई करणे."
2021-22,CE20E101/SF1-128,31,क,31C,1000000.0,1000000.0,"प्रभाग क्र. 31 क, विविध ठिकाणी नवीन पावसाळी लाईन टाकणे."
2021-22,CE20E101/SF1-129,33,अ,33A,1000000.0,1000000.0,"प्रभाग क्र. 33 अ, व़डगाव बुद्रुक विविध ठिकाणी पावसाळी लाईन विकसित करणे, दुरुस्त करणे, साफ करणे इत्यादी तदनुषंगिक कामे करणे."
2021-22,CE20E101/SF1-130,33,अ,33A,1000000.0,1000000.0,"प्रभाग क्र. 33 अ, वडगाव बुद्रुक येथील किर्तीनगर, पावंजाईनगर ते हायवे पूल कल्व्हर्ट पूर्ण करणे."
2021-22,CE20E101/SF1-131,33,ब,33B,1000000.0,1000000.0,"प्रभाग क्र. 33 ब, नवले ब्रीज ते विश्वास हॉटेल पावसाळी लाईन करणे."
2021-22,CE20E101/SF1-132,34,ड,34D,1000000.0,1000000.0,"प्रभाग क्र. 34 ड, विविध ठिकाणी पावसाळी लाईन टाकणे."
2021-22,CE20E101/SF1-133,35,अ,35A,1000000.0,1000000.0,प्रभाग क्रं. ३५ अ मधील सहकारनगर नं. २ व विविध ठिकाणी पावसाळी लाईन विषयक कामे करणे.
2021-22,CE20E101/SF1-134,35,अ,35A,1000000.0,1000000.0,प्रभाग क्रं. ३५ अ मधील शाहू वसाहत येथे पावसाळी चेंबर दुरुस्ती व साफसफाई करणे.
2021-22,CE20E101/SF1-135,37,ब,37B,1000000.0,1000000.0,प्रभाग क्रं. ३७ ब मध्ये विविध ठिकाणी पावसाळी लाईन टाकणे.
2021-22,CE20E101/SF1-136,37,ब,37B,1000000.0,1000000.0,"प्रभाग क्रं. ३७ ब मध्ये पी.एम.टी. कॉलनी, महेश सोसायटी येथील पावसाळी लाईन वरील चेंबर दुरुस्ती करणे व लोखंडी जाळ्या बसविणे."
2021-22,CE20E101/SF1-137,41,अ,41A,1000000.0,1000000.0,प्रभाग क्र.४१ अ कोंढवा बुद्रुक व परिसरामध्ये पावसाळी लाईन विकसित करणे.
2021-22,CE20E101/SF1-138,42,अ,42A,1000000.0,1000000.0,प्रभाग क्र. ४२ अ मध्ये फुरसुंगी येथे अंतर्गत पावसाळी लाईन टाकणे.
2021-22,CE20E101/SF1-139,20,क,20C,1000000.0,1000000.0,"प्रभाग क्र. 20 क,मध्ये विविध ठिकाणी पावसाळी लाईन साफ करणे व इतर तदनुषंगिक कामे करणे"
2021-22,CE20E101/SF1-140,36,क,36C,1000000.0,1000000.0,प्रभाग क्र. 36 क मध्ये पावसाळी लाईन टाकणे.
2021-22,CE20E101/SF1-141,21,अ,21A,10000000.0,10000000.0,प्रभाग क्र.21 अ मध्ये पावसाळी गटाराचे काम करणे.
2021-22,CE20E101/SF1-142,5,ड,5D,1000000.0,1000000.0,"प्रभाग क्र.5ड, मध्ये पावसाळी लाईन व नाला साफसफाई करणे"
2021-22,CE20E101/SF1-143,11,ड,11D,1000000.0,1000000.0,"प्रभाग क्र. 11 ड,सुतारदरा येथील शिवशक्तीनगर गल्ली क्र.27 अपूर्ण असलेली पावसाळी ड्रेनेज लाईन टाकणे व कॉक्रीटीकरण करणे"
2021-22,CE20E101/SF1-144,11,ड,11D,1000000.0,1000000.0,"प्रभाग क्र. 11 ड, येथे विविध ठिकाणी तसेच माधवबाग सोसायटी परिसरामध्ये पावसाळी लाईन टाकणे व सिमेंट कॉक्रीटीकरण करणे"
2021-22,CE20E101/SF1-145,11,ड,11D,1000000.0,1000000.0,"प्रभाग क्र. 11 ड, सुतारदरा येथील गल्ली क्र.27 मधील अर्धवट राहिलेले पावसाळी लाईनचे काम पूर्ण करणे व सिमेंट कॉक्रीटीकरण करणे"
2021-22,CE20E101/SF1-146,13,अ,13A,1000000.0,1000000.0,"प्रभाग क्र. 13 अ, प्रभागात इतरत्र पावसाळी लाईन टाकणे व दुरुस्ती विषयक कामे करणे."
2021-22,CE20E101/SF1-147,16,क,16C,500000.0,500000.0,"प्रभाग क्र. 16 क, 15 ऑगस्ट चौक ते हॉटेल पद्माकृष्ण पारगे चौक पावसाळी गटार करणे भाग1"
2021-22,CE20E101/SF1-148,16,क,16C,500000.0,500000.0,"प्रभाग क्र. 16 क, 15 ऑगस्ट चौक ते हॉटेल पद्माकृष्ण पारगे चौक पावसाळी गटार करणे भाग2"
2021-22,CE20E101/SF1-149,26,अ,26A,5000000.0,5000000.0,"प्रभाग क्र. 26 अ, मध्ये वाडकर मळा परिसरात पावसाळी लाईन टाकणे."
2021-22,CE20E101/SF1-150,31,अ,31A,1000000.0,1000000.0,प्रभाग क्र.३१ अ मधील रस्ते व पावसाळी लाईन विकसित करणे.
2021-22,CE20E101/SF1-151,2,अ,2A,1000000.0,1000000.0,"प्रभाग क्र2अ,टिंगरेनगर मधील रोड नंबर 6 येथील पावसाळी लाईन टाकणे"
2021-22,CE20E101/SF1-152,5,अ,5A,1000000.0,1000000.0,"प्रभाग क्र.५ अ, मध्ये पावसाळी लाईन टाकणे व तदनुषंगिक कामे करणे"
2021-22,CE20E101/SF1-153,5,अ,5A,1000000.0,1000000.0,"प्रभाग क्र.५ अ, मध्ये वडगावशेरी व कल्याणीनगर परिसरात पावसाळी लाईन टाकणे"
2021-22,CE20E101/SF1-154,5,ब,5B,1000000.0,1000000.0,"प्रभाग क्र.5ब,मध्ये विविध ठिकाणी पावसाळी लाईन टाकणे"
2021-22,CE20E101/SF1-155,26,क,26C,1000000.0,1000000.0,"प्रभाग क्र. 26 क, क्लोव्हर हिल्स परिसरात पावसाळी लाईन विकसित करणे."
2021-22,CE20E101/SF1-156,41,ब,41B,1000000.0,1000000.0,प्रभाग क्र. ४१ ब मध्ये विविध ठिकाणी पावसाळी लाईन दुरुस्ती करणे व तदनुषंगिक कामे करणे.
2021-22,CE20E101/SF1-157,32,अ,32A,1000000.0,1000000.0,प्रभाग क्र.३२ अ मधील वारजे माळवाडी येथे पावसाळी लाईन टाकणे.
2021-22,CE20E101/SF1-158,17,ब,17B,2000000.0,2000000.0,"प्रभाग क्र.17ब सत्यनारायण मंदीर, रविवार पेठ ते लोणार आळी पावसाळी गटार लाईन टाकणे"
2021-22,CE20E101/SF1-160,14,ड,14D,1000000.0,1000000.0,"प्रभाग क्र.14ड, मध्ये विविध ठिकाणी पावसाळी लाईन टाकणे"
2021-22,CE20E101/SF1-161,37,अ,37A,1000000.0,1000000.0,"प्रभाग क्र.37अ,मध्ये पी.एम.टी.कॉलनी,गॅस गोडाऊन येथे मोठया व्यासाची पावसाची लाईन टाकणे"
2021-22,CE20E101/SF1-162,19,क,19C,2000000.0,2000000.0,"प्रभाग क्र.19क,मधील विविध ठिकाणच्या पावसाळी जाळ्या बदलणे व साफसफाई करणे"
2021-22,CE20E101/SF1-163,25,अ,25A,2000000.0,2000000.0,"प्रभाग क्र.25अ, विविध ठिकाणी पावसाळी लाईन साफसफाई करणे"
2021-22,CE20E101/SF1-164,35,अ,35A,1000000.0,1000000.0,"प्रभाग क्र.35अ,मध्ये सहकारनगर 1 व 2 पावसाळी लाईन विषयक कामे करणे"
2021-22,CE20E101/SF1-165,20,ड,20D,1000000.0,1000000.0,प्रभाग क्र. 20 ड मध्ये विविध ठिकाणी पावसाळी लाईन टाकणे
2021-22,CE20E101/SF1-166,20,ड,20D,1000000.0,1000000.0,प्रभाग क्र. 20 ड मध्ये ब्ल्यू नाईल ठिकाणी पावसाळी लाईन टाकणे
2021-22,CE20E101/SF1-167,32,ड,32D,2000000.0,2000000.0,"प्रभाग क्र. 32 ड मध्ये, असणा-या ओढ्यावर दोन ठिकाणी कल्वर्ट बांधणे."
2021-22,CE20E101/SF1-168,31,ड,31D,1000000.0,1000000.0,प्रभाग क्र.३१ ड कर्वेनगर मध्ये विविध ठिकाणी पावसाळी लाईन टाकणे.
2021-22,CE20E101/SF1-169,32,क,32C,1000000.0,1000000.0,प्रभाग क्र. 32 क मध्ये पावसाळी डक्ट करणे.
2021-22,CE20E101/SF1-170,32,क,32C,1000000.0,1000000.0,प्रभाग क्र. 32 क मध्ये विविध ठिकाणी पावसाळी लाईन टाकणे.
2021-22,CE20E101/SF1-171,32,क,32C,1000000.0,1000000.0,प्रभाग क्र. 32 क मध्ये यशोदीप चौक ते सर्विस रोड पावसाळी लाईन टाकणे.
2021-22,CE20E101/SF1-172,32,क,32C,1000000.0,1000000.0,प्रभाग क्र. 32 क मध्ये विविध ठिकाणी पावसाळी लाईन व तदनुषंगिक कामे करणे.
2021-22,CE20E101/SF1-173,32,क,32C,1000000.0,1000000.0,प्रभाग क्र. 32 क मध्ये विविध ठिकाणी पावसाळी आर.सी.सी. चेंबर बांधणे व इतर चेंबर दुरुस्ती विषयक कामे करणे.
2021-22,CE20E101/SF1-174,32,क,32C,10000000.0,10000000.0,प्रभाग क्र. 32 क मध्ये वारजे माळवाडी मध्ये डी.पी.रस्त्यावर कलव्हर्ट बांधणे.
2021-22,CE20E101/SF1-175,32,क,32C,5000000.0,5000000.0,प्रभाग क्र. 32 क मध्ये डी.पी. रस्त्यालगत पावसाळी लाईन विकसित करणे.
2021-22,CE20E101/SF1-176,40,ड,40D,1000000.0,1000000.0,प्रभाग क्रं. ४० ड मध्ये नॅन्सी लेकहोम येथे पावसाळी लाईन टाकणे.
2021-22,CE20E101/SF1-177,2,क,2C,1000000.0,1000000.0,प्रभाग क्र.२ क मधील स्व. माजी महापौर भारत सावंत पाम उद्यान शेजारी पावसाळी लाईन टाकणे.
2021-22,CE20E101/SF1-178,12,क,12C,1000000.0,1000000.0,प्रभाग क्र. 12 क शास्त्रीनगर परिसरामध्ये पावसाळी लाईन दुरूस्ती करणे.
2021-22,CE20E101/SF1-179,14,ब,14B,500000.0,500000.0,"प्रभाग क्र.14ब,मध्ये विविध ठिकाणी पावसाळी चेंबर दुरूस्ती करणे"
2021-22,CE20E101/SF1-180,15,ड,15D,1000000.0,1000000.0,प्रभाग क्र.१५ड मध्ये चिमण्या गणपती ते वंदे मातरम चौक दरम्यान पावसाळी लाईन टाकणे.
2021-22,CE20E101/SF1-181,18,ब,18B,1000000.0,1000000.0,"प्रभाग क्र.18ब,मध्ये बंदिवान मारूती मंडळ ते कस्तुरी चौक येथे पावसाळी लाईन व ड्रेनेज लाईन टाकणे"
2021-22,CE20E101/SF1-182,18,ब,18B,1000000.0,1000000.0,"प्रभाग क्र.18ब,मध्ये कस्तुरी चौक ते घसेटी पूल येथे पावसाळी लाईन व ड्रेनेज लाईन टाकणे"
2021-22,CE20E101/SF1-183,18,ब,18B,1000000.0,1000000.0,"प्रभाग क्र.18ब,मध्ये विविध ठिकाणी लोखंडी पावसाळी चेंबर कव्हर टाकणे"
2022-23,CE20E101/F1-26,9,,9,10000000.0,10000000.0,"प्रभाग क्रमांक 9 ज्युपीटर हॉस्पिटल चौक सुशोभिकरण व कल्व्हर्ट बांधणे, ॲप्रोच रस्ते विकसित करणे."
2022-23,CE20E101/F1-29,38,,38,2500000.0,2500000.0,प्रभाग क्रमांक 38 मधील आनंदनगरकडे जाणा-या नाल्यावरील कल्व्हर्ट बांधणे.
2022-23,CE20E101/F1-30,38,क,38,5000000.0,5000000.0,प्रभाग क्रमांक 38 कात्रज स.नं. 32 व 43 डी.पी. रस्त्यावरील कल्व्हर्ट विकसित करणे.
2022-23,CE20E101/F1-32,3,,3,5000000.0,5000000.0,प्रभाग क्रमांक 3 मध्ये विमाननगर चौकातील नाला कल्व्हर्ट बांधणे.
2022-23,CE20E101/F1-33,26,,26,5000000.0,5000000.0,"प्रभाग क्रमांक 26 महंमदवाडी येथील सं.नं. 19,20,26 मधील 24 मी डी.पी. रस्ता वरील नाल्या वर कल्व्हर्ट बांधणे"
2022-23,CE20E101/F1-34,20,,,10000000.0,10000000.0,प्रभाग क्र.२० मधील सायकल सोसायटी येथील नाला बॉक्स कल्व्हर्ट बांधणे
2023-24,CE20E101/F1-42,19,,,3000000.0,3000000.0,प्रभाग क्र.१९ मध्ये नाला कॅल्व्हट विषयक कामे करणे
2024-25,CE20E101/F1-47,29,,,3000000.0,3000000.0,प्रभाग क्र. २९ विजयनगर परिसरात पावसाळी लाईन टाकणे
2024-25,CE20E101/F1-49,2,,,10000000.0,10000000.0,प्रभाग क्र २ मधील इ कॉमर झोन ते मेंटल हॉस्पिटल पावसाळी लाईन टाकणे.
2025-26,CE20E101/F1-74,13,,,2500000.0,2500000.0,प्र.क्र.१३ नवसह्याद्री सोसायटी व परिसरात पावसाळी लाईन टाकणे व तदनुषंगिक कामे करणे
2025-26,CE20E101/F1-75,11,,,2500000.0,2500000.0,प्र.क्र. ११ प्रभागातील विविध रस्त्यांवरील पावसाळी चेंबर व पावसाळी लाईन दुरुस्त करणे तसेच चेंबर समपातळीत करणे
2025-26,CE20E101/F1-77,12,,,5000000.0,5000000.0,"प्र.क्र. १२ मध्ये बधाई चौक ते भेलकेनगर येथे रस्त्याच्या दोन्ही बाजूने पावसाळी लाईन टाकणे व रस्ता काँक्रीटीकरण करणे,"
2025-26,CE20E101/F1-78,19,,,1000000.0,1000000.0,"प्र.क्र. १९ भवानी पेठ, बालाजी मंदिर नेहरू रोड व इतर परिसरातील पावसाळी जाळ्या साफसफाई करणे व आवश्यक त्या ठिकाणी नवीन जाळ्या बसविणे"
2025-26,CE20E101/F1-79,28,,,1000000.0,1000000.0,प्र.क्र. २८ सिजीएस हॉस्पिटल मुकुंद नगर मागील बाजूस पावसाळी लाईन टाकणे
