spec,beta,se,p,n
city FE,-0.10146656584509633,0.03754979303039723,0.006888498983085003,2088
city + year FE,-0.09009469475310924,0.036498970047664434,0.013571194818318763,2088
city x year FE,-0.08750984458592664,0.03696526320257118,0.017915812241486067,2088
city:ahmedabad,-0.1582960217570306,0.16079039833676823,0.32487622761496393,107
city:bengaluru,-0.12487251491734841,0.04046530687267731,0.002029265288969553,1722
city:chennai,-0.2248952657288244,0.13489479985918634,0.09547662412704645,90
city:mumbai,0.23706948293006458,0.30834016014013144,0.4419782211845259,64
city:pune,-0.1673759003404417,0.08624976886730026,0.05230737865285068,46
city:surat,0.3774430215896979,0.3433086867719138,0.27158162801969465,59
