pdf_page,functionary_code,functionary_name,gl_code,cost_centre,work_name,revised_est,budget_est,book,ward,cc_type
255,33,STORM WATER DRAINS DEPARTMENT FUNCTIONARY CODE : 33,503300699,2001330000,1600000,1600000,1000000,BE 2024-25,,division
255,33,STORM WATER DRAINS DEPARTMENT FUNCTIONARY CODE : 33,503300699,2003330000,Division III - SWD (Eastern Suburbs) S.W.D. 1570000,1570000,550000,BE 2024-25,,division
255,33,STORM WATER DRAINS DEPARTMENT FUNCTIONARY CODE : 33,503300750,2001330000,Division I - SWD ( City) S.W.D. 1000000,1000000,1200000,BE 2024-25,,division
255,33,STORM WATER DRAINS DEPARTMENT FUNCTIONARY CODE : 33,503300750,2002330000,Division II - SWD (Western Suburbs) S.W.D. 4260000,4260000,2900000,BE 2024-25,,division
255,33,STORM WATER DRAINS DEPARTMENT FUNCTIONARY CODE : 33,503300750,2003330000,Division III - SWD (Eastern Suburbs) S.W.D. 1058000,1058000,230000,BE 2024-25,,division
257,33,STORM WATER DRAINS DEPARTMENT FUNCTIONARY CODE : 33,503300751,2001330000,Division I - SWD ( City) S.W.D. 20000,20000,360000,BE 2024-25,,division
257,33,STORM WATER DRAINS DEPARTMENT FUNCTIONARY CODE : 33,503300751,2002330000,Division II - SWD (Western Suburbs) S.W.D. 640000,640000,2901400,BE 2024-25,,division
257,33,STORM WATER DRAINS DEPARTMENT FUNCTIONARY CODE : 33,503300751,2003330000,Division III - SWD (Eastern Suburbs) S.W.D. 300000,300000,730000,BE 2024-25,,division
257,33,STORM WATER DRAINS DEPARTMENT FUNCTIONARY CODE : 33,503300756,2001330000,Division I - SWD ( City) S.W.D. ...,...,50000,BE 2024-25,,division
257,33,STORM WATER DRAINS DEPARTMENT FUNCTIONARY CODE : 33,503300756,2002330000,Division II - SWD (Western Suburbs) S.W.D. ...,...,100000,BE 2024-25,,division
257,33,STORM WATER DRAINS DEPARTMENT FUNCTIONARY CODE : 33,503300756,2003330000,Division III - SWD (Eastern Suburbs) S.W.D. ...,...,100000,BE 2024-25,,division
259,33,STORM WATER DRAINS DEPARTMENT FUNCTIONARY CODE : 33,503300407,4190330000,S.W.D.,,,BE 2024-25,L,ward
259,33,STORM WATER DRAINS DEPARTMENT FUNCTIONARY CODE : 33,503300407,4190330000,,,,BE 2024-25,L,ward
259,33,STORM WATER DRAINS DEPARTMENT FUNCTIONARY CODE : 33,410400000,2001330000,400000,400000,460000,BE 2024-25,,division
259,33,STORM WATER DRAINS DEPARTMENT FUNCTIONARY CODE : 33,503300700,3002330000,O & M - SWD (Civil) S.W.D.,700000,415000,BE 2024-25,,zone
259,33,STORM WATER DRAINS DEPARTMENT FUNCTIONARY CODE : 33,410600200,1000330000,"Computer, Printer & Peripherals 2000",2000,2000,BE 2024-25,,hq
259,33,STORM WATER DRAINS DEPARTMENT FUNCTIONARY CODE : 33,503300746,1000330000,1000,1000,20000,BE 2024-25,,hq
259,33,STORM WATER DRAINS DEPARTMENT FUNCTIONARY CODE : 33,503300749,1000330000,Poisar River S.W.D. 14823900 1450000,1450000,1831000,BE 2024-25,,hq
259,33,STORM WATER DRAINS DEPARTMENT FUNCTIONARY CODE : 33,503300749,1000330000,Dahisar River S.W.D. 3760500 1050000,1050000,730000,BE 2024-25,,hq
259,33,STORM WATER DRAINS DEPARTMENT FUNCTIONARY CODE : 33,503300749,1000330000,Oshiwara / Walbhat River S.W.D. 9750000 1000000,1000000,1009000,BE 2024-25,,hq
259,33,STORM WATER DRAINS DEPARTMENT FUNCTIONARY CODE : 33,503300752,1000332600,B.M. 14000,14000,33000,BE 2024-25,,hq
259,33,STORM WATER DRAINS DEPARTMENT FUNCTIONARY CODE : 33,503300753,4240330000,Drains near Jeevan Nagar Society Mulund (E) in 5000,5000,...,BE 2024-25,T,ward
259,33,STORM WATER DRAINS DEPARTMENT FUNCTIONARY CODE : 33,503300754,4240330000,drainage behind Khandoba Mandir (Chaphekar 1510,1510,...,BE 2024-25,T,ward
259,33,STORM WATER DRAINS DEPARTMENT FUNCTIONARY CODE : 33,503300755,4040330000,2500,2500,...,BE 2024-25,D,ward
261,33,STORM WATER DRAINS DEPARTMENT FUNCTIONARY CODE : 33,503300701,2001330000,Division I - SWD S.W.D. ...,...,,BE 2024-25,,division
261,33,STORM WATER DRAINS DEPARTMENT FUNCTIONARY CODE : 33,503300701,2002330000,Division II - SWD S.W.D.,46800,,BE 2024-25,,division
261,33,STORM WATER DRAINS DEPARTMENT FUNCTIONARY CODE : 33,503300701,2003330000,Division III - SWD S.W.D.,559200,,BE 2024-25,,division
261,33,STORM WATER DRAINS DEPARTMENT FUNCTIONARY CODE : 33,503300085,2002330000,Division II - SWD S.W.D.,230000,330000,BE 2024-25,,division
261,33,STORM WATER DRAINS DEPARTMENT FUNCTIONARY CODE : 33,503300085,2003330000,Division III - SWD S.W.D. 1000,1000,1000,BE 2024-25,,division
241,33,STORM WATER DRAINS DEPARTMENT FUNCTIONARY CODE : 33,503300699,2001330000,Division I - SWD ( City) S.W.D. 800000,800000,650000,BE 2025-26,,division
241,33,STORM WATER DRAINS DEPARTMENT FUNCTIONARY CODE : 33,503300699,2002330000,Division II - SWD (Western Suburbs) S.W.D. 500000,500000,250000,BE 2025-26,,division
241,33,STORM WATER DRAINS DEPARTMENT FUNCTIONARY CODE : 33,503300699,2003330000,Division III - SWD (Eastern Suburbs) S.W.D. 500000,500000,230000,BE 2025-26,,division
241,33,STORM WATER DRAINS DEPARTMENT FUNCTIONARY CODE : 33,503300750,2001330000,Division I - SWD ( City) S.W.D. 1200000,1200000,1040000,BE 2025-26,,division
241,33,STORM WATER DRAINS DEPARTMENT FUNCTIONARY CODE : 33,503300750,2002330000,Division II - SWD (Western Suburbs) S.W.D. 1922700,1922700,600000,BE 2025-26,,division
241,33,STORM WATER DRAINS DEPARTMENT FUNCTIONARY CODE : 33,503300750,2003330000,Division III - SWD (Eastern Suburbs) S.W.D. 200000,200000,110000,BE 2025-26,,division
243,33,STORM WATER DRAINS DEPARTMENT FUNCTIONARY CODE : 33,503300751,2001330000,Division I - SWD ( City) S.W.D. 100000,100000,80000,BE 2025-26,,division
243,33,STORM WATER DRAINS DEPARTMENT FUNCTIONARY CODE : 33,503300751,2002330000,Division II - SWD (Western Suburbs) S.W.D. 4100000,4100000,2050000,BE 2025-26,,division
243,33,STORM WATER DRAINS DEPARTMENT FUNCTIONARY CODE : 33,503300751,2003330000,Division III - SWD (Eastern Suburbs) S.W.D. 1560000,1560000,780000,BE 2025-26,,division
243,33,STORM WATER DRAINS DEPARTMENT FUNCTIONARY CODE : 33,503300756,2001330000,Division I - SWD ( City) S.W.D. 49000,49000,720000,BE 2025-26,,division
243,33,STORM WATER DRAINS DEPARTMENT FUNCTIONARY CODE : 33,503300756,2002330000,Division II - SWD (Western Suburbs) S.W.D. 100000,100000,2000000,BE 2025-26,,division
243,33,STORM WATER DRAINS DEPARTMENT FUNCTIONARY CODE : 33,503300756,2003330000,Division III - SWD (Eastern Suburbs) S.W.D. 80000,80000,540000,BE 2025-26,,division
245,33,STORM WATER DRAINS DEPARTMENT FUNCTIONARY CODE : 33,503300757,2001330000,Division I - SWD ( City) S.W.D. ...,...,10000,BE 2025-26,,division
245,33,STORM WATER DRAINS DEPARTMENT FUNCTIONARY CODE : 33,503300757,2002330000,Division II - SWD (Western Suburbs) S.W.D. ...,...,10000,BE 2025-26,,division
245,33,STORM WATER DRAINS DEPARTMENT FUNCTIONARY CODE : 33,503300757,2003330000,Division III - SWD (Eastern Suburbs) S.W.D. ...,...,10000,BE 2025-26,,division
245,33,STORM WATER DRAINS DEPARTMENT FUNCTIONARY CODE : 33,503300407,4190330000,Other river/nalla system in Brihanmumbai S.W.D.,,,BE 2025-26,L,ward
245,33,STORM WATER DRAINS DEPARTMENT FUNCTIONARY CODE : 33,503300407,4190330000,Other river/nalla system in Brihanmumbai S.W.D.,,,BE 2025-26,L,ward
245,33,STORM WATER DRAINS DEPARTMENT FUNCTIONARY CODE : 33,410400000,2001330000,Plant & Machinery S.W.D. 221500,221500,716400,BE 2025-26,,division
245,33,STORM WATER DRAINS DEPARTMENT FUNCTIONARY CODE : 33,503300700,3001330000,Zone I - (SWD) S.W.D. 20000,20000,83100,BE 2025-26,,zone
245,33,STORM WATER DRAINS DEPARTMENT FUNCTIONARY CODE : 33,503300700,3002330000,Zone II - (SWD) S.W.D. 396000,396000,516900,BE 2025-26,,zone
245,33,STORM WATER DRAINS DEPARTMENT FUNCTIONARY CODE : 33,410600200,1000330000,"Computer, Printer & Peripherals 4000",4000,4000,BE 2025-26,,hq
245,33,STORM WATER DRAINS DEPARTMENT FUNCTIONARY CODE : 33,503300746,1000330000,10000,10000,10000,BE 2025-26,,hq
247,33,STORM WATER DRAINS DEPARTMENT FUNCTIONARY CODE : 33,503300749,1000330000,Dahisar River S.W.D. 3760500 2000000,2000000,4930000,BE 2025-26,,hq
247,33,STORM WATER DRAINS DEPARTMENT FUNCTIONARY CODE : 33,503300749,1000330000,Oshiwara / Walbhat River S.W.D.,,,BE 2025-26,,hq
247,33,STORM WATER DRAINS DEPARTMENT FUNCTIONARY CODE : 33,503300752,1000332600,B.M. 28500,28500,3575,BE 2025-26,,hq
247,33,STORM WATER DRAINS DEPARTMENT FUNCTIONARY CODE : 33,503300701,2001330000,Division I - SWD S.W.D.,1000,,BE 2025-26,,division
247,33,STORM WATER DRAINS DEPARTMENT FUNCTIONARY CODE : 33,503300701,2002330000,Division II - SWD S.W.D.,7300,,BE 2025-26,,division
247,33,STORM WATER DRAINS DEPARTMENT FUNCTIONARY CODE : 33,503300701,2003330000,Division III - SWD S.W.D. 250000,250000,,BE 2025-26,,division
247,33,STORM WATER DRAINS DEPARTMENT FUNCTIONARY CODE : 33,503300085,2001330000,Division I - SWD S.W.D. 103500,103500,1155900,BE 2025-26,,division
247,33,STORM WATER DRAINS DEPARTMENT FUNCTIONARY CODE : 33,503300085,2002330000,Division II - SWD S.W.D.,195500,1650000,BE 2025-26,,division
247,33,STORM WATER DRAINS DEPARTMENT FUNCTIONARY CODE : 33,503300085,2003330000,Division III - SWD S.W.D.,1000,...,BE 2025-26,,division
245,33,STORM WATER DRAINS DEPARTMENT FUNCTIONARY CODE : 33,503300699,2001330000,Division I - SWD ( City) S.W.D. 350000,350000,253400,BE 2026-27,,division
245,33,STORM WATER DRAINS DEPARTMENT FUNCTIONARY CODE : 33,503300699,2002330000,Division II - SWD (Western Suburbs) S.W.D. 300000,300000,100000,BE 2026-27,,division
245,33,STORM WATER DRAINS DEPARTMENT FUNCTIONARY CODE : 33,503300699,2003330000,Division III - SWD (Eastern Suburbs) S.W.D. 150000,150000,100000,BE 2026-27,,division
245,33,STORM WATER DRAINS DEPARTMENT FUNCTIONARY CODE : 33,503300750,2001330000,Division I - SWD ( City) S.W.D. 2400000,2400000,1066200,BE 2026-27,,division
245,33,STORM WATER DRAINS DEPARTMENT FUNCTIONARY CODE : 33,503300750,2002330000,Division II - SWD (Western Suburbs) S.W.D. 400000,400000,160000,BE 2026-27,,division
245,33,STORM WATER DRAINS DEPARTMENT FUNCTIONARY CODE : 33,503300750,2003330000,Division III - SWD (Eastern Suburbs) S.W.D. 150000,150000,200000,BE 2026-27,,division
247,33,STORM WATER DRAINS DEPARTMENT FUNCTIONARY CODE : 33,503300751,2001330000,Division I - SWD ( City) S.W.D. 100000,100000,66200,BE 2026-27,,division
247,33,STORM WATER DRAINS DEPARTMENT FUNCTIONARY CODE : 33,503300751,2002330000,Division II - SWD (Western Suburbs) S.W.D. 1770000,1770000,577800,BE 2026-27,,division
247,33,STORM WATER DRAINS DEPARTMENT FUNCTIONARY CODE : 33,503300751,2003330000,Division III - SWD (Eastern Suburbs) S.W.D. 844900,844900,121200,BE 2026-27,,division
247,33,STORM WATER DRAINS DEPARTMENT FUNCTIONARY CODE : 33,503300751,4220330000,N Ward S.W.D. 9100,9100,...,BE 2026-27,N,ward
247,33,STORM WATER DRAINS DEPARTMENT FUNCTIONARY CODE : 33,503300756,2001330000,Division I - SWD ( City) S.W.D. 150000,150000,226100,BE 2026-27,,division
247,33,STORM WATER DRAINS DEPARTMENT FUNCTIONARY CODE : 33,503300756,2002330000,Division II - SWD (Western Suburbs) S.W.D. 700000,700000,350000,BE 2026-27,,division
247,33,STORM WATER DRAINS DEPARTMENT FUNCTIONARY CODE : 33,503300756,2003330000,Division III - SWD (Eastern Suburbs) S.W.D. 660000,660000,350000,BE 2026-27,,division
249,33,STORM WATER DRAINS DEPARTMENT FUNCTIONARY CODE : 33,503300757,2001330000,Division I - SWD ( City) S.W.D. 98600,98600,131400,BE 2026-27,,division
249,33,STORM WATER DRAINS DEPARTMENT FUNCTIONARY CODE : 33,503300757,2002330000,Division II - SWD (Western Suburbs) S.W.D. 100000,100000,470000,BE 2026-27,,division
249,33,STORM WATER DRAINS DEPARTMENT FUNCTIONARY CODE : 33,503300757,2003330000,Division III - SWD (Eastern Suburbs) S.W.D. 200000,200000,1000000,BE 2026-27,,division
249,33,STORM WATER DRAINS DEPARTMENT FUNCTIONARY CODE : 33,503300758,2001330000,Division I - SWD ( City) S.W.D. ...,...,100000,BE 2026-27,,division
249,33,STORM WATER DRAINS DEPARTMENT FUNCTIONARY CODE : 33,503300758,2002330000,Division II - SWD (Western Suburbs) S.W.D. ...,...,500000,BE 2026-27,,division
249,33,STORM WATER DRAINS DEPARTMENT FUNCTIONARY CODE : 33,503300758,2003330000,Division III - SWD (Eastern Suburbs) S.W.D. ...,...,100000,BE 2026-27,,division
251,33,STORM WATER DRAINS DEPARTMENT FUNCTIONARY CODE : 33,503300407,4190330000,Other river/nalla system in Brihanmumbai S.W.D.,,,BE 2026-27,L,ward
251,33,STORM WATER DRAINS DEPARTMENT FUNCTIONARY CODE : 33,503300407,4190330000,Other river/nalla system in Brihanmumbai S.W.D.,,,BE 2026-27,L,ward
251,33,STORM WATER DRAINS DEPARTMENT FUNCTIONARY CODE : 33,410400000,2001330000,Plant & Machinery S.W.D. 249700,249700,787800,BE 2026-27,,division
251,33,STORM WATER DRAINS DEPARTMENT FUNCTIONARY CODE : 33,503300700,3001330000,Zone I - (SWD) S.W.D. 101700,101700,194500,BE 2026-27,,zone
251,33,STORM WATER DRAINS DEPARTMENT FUNCTIONARY CODE : 33,503300700,3002330000,Zone II - (SWD) S.W.D. 518300,518300,427500,BE 2026-27,,zone
251,33,STORM WATER DRAINS DEPARTMENT FUNCTIONARY CODE : 33,410600200,1000330000,"Computer, Printer & Peripherals 4000",4000,1800,BE 2026-27,,hq
251,33,STORM WATER DRAINS DEPARTMENT FUNCTIONARY CODE : 33,503300746,1000330000,6000,6000,6000,BE 2026-27,,hq
251,33,STORM WATER DRAINS DEPARTMENT FUNCTIONARY CODE : 33,503300749,1000330000,Poisar River S.W.D.,,,BE 2026-27,,hq
251,33,STORM WATER DRAINS DEPARTMENT FUNCTIONARY CODE : 33,503300749,1000330000,Dahisar River S.W.D. 3760500 4000000,4000000,5600000,BE 2026-27,,hq
251,33,STORM WATER DRAINS DEPARTMENT FUNCTIONARY CODE : 33,503300749,1000330000,Oshiwara / Walbhat River S.W.D.,,,BE 2026-27,,hq
251,33,STORM WATER DRAINS DEPARTMENT FUNCTIONARY CODE : 33,503300752,1000332600,B.M. 38564 10300,10300,...,BE 2026-27,,hq
251,33,STORM WATER DRAINS DEPARTMENT FUNCTIONARY CODE : 33,503300752,1000332600,M&E 87161 20000,20000,60000,BE 2026-27,,hq
253,33,STORM WATER DRAINS DEPARTMENT FUNCTIONARY CODE : 33,503300701,2001330000,Division I - SWD S.W.D.,1400,100,BE 2026-27,,division
253,33,STORM WATER DRAINS DEPARTMENT FUNCTIONARY CODE : 33,503300701,2003330000,Division III - SWD S.W.D.,206000,50000,BE 2026-27,,division
253,33,STORM WATER DRAINS DEPARTMENT FUNCTIONARY CODE : 33,503300085,2001330000,Division I - SWD S.W.D.,620000,1201000,BE 2026-27,,division
253,33,STORM WATER DRAINS DEPARTMENT FUNCTIONARY CODE : 33,503300085,2002330000,Division II - SWD S.W.D.,380000,1299000,BE 2026-27,,division
