book,zone,fy,measure,rs_lakh
SMC Budget Book 2021-22,East-B,2019-20,actual,104.65
SMC Budget Book 2021-22,East-B,2020-21,orig_budget,61.23
SMC Budget Book 2021-22,East-B,2020-21,revised,55.66
SMC Budget Book 2021-22,East-B,2021-22,est_commissioner,289.68
SMC Budget Book 2021-22,East-B,2021-22,est_standing,289.68
SMC Budget Book 2021-22,East-B,2021-22,est_corporation_final,289.68
SMC Budget Book 2021-22,HQ,2020-21,orig_budget,2.0
SMC Budget Book 2021-22,HQ,2021-22,est_commissioner,1.0
SMC Budget Book 2021-22,HQ,2021-22,est_standing,1.0
SMC Budget Book 2021-22,HQ,2021-22,est_corporation_final,1.0
SMC Budget Book 2021-22,West,2018-19,actual,197.64
SMC Budget Book 2021-22,West,2020-21,revised,274.53
SMC Budget Book 2021-22,West,2021-22,est_commissioner,1097.0
SMC Budget Book 2021-22,West,2021-22,est_standing,1097.0
SMC Budget Book 2021-22,West,2021-22,est_corporation_final,1097.0
SMC Budget Book 2021-22,West,2019-20,actual,203.71
SMC Budget Book 2021-22,West,2020-21,orig_budget,630.0
SMC Budget Book 2021-22,Central,2018-19,actual,75.16
SMC Budget Book 2021-22,Central,2019-20,actual,35.33
SMC Budget Book 2021-22,Central,2020-21,orig_budget,180.0
SMC Budget Book 2021-22,Central,2020-21,revised,100.0
SMC Budget Book 2021-22,Central,2021-22,est_commissioner,285.0
SMC Budget Book 2021-22,Central,2021-22,est_standing,285.0
SMC Budget Book 2021-22,Central,2021-22,est_corporation_final,285.0
SMC Budget Book 2021-22,North,2018-19,actual,390.95
SMC Budget Book 2021-22,North,2019-20,actual,468.61
SMC Budget Book 2021-22,North,2020-21,orig_budget,170.0
SMC Budget Book 2021-22,North,2020-21,revised,175.0
SMC Budget Book 2021-22,North,2021-22,est_commissioner,249.0
SMC Budget Book 2021-22,North,2021-22,est_standing,249.0
SMC Budget Book 2021-22,North,2021-22,est_corporation_final,249.0
SMC Budget Book 2021-22,East-A,2018-19,actual,302.9
SMC Budget Book 2021-22,East-A,2019-20,actual,36.39
SMC Budget Book 2021-22,East-A,2020-21,orig_budget,1165.0
SMC Budget Book 2021-22,East-A,2020-21,revised,189.0
SMC Budget Book 2021-22,East-A,2021-22,est_commissioner,822.0
SMC Budget Book 2021-22,East-A,2021-22,est_standing,822.0
SMC Budget Book 2021-22,East-A,2021-22,est_corporation_final,822.0
SMC Budget Book 2021-22,South,2018-19,actual,145.37
SMC Budget Book 2021-22,South,2019-20,actual,64.24
SMC Budget Book 2021-22,South,2020-21,orig_budget,265.0
SMC Budget Book 2021-22,South,2020-21,revised,150.0
SMC Budget Book 2021-22,South,2021-22,est_commissioner,425.0
SMC Budget Book 2021-22,South,2021-22,est_standing,425.0
SMC Budget Book 2021-22,South,2021-22,est_corporation_final,425.0
SMC Budget Book 2021-22,South-East,2018-19,actual,219.8
SMC Budget Book 2021-22,South-East,2019-20,actual,285.75
SMC Budget Book 2021-22,South-East,2020-21,orig_budget,517.0
SMC Budget Book 2021-22,South-East,2020-21,revised,330.0
SMC Budget Book 2021-22,South-East,2021-22,est_commissioner,250.0
SMC Budget Book 2021-22,South-East,2021-22,est_standing,250.0
SMC Budget Book 2021-22,South-East,2021-22,est_corporation_final,250.0
SMC Budget Book 2021-22,South-West,2018-19,actual,87.69
SMC Budget Book 2021-22,South-West,2019-20,actual,194.19
SMC Budget Book 2021-22,South-West,2020-21,orig_budget,501.0
SMC Budget Book 2021-22,South-West,2020-21,revised,140.0
SMC Budget Book 2021-22,South-West,2021-22,est_commissioner,560.0
SMC Budget Book 2021-22,South-West,2021-22,est_standing,560.0
SMC Budget Book 2021-22,South-West,2021-22,est_corporation_final,560.0
SMC Budget Book 2022-23,HQ,2021-22,orig_budget,1.0
SMC Budget Book 2022-23,HQ,2021-22,revised,0.6
SMC Budget Book 2022-23,HQ,2022-23,est_commissioner,1.0
SMC Budget Book 2022-23,HQ,2022-23,est_standing,1.0
SMC Budget Book 2022-23,HQ,2022-23,est_corporation_final,1.0
SMC Budget Book 2022-23,West,2021-22,orig_budget,177.0
SMC Budget Book 2022-23,West,2021-22,revised,845.1
SMC Budget Book 2022-23,West,2022-23,est_commissioner,700.0
SMC Budget Book 2022-23,West,2022-23,est_standing,700.0
SMC Budget Book 2022-23,West,2022-23,est_corporation_final,700.0
SMC Budget Book 2022-23,West,2019-20,actual,203.71
SMC Budget Book 2022-23,West,2020-21,actual,64.26
SMC Budget Book 2022-23,Central,2019-20,actual,35.33
SMC Budget Book 2022-23,Central,2020-21,actual,93.0
SMC Budget Book 2022-23,Central,2021-22,orig_budget,285.0
SMC Budget Book 2022-23,Central,2021-22,revised,240.0
SMC Budget Book 2022-23,Central,2022-23,est_commissioner,100.0
SMC Budget Book 2022-23,Central,2022-23,est_standing,100.0
SMC Budget Book 2022-23,Central,2022-23,est_corporation_final,100.0
SMC Budget Book 2022-23,North,2019-20,actual,468.61
SMC Budget Book 2022-23,North,2020-21,actual,113.27
SMC Budget Book 2022-23,North,2021-22,orig_budget,249.0
SMC Budget Book 2022-23,North,2021-22,revised,193.0
SMC Budget Book 2022-23,North,2022-23,est_commissioner,612.0
SMC Budget Book 2022-23,North,2022-23,est_standing,612.0
SMC Budget Book 2022-23,North,2022-23,est_corporation_final,612.0
SMC Budget Book 2022-23,East-A,2019-20,actual,36.39
SMC Budget Book 2022-23,East-A,2020-21,actual,23.92
SMC Budget Book 2022-23,East-A,2021-22,orig_budget,822.0
SMC Budget Book 2022-23,East-A,2021-22,revised,299.0
SMC Budget Book 2022-23,East-A,2022-23,est_commissioner,525.0
SMC Budget Book 2022-23,East-A,2022-23,est_standing,525.0
SMC Budget Book 2022-23,East-A,2022-23,est_corporation_final,525.0
SMC Budget Book 2022-23,East-B,2019-20,actual,104.65
SMC Budget Book 2022-23,East-B,2020-21,actual,49.77
SMC Budget Book 2022-23,East-B,2021-22,orig_budget,189.68
SMC Budget Book 2022-23,East-B,2021-22,revised,154.12
SMC Budget Book 2022-23,East-B,2022-23,est_commissioner,574.68
SMC Budget Book 2022-23,East-B,2022-23,est_standing,574.68
SMC Budget Book 2022-23,East-B,2022-23,est_corporation_final,574.68
SMC Budget Book 2022-23,South-A,2019-20,actual,64.24
SMC Budget Book 2022-23,South-A,2020-21,actual,103.15
SMC Budget Book 2022-23,South-A,2021-22,orig_budget,425.0
SMC Budget Book 2022-23,South-A,2021-22,revised,370.0
SMC Budget Book 2022-23,South-A,2022-23,est_commissioner,275.0
SMC Budget Book 2022-23,South-A,2022-23,est_standing,275.0
SMC Budget Book 2022-23,South-A,2022-23,est_corporation_final,275.0
SMC Budget Book 2022-23,South-B,2022-23,est_commissioner,750.0
SMC Budget Book 2022-23,South-B,2022-23,est_standing,750.0
SMC Budget Book 2022-23,South-B,2022-23,est_corporation_final,750.0
SMC Budget Book 2022-23,South-East,2019-20,actual,285.75
SMC Budget Book 2022-23,South-East,2020-21,actual,265.19
SMC Budget Book 2022-23,South-East,2021-22,orig_budget,250.0
SMC Budget Book 2022-23,South-East,2021-22,revised,115.0
SMC Budget Book 2022-23,South-East,2022-23,est_commissioner,160.0
SMC Budget Book 2022-23,South-East,2022-23,est_standing,160.0
SMC Budget Book 2022-23,South-East,2022-23,est_corporation_final,160.0
SMC Budget Book 2022-23,South-West,2019-20,actual,194.19
SMC Budget Book 2022-23,South-West,2020-21,actual,43.54
SMC Budget Book 2022-23,South-West,2021-22,orig_budget,310.0
SMC Budget Book 2022-23,South-West,2021-22,revised,270.0
SMC Budget Book 2022-23,South-West,2022-23,est_commissioner,910.0
SMC Budget Book 2022-23,South-West,2022-23,est_standing,910.0
SMC Budget Book 2022-23,South-West,2022-23,est_corporation_final,910.0
SMC Budget Book 2023-24,HQ,2023-24,est_commissioner,2501.0
SMC Budget Book 2023-24,HQ,2023-24,est_standing,2501.0
SMC Budget Book 2023-24,HQ,2023-24,est_corporation_final,2501.0
SMC Budget Book 2023-24,HQ,2021-22,actual,10.18
SMC Budget Book 2023-24,HQ,2022-23,orig_budget,1.0
SMC Budget Book 2023-24,HQ,2022-23,revised,0.5
SMC Budget Book 2023-24,West,2021-22,actual,734.86
SMC Budget Book 2023-24,West,2022-23,orig_budget,700.0
SMC Budget Book 2023-24,West,2020-21,actual,64.26
SMC Budget Book 2023-24,West,2022-23,revised,140.56
SMC Budget Book 2023-24,West,2023-24,est_commissioner,300.0
SMC Budget Book 2023-24,West,2023-24,est_standing,300.0
SMC Budget Book 2023-24,West,2023-24,est_corporation_final,300.0
SMC Budget Book 2023-24,Central,2020-21,actual,93.0
SMC Budget Book 2023-24,Central,2021-22,actual,248.4
SMC Budget Book 2023-24,Central,2022-23,revised,310.5
SMC Budget Book 2023-24,Central,2023-24,est_commissioner,115.0
SMC Budget Book 2023-24,Central,2023-24,est_standing,115.0
SMC Budget Book 2023-24,Central,2023-24,est_corporation_final,115.0
SMC Budget Book 2023-24,North,2020-21,actual,113.27
SMC Budget Book 2023-24,North,2021-22,actual,223.43
SMC Budget Book 2023-24,North,2022-23,orig_budget,727.0
SMC Budget Book 2023-24,North,2022-23,revised,353.0
SMC Budget Book 2023-24,North,2023-24,est_commissioner,360.0
SMC Budget Book 2023-24,North,2023-24,est_standing,360.0
SMC Budget Book 2023-24,North,2023-24,est_corporation_final,360.0
SMC Budget Book 2023-24,East-A,2020-21,actual,23.92
SMC Budget Book 2023-24,East-A,2021-22,actual,248.01
SMC Budget Book 2023-24,East-A,2022-23,orig_budget,525.0
SMC Budget Book 2023-24,East-A,2022-23,revised,337.83
SMC Budget Book 2023-24,East-A,2023-24,est_commissioner,160.0
SMC Budget Book 2023-24,East-A,2023-24,est_standing,160.0
SMC Budget Book 2023-24,East-A,2023-24,est_corporation_final,160.0
SMC Budget Book 2023-24,East-B,2020-21,actual,49.77
SMC Budget Book 2023-24,East-B,2021-22,actual,96.96
SMC Budget Book 2023-24,East-B,2022-23,orig_budget,574.68
SMC Budget Book 2023-24,East-B,2022-23,revised,406.6
SMC Budget Book 2023-24,East-B,2023-24,est_commissioner,1086.5
SMC Budget Book 2023-24,East-B,2023-24,est_standing,1086.5
SMC Budget Book 2023-24,East-B,2023-24,est_corporation_final,1086.5
SMC Budget Book 2023-24,South-A,2020-21,actual,103.15
SMC Budget Book 2023-24,South-A,2021-22,actual,239.42
SMC Budget Book 2023-24,South-A,2022-23,orig_budget,275.0
SMC Budget Book 2023-24,South-A,2022-23,revised,947.0
SMC Budget Book 2023-24,South-A,2023-24,est_commissioner,1409.0
SMC Budget Book 2023-24,South-A,2023-24,est_standing,1409.0
SMC Budget Book 2023-24,South-A,2023-24,est_corporation_final,1409.0
SMC Budget Book 2023-24,South-B,2022-23,orig_budget,750.0
SMC Budget Book 2023-24,South-B,2022-23,revised,530.0
SMC Budget Book 2023-24,South-B,2023-24,est_commissioner,400.0
SMC Budget Book 2023-24,South-B,2023-24,est_standing,400.0
SMC Budget Book 2023-24,South-B,2023-24,est_corporation_final,400.0
SMC Budget Book 2023-24,South-East,2020-21,actual,265.19
SMC Budget Book 2023-24,South-East,2021-22,actual,276.87
SMC Budget Book 2023-24,South-East,2022-23,orig_budget,160.0
SMC Budget Book 2023-24,South-East,2022-23,revised,413.35
SMC Budget Book 2023-24,South-East,2023-24,est_commissioner,229.0
SMC Budget Book 2023-24,South-East,2023-24,est_standing,229.0
SMC Budget Book 2023-24,South-East,2023-24,est_corporation_final,229.0
SMC Budget Book 2023-24,South-West,2020-21,actual,43.54
SMC Budget Book 2023-24,South-West,2021-22,actual,232.15
SMC Budget Book 2023-24,South-West,2022-23,revised,275.0
SMC Budget Book 2023-24,South-West,2023-24,est_commissioner,577.0
SMC Budget Book 2023-24,South-West,2023-24,est_standing,577.0
SMC Budget Book 2023-24,South-West,2023-24,est_corporation_final,577.0
SMC Budget Book 2023-24,South-West,2022-23,orig_budget,400.0
SMC Budget Book 2024-25,HQ,2023-24,orig_budget,2501.0
SMC Budget Book 2024-25,HQ,2024-25,est_commissioner,837.13
SMC Budget Book 2024-25,HQ,2024-25,est_standing,837.13
SMC Budget Book 2024-25,HQ,2024-25,est_corporation_final,837.13
SMC Budget Book 2024-25,HQ,2021-22,actual,10.18
SMC Budget Book 2024-25,West,2021-22,actual,734.86
SMC Budget Book 2024-25,West,2022-23,actual,191.66
SMC Budget Book 2024-25,West,2023-24,orig_budget,500.0
SMC Budget Book 2024-25,West,2023-24,revised,255.0
SMC Budget Book 2024-25,West,2024-25,est_commissioner,360.0
SMC Budget Book 2024-25,West,2024-25,est_standing,360.0
SMC Budget Book 2024-25,West,2024-25,est_corporation_final,360.0
SMC Budget Book 2024-25,Central,2021-22,actual,248.4
SMC Budget Book 2024-25,Central,2022-23,actual,245.16
SMC Budget Book 2024-25,Central,2023-24,orig_budget,115.0
SMC Budget Book 2024-25,Central,2023-24,revised,116.0
SMC Budget Book 2024-25,Central,2024-25,est_commissioner,152.0
SMC Budget Book 2024-25,Central,2024-25,est_standing,152.0
SMC Budget Book 2024-25,Central,2024-25,est_corporation_final,152.0
SMC Budget Book 2024-25,North,2021-22,actual,223.43
SMC Budget Book 2024-25,North,2022-23,actual,269.6
SMC Budget Book 2024-25,North,2023-24,orig_budget,360.0
SMC Budget Book 2024-25,North,2023-24,revised,305.0
SMC Budget Book 2024-25,North,2024-25,est_commissioner,397.5
SMC Budget Book 2024-25,North,2024-25,est_standing,397.5
SMC Budget Book 2024-25,North,2024-25,est_corporation_final,397.5
SMC Budget Book 2024-25,East-A,2021-22,actual,248.01
SMC Budget Book 2024-25,East-A,2022-23,actual,351.6
SMC Budget Book 2024-25,East-A,2023-24,orig_budget,160.0
SMC Budget Book 2024-25,East-A,2023-24,revised,61.86
SMC Budget Book 2024-25,East-A,2024-25,est_commissioner,195.0
SMC Budget Book 2024-25,East-A,2024-25,est_standing,195.0
SMC Budget Book 2024-25,East-A,2024-25,est_corporation_final,195.0
SMC Budget Book 2024-25,East-B,2021-22,actual,96.96
SMC Budget Book 2024-25,East-B,2022-23,actual,333.67
SMC Budget Book 2024-25,East-B,2023-24,orig_budget,1186.5
SMC Budget Book 2024-25,East-B,2023-24,revised,134.1
SMC Budget Book 2024-25,East-B,2024-25,est_commissioner,4445.0
SMC Budget Book 2024-25,East-B,2024-25,est_standing,4445.0
SMC Budget Book 2024-25,East-B,2024-25,est_corporation_final,4445.0
SMC Budget Book 2024-25,South-A,2021-22,actual,239.42
SMC Budget Book 2024-25,South-A,2022-23,actual,1072.89
SMC Budget Book 2024-25,South-A,2023-24,orig_budget,1409.0
SMC Budget Book 2024-25,South-A,2023-24,revised,1196.4
SMC Budget Book 2024-25,South-A,2024-25,est_commissioner,791.27
SMC Budget Book 2024-25,South-A,2024-25,est_standing,791.27
SMC Budget Book 2024-25,South-A,2024-25,est_corporation_final,791.27
SMC Budget Book 2024-25,South-B,2022-23,actual,506.58
SMC Budget Book 2024-25,South-B,2023-24,orig_budget,400.0
SMC Budget Book 2024-25,South-B,2023-24,revised,310.0
SMC Budget Book 2024-25,South-B,2024-25,est_commissioner,1055.0
SMC Budget Book 2024-25,South-B,2024-25,est_standing,1055.0
SMC Budget Book 2024-25,South-B,2024-25,est_corporation_final,1055.0
SMC Budget Book 2024-25,South-East,2021-22,actual,276.87
SMC Budget Book 2024-25,South-East,2022-23,actual,267.23
SMC Budget Book 2024-25,South-East,2023-24,orig_budget,229.0
SMC Budget Book 2024-25,South-East,2023-24,revised,250.0
SMC Budget Book 2024-25,South-East,2024-25,est_commissioner,195.0
SMC Budget Book 2024-25,South-East,2024-25,est_standing,195.0
SMC Budget Book 2024-25,South-East,2024-25,est_corporation_final,195.0
SMC Budget Book 2024-25,South-West,2021-22,actual,232.15
SMC Budget Book 2024-25,South-West,2022-23,actual,163.86
SMC Budget Book 2024-25,South-West,2023-24,orig_budget,500.0
SMC Budget Book 2024-25,South-West,2023-24,revised,627.0
SMC Budget Book 2024-25,South-West,2024-25,est_commissioner,900.0
SMC Budget Book 2024-25,South-West,2024-25,est_standing,900.0
SMC Budget Book 2024-25,South-West,2024-25,est_corporation_final,900.0
SMC Budget Book 2025-26,HQ,2025-26,est_commissioner,14910.0
SMC Budget Book 2025-26,HQ,2025-26,est_standing,14910.0
SMC Budget Book 2025-26,HQ,2025-26,est_corporation_final,14910.0
SMC Budget Book 2025-26,HQ,2024-25,revised,50.0
SMC Budget Book 2025-26,HQ,2024-25,orig_budget,837.13
SMC Budget Book 2025-26,West,2022-23,actual,191.66
SMC Budget Book 2025-26,West,2023-24,actual,203.86
SMC Budget Book 2025-26,West,2024-25,orig_budget,360.0
SMC Budget Book 2025-26,West,2024-25,revised,345.61
SMC Budget Book 2025-26,West,2025-26,est_commissioner,900.0
SMC Budget Book 2025-26,West,2025-26,est_standing,900.0
SMC Budget Book 2025-26,West,2025-26,est_corporation_final,900.0
SMC Budget Book 2025-26,Central,2022-23,actual,245.16
SMC Budget Book 2025-26,Central,2023-24,actual,115.31
SMC Budget Book 2025-26,Central,2024-25,orig_budget,152.0
SMC Budget Book 2025-26,Central,2025-26,est_commissioner,177.0
SMC Budget Book 2025-26,Central,2025-26,est_standing,177.0
SMC Budget Book 2025-26,Central,2025-26,est_corporation_final,177.0
SMC Budget Book 2025-26,Central,2024-25,revised,204.8
SMC Budget Book 2025-26,North,2022-23,actual,269.6
SMC Budget Book 2025-26,North,2023-24,actual,300.04
SMC Budget Book 2025-26,North,2024-25,orig_budget,397.5
SMC Budget Book 2025-26,North,2024-25,revised,420.0
SMC Budget Book 2025-26,North,2025-26,est_commissioner,2160.0
SMC Budget Book 2025-26,North,2025-26,est_standing,2160.0
SMC Budget Book 2025-26,North,2025-26,est_corporation_final,2160.0
SMC Budget Book 2025-26,East-A,2022-23,actual,351.6
SMC Budget Book 2025-26,East-A,2023-24,actual,62.44
SMC Budget Book 2025-26,East-A,2024-25,orig_budget,195.0
SMC Budget Book 2025-26,East-A,2024-25,revised,90.0
SMC Budget Book 2025-26,East-A,2025-26,est_commissioner,570.0
SMC Budget Book 2025-26,East-A,2025-26,est_standing,570.0
SMC Budget Book 2025-26,East-A,2025-26,est_corporation_final,570.0
SMC Budget Book 2025-26,East-B,2022-23,actual,333.67
SMC Budget Book 2025-26,East-B,2023-24,actual,69.33
SMC Budget Book 2025-26,East-B,2024-25,orig_budget,4445.0
SMC Budget Book 2025-26,East-B,2024-25,revised,2301.0
SMC Budget Book 2025-26,East-B,2025-26,est_commissioner,2703.55
SMC Budget Book 2025-26,East-B,2025-26,est_standing,2703.55
SMC Budget Book 2025-26,East-B,2025-26,est_corporation_final,2703.55
SMC Budget Book 2025-26,South-A,2022-23,actual,1072.89
SMC Budget Book 2025-26,South-A,2024-25,orig_budget,791.27
SMC Budget Book 2025-26,South-A,2024-25,revised,374.0
SMC Budget Book 2025-26,South-A,2025-26,est_commissioner,610.0
SMC Budget Book 2025-26,South-A,2025-26,est_standing,610.0
SMC Budget Book 2025-26,South-A,2025-26,est_corporation_final,610.0
SMC Budget Book 2025-26,South-A,2023-24,actual,991.27
SMC Budget Book 2025-26,South-B,2022-23,actual,506.58
SMC Budget Book 2025-26,South-B,2024-25,orig_budget,1055.0
SMC Budget Book 2025-26,South-B,2025-26,est_commissioner,1174.0
SMC Budget Book 2025-26,South-B,2025-26,est_standing,1174.0
SMC Budget Book 2025-26,South-B,2025-26,est_corporation_final,1174.0
SMC Budget Book 2025-26,South-B,2023-24,actual,350.17
SMC Budget Book 2025-26,South-B,2024-25,revised,1097.0
SMC Budget Book 2025-26,South-East,2022-23,actual,267.23
SMC Budget Book 2025-26,South-East,2023-24,actual,242.7
SMC Budget Book 2025-26,South-East,2024-25,orig_budget,195.0
SMC Budget Book 2025-26,South-East,2024-25,revised,299.93
SMC Budget Book 2025-26,South-East,2025-26,est_commissioner,446.0
SMC Budget Book 2025-26,South-East,2025-26,est_standing,626.0
SMC Budget Book 2025-26,South-East,2025-26,est_corporation_final,626.0
SMC Budget Book 2025-26,South-West,2022-23,actual,163.86
SMC Budget Book 2025-26,South-West,2023-24,actual,547.16
SMC Budget Book 2025-26,South-West,2024-25,orig_budget,900.0
SMC Budget Book 2025-26,South-West,2024-25,revised,885.0
SMC Budget Book 2025-26,South-West,2025-26,est_commissioner,1950.0
SMC Budget Book 2025-26,South-West,2025-26,est_standing,1950.0
SMC Budget Book 2025-26,South-West,2025-26,est_corporation_final,1950.0
SMC Budget Book 2026-27,HQ,2025-26,orig_budget,14910.0
SMC Budget Book 2026-27,HQ,2025-26,revised,5.0
SMC Budget Book 2026-27,HQ,2026-27,est_commissioner,6300.0
SMC Budget Book 2026-27,HQ,2026-27,est_standing,6300.0
SMC Budget Book 2026-27,HQ,2026-27,est_corporation_final,6300.0
SMC Budget Book 2026-27,West,2023-24,actual,203.86
SMC Budget Book 2026-27,West,2024-25,actual,351.0
SMC Budget Book 2026-27,West,2025-26,orig_budget,900.0
SMC Budget Book 2026-27,West,2025-26,revised,911.44
SMC Budget Book 2026-27,West,2026-27,est_commissioner,1582.0
SMC Budget Book 2026-27,West,2026-27,est_standing,1582.0
SMC Budget Book 2026-27,West,2026-27,est_corporation_final,1582.0
SMC Budget Book 2026-27,Central,2023-24,actual,115.31
SMC Budget Book 2026-27,Central,2024-25,actual,202.0
SMC Budget Book 2026-27,Central,2025-26,orig_budget,177.0
SMC Budget Book 2026-27,Central,2026-27,est_commissioner,182.0
SMC Budget Book 2026-27,Central,2026-27,est_standing,182.0
SMC Budget Book 2026-27,Central,2026-27,est_corporation_final,182.0
SMC Budget Book 2026-27,Central,2025-26,revised,242.0
SMC Budget Book 2026-27,North,2023-24,actual,300.04
SMC Budget Book 2026-27,North,2024-25,actual,388.22
SMC Budget Book 2026-27,North,2025-26,orig_budget,2160.0
SMC Budget Book 2026-27,North,2026-27,est_commissioner,710.0
SMC Budget Book 2026-27,North,2026-27,est_standing,710.0
SMC Budget Book 2026-27,North,2026-27,est_corporation_final,710.0
SMC Budget Book 2026-27,North,2025-26,revised,639.53
SMC Budget Book 2026-27,East-A,2023-24,actual,62.44
SMC Budget Book 2026-27,East-A,2024-25,actual,33.22
SMC Budget Book 2026-27,East-A,2025-26,orig_budget,570.0
SMC Budget Book 2026-27,East-A,2025-26,revised,1273.78
SMC Budget Book 2026-27,East-A,2026-27,est_commissioner,1460.0
SMC Budget Book 2026-27,East-A,2026-27,est_standing,1460.0
SMC Budget Book 2026-27,East-A,2026-27,est_corporation_final,1460.0
SMC Budget Book 2026-27,East-B,2023-24,actual,69.33
SMC Budget Book 2026-27,East-B,2024-25,actual,2804.81
SMC Budget Book 2026-27,East-B,2025-26,orig_budget,2703.55
SMC Budget Book 2026-27,East-B,2025-26,revised,4418.33
SMC Budget Book 2026-27,East-B,2026-27,est_commissioner,5450.0
SMC Budget Book 2026-27,East-B,2026-27,est_standing,5850.0
SMC Budget Book 2026-27,East-B,2026-27,est_corporation_final,5850.0
SMC Budget Book 2026-27,South-A,2025-26,orig_budget,610.0
SMC Budget Book 2026-27,South-A,2025-26,revised,419.93
SMC Budget Book 2026-27,South-A,2026-27,est_commissioner,1148.0
SMC Budget Book 2026-27,South-A,2026-27,est_standing,1148.0
SMC Budget Book 2026-27,South-A,2026-27,est_corporation_final,1148.0
SMC Budget Book 2026-27,South-A,2023-24,actual,991.27
SMC Budget Book 2026-27,South-A,2024-25,actual,1197.27
SMC Budget Book 2026-27,South-B,2025-26,orig_budget,1174.0
SMC Budget Book 2026-27,South-B,2026-27,est_commissioner,3503.0
SMC Budget Book 2026-27,South-B,2026-27,est_standing,3503.0
SMC Budget Book 2026-27,South-B,2026-27,est_corporation_final,3503.0
SMC Budget Book 2026-27,South-B,2023-24,actual,350.17
SMC Budget Book 2026-27,South-B,2024-25,actual,1319.72
SMC Budget Book 2026-27,South-B,2025-26,revised,2294.3
SMC Budget Book 2026-27,South-East,2023-24,actual,242.7
SMC Budget Book 2026-27,South-East,2024-25,actual,276.61
SMC Budget Book 2026-27,South-East,2025-26,orig_budget,626.0
SMC Budget Book 2026-27,South-East,2025-26,revised,460.65
SMC Budget Book 2026-27,South-East,2026-27,est_commissioner,1308.0
SMC Budget Book 2026-27,South-East,2026-27,est_standing,1308.0
SMC Budget Book 2026-27,South-East,2026-27,est_corporation_final,1308.0
SMC Budget Book 2026-27,South-West,2023-24,actual,547.16
SMC Budget Book 2026-27,South-West,2024-25,actual,918.78
SMC Budget Book 2026-27,South-West,2025-26,orig_budget,1950.0
SMC Budget Book 2026-27,South-West,2025-26,revised,940.0
SMC Budget Book 2026-27,South-West,2026-27,est_commissioner,3810.0
SMC Budget Book 2026-27,South-West,2026-27,est_standing,3810.0
SMC Budget Book 2026-27,South-West,2026-27,est_corporation_final,3810.0
