file,sch,zone,page,centre,proj_head,acct,src,act_y3,act_y2,orig_y1,rev_y1,est_comm,est_standing,est_corp
bb2021-22.txt,5.1.6,East-B,463,"65/03 :8=MD"" JM8Z 0L:5Mh, lJEFU",C-421,5682,KP,,104.65,61.23,9.00,69.68,69.68,69.68
bb2021-22.txt,5.1.6,East-B,463,"65/03 :8=MD"" JM8Z 0L:5Mh, lJEFU",C-616,5682,GrantP,,,,,100.00,100.00,100.00
bb2021-22.txt,5.1.6,East-B,463,"65/03 :8=MD"" JM8Z 0L:5Mh, lJEFU",C-816,5682,GrantP,,,,46.66,120.00,120.00,120.00
bb2021-22.txt,5.1.1,HQ,429,,C-467,5682,KP,,,2.00,,1.00,1.00,1.00
bb2021-22.txt,5.1.2,West,435,,C-289,5682,KP,12.13,,,,,,
bb2021-22.txt,5.1.2,West,436,,C-387,5682,KP,,,,15.00,27.00,27.00,27.00
bb2021-22.txt,5.1.2,West,436,,C-419,5682,KP,5.26,,,,,,
bb2021-22.txt,5.1.2,West,436,"65/03 :8=MD"" JM8Z 0L:5Mh, lJEFU",C-419,5682,KP,180.25,203.71,630.00,109.53,150.00,150.00,150.00
bb2021-22.txt,5.1.2,West,436,"65/03 :8=MD"" JM8Z 0L:5Mh, lJEFU",C-616,5682,GrantP,,,,150.00,920.00,920.00,920.00
bb2021-22.txt,5.1.3,Central,443,"65/03 :8=MD"" JM8Z 0L:5Mh, lJEFU",C-419,5682,RevP,75.16,35.33,180.00,100.00,285.00,285.00,285.00
bb2021-22.txt,5.1.4,North,449,"65/03 :8=MD"" JM8Z 0L:5Mh, lJEFU",C-419,5682,KP,390.95,468.61,170.00,170.00,139.00,139.00,139.00
bb2021-22.txt,5.1.4,North,449,"65/03 :8=MD"" JM8Z 0L:5Mh, lJEFU",C-616,5682,KP,,,,5.00,10.00,10.00,10.00
bb2021-22.txt,5.1.4,North,449,"65/03 :8=MD"" JM8Z 0L:5Mh, lJEFU",C-816,5682,GrantP,,,,,100.00,100.00,100.00
bb2021-22.txt,5.1.5,East-A,456,"65/03 :8=MD"" JM8Z 0L:5Mh, lJEFU",C-421,5682,KP,302.90,36.39,1165.00,79.00,622.00,622.00,622.00
bb2021-22.txt,5.1.5,East-A,456,"65/03 :8=MD"" JM8Z 0L:5Mh, lJEFU",C-816,5682,GrantP,,,,110.00,200.00,200.00,200.00
bb2021-22.txt,5.1.7,South,469,,C-419,5682,KP,4.88,,,,,,
bb2021-22.txt,5.1.7,South,469,"65/03 :8=MD"" JM8Z 0L:5Mh, lJEFU",C-419,5682,KP,140.49,64.24,150.00,140.00,325.00,325.00,325.00
bb2021-22.txt,5.1.7,South,469,"65/03 :8=MD"" JM8Z 0L:5Mh, lJEFU",C-810,5682,GrantP,,,115.00,10.00,100.00,100.00,100.00
bb2021-22.txt,5.1.8,South-East,476,"65/03 :8=MD"" JM8Z 0L:5Mh, lJEFU",C-419,5682,KP,219.80,285.75,517.00,330.00,250.00,250.00,250.00
bb2021-22.txt,5.1.9,South-West,482,"65/03 :8=MD"" JM8Z 0L:5Mh, lJEFU",C-419,5682,RevP,87.69,194.19,500.00,130.00,310.00,310.00,310.00
bb2021-22.txt,5.1.9,South-West,482,"65/03 :8=MD"" JM8Z 0L:5Mh, lJEFU",C-805,5682,RevP,,,1.00,,,,
bb2021-22.txt,5.1.9,South-West,482,"65/03 :8=MD"" JM8Z 0L:5Mh, lJEFU",C-816,5682,GrantP,,,,10.00,250.00,250.00,250.00
bb2022-23.txt,5.1.1,HQ,477,,,5682,KP,,,1.00,0.60,1.00,1.00,1.00
bb2022-23.txt,5.1.2,West,484,,C-387,5682,KP,,,27.00,25.20,30.00,30.00,30.00
bb2022-23.txt,5.1.2,West,484,"65/03 :8=MD"" JM8Z 0L:5Mh, lJEFU",C-419,5682,KP,203.71,64.26,150.00,35.90,170.00,170.00,170.00
bb2022-23.txt,5.1.2,West,484,"65/03 :8=MD"" JM8Z 0L:5Mh, lJEFU",C-616,5682,KP,,,,700.00,400.00,400.00,400.00
bb2022-23.txt,5.1.2,West,484,"65/03 :8=MD"" JM8Z 0L:5Mh, lJEFU",C-818,5682,GrantP,,,,84.00,,,
bb2022-23.txt,5.1.2,West,484,"65/03 :8=MD"" JM8Z 0L:5Mh, lJEFU",C-822,5682,KP,,,,,100.00,100.00,100.00
bb2022-23.txt,5.1.3,Central,491,"65/03 :8=MD"" JM8Z 0L:5Mh, lJEFU",C-419,5682,RevP,35.33,93.00,285.00,240.00,100.00,100.00,100.00
bb2022-23.txt,5.1.4,North,497,"65/03 :8=MD"" JM8Z 0L:5Mh, lJEFU",C-419,5682,KP,468.61,113.27,139.00,158.00,312.00,312.00,312.00
bb2022-23.txt,5.1.4,North,497,"65/03 :8=MD"" JM8Z 0L:5Mh, lJEFU",C-616,5682,KP,,,10.00,,,,
bb2022-23.txt,5.1.4,North,497,"65/03 :8=MD"" JM8Z 0L:5Mh, lJEFU",C-816,5682,GrantP,,,100.00,35.00,300.00,300.00,300.00
bb2022-23.txt,5.1.5,East-A,504,"65/03 :8=MD"" JM8Z 0L:5Mh, lJEFU",C-421,5682,KP,36.39,23.92,622.00,121.00,465.00,465.00,465.00
bb2022-23.txt,5.1.5,East-A,504,"65/03 :8=MD"" JM8Z 0L:5Mh, lJEFU",C-816,5682,GrantP,,,200.00,178.00,60.00,60.00,60.00
bb2022-23.txt,5.1.6,East-B,513,"65/03 :8=MD"" JM8Z 0L:5Mh, lJEFU",C-421,5682,KP,104.65,3.55,69.68,79.12,250.00,250.00,250.00
bb2022-23.txt,5.1.6,East-B,513,"65/03 :8=MD"" JM8Z 0L:5Mh, lJEFU",C-616,5682,KP,,,,,100.00,100.00,100.00
bb2022-23.txt,5.1.6,East-B,513,"65/03 :8=MD"" JM8Z 0L:5Mh, lJEFU",C-816,5682,GrantP,,46.22,120.00,75.00,224.68,224.68,224.68
bb2022-23.txt,5.1.7,South-A,521,"65/03 :8=MD"" JM8Z 0L:5Mh, lJEFU",C-419,5682,KP,64.24,103.15,325.00,250.00,75.00,75.00,75.00
bb2022-23.txt,5.1.7,South-A,521,"65/03 :8=MD"" JM8Z 0L:5Mh, lJEFU",C-810,5682,GrantP,,,100.00,,,,
bb2022-23.txt,5.1.7,South-A,521,"65/03 :8=MD"" JM8Z 0L:5Mh, lJEFU",C-816,5682,GrantP,,,,120.00,200.00,200.00,200.00
bb2022-23.txt,5.1.8,South-B,528,"65/03 :8=MD"" JM8Z 0L:5Mh, lJEFU",C-419,5682,KP,,,,,300.00,300.00,300.00
bb2022-23.txt,5.1.8,South-B,528,"65/03 :8=MD"" JM8Z 0L:5Mh, lJEFU",C-810,5682,GrantP,,,,,450.00,450.00,450.00
bb2022-23.txt,5.1.9,South-East,536,"65/03 :8=MD"" JM8Z 0L:5Mh, lJEFU",C-419,5682,KP,285.75,265.19,250.00,115.00,160.00,160.00,160.00
bb2022-23.txt,5.1.10,South-West,542,"65/03 :8=MD"" JM8Z 0L:5Mh, lJEFU",C-419,5682,RevP,194.19,43.54,310.00,175.00,400.00,400.00,400.00
bb2022-23.txt,5.1.10,South-West,542,"65/03 :8=MD"" JM8Z 0L:5Mh, lJEFU",C-816,5682,RevP,,,,,400.00,400.00,400.00
bb2022-23.txt,5.1.10,South-West,542,"65/03 :8=MD"" JM8Z 0L:5Mh, lJEFU",C-818,5682,GrantP,,,,95.00,110.00,110.00,110.00
bb2023-24.txt,5.1.1,HQ,473,,C-419,5682,KP,,,,,2500.00,2500.00,2500.00
bb2023-24.txt,5.1.1,HQ,485,,C-807,5682,KP,,9.63,,,,,
bb2023-24.txt,5.1.1,HQ,501,,C-467,5682,KP,,0.55,1.00,0.50,1.00,1.00,1.00
bb2023-24.txt,5.1.2,West,508,,C-289,5682,KP,,2.18,,,,,
bb2023-24.txt,5.1.2,West,509,,C-387,5682,KP,,,30.00,,,,
bb2023-24.txt,5.1.2,West,509,,C-419,5682,KP,,0.63,,,,,
bb2023-24.txt,5.1.2,West,510,"65/03 :8=MD"" JM8Z 0L:5Mh, lJEFU",C-419,5682,KP,64.26,166.72,170.00,135.56,115.00,115.00,115.00
bb2023-24.txt,5.1.2,West,510,"65/03 :8=MD"" JM8Z 0L:5Mh, lJEFU",C-616,5682,KP,,565.33,400.00,,,,
bb2023-24.txt,5.1.2,West,510,"65/03 :8=MD"" JM8Z 0L:5Mh, lJEFU",C-818,5682,GrantP,,,,5.00,,,
bb2023-24.txt,5.1.2,West,510,"65/03 :8=MD"" JM8Z 0L:5Mh, lJEFU",C-822,5682,KP,,,100.00,,,,
bb2023-24.txt,5.1.2,West,510,"65/03 :8=MD"" JM8Z 0L:5Mh, lJEFU",C-824,5682,GrantP,,,,,100.00,100.00,100.00
bb2023-24.txt,5.1.2,West,510,"65/03 :8=MD"" JM8Z 0L:5Mh, lJEFU",C-918,5682,,,,,,85.00,85.00,85.00
bb2023-24.txt,5.1.3,Central,518,"65/03 :8=MD"" JM8Z 0L:5Mh, lJEFU",C-419,5682,KP,93.00,248.40,,310.50,115.00,115.00,115.00
bb2023-24.txt,5.1.4,North,525,"65/03 :8=MD"" JM8Z 0L:5Mh, lJEFU",C-419,5682,KP,113.27,223.43,312.00,53.00,140.00,140.00,140.00
bb2023-24.txt,5.1.4,North,525,"65/03 :8=MD"" JM8Z 0L:5Mh, lJEFU",C-616,5682,GrantP,,,115.00,,195.00,195.00,195.00
bb2023-24.txt,5.1.4,North,525,"65/03 :8=MD"" JM8Z 0L:5Mh, lJEFU",C-816,5682,GrantP,,,300.00,300.00,25.00,25.00,25.00
bb2023-24.txt,5.1.5,East-A,533,"65/03 :8=MD"" JM8Z 0L:5Mh, lJEFU",C-421,5682,KP,23.92,103.99,465.00,159.83,100.00,100.00,100.00
bb2023-24.txt,5.1.5,East-A,533,"65/03 :8=MD"" JM8Z 0L:5Mh, lJEFU",C-816,5682,GrantP,,144.02,60.00,80.00,40.00,40.00,40.00
bb2023-24.txt,5.1.5,East-A,533,"65/03 :8=MD"" JM8Z 0L:5Mh, lJEFU",C-818,5682,GrantP,,,,98.00,20.00,20.00,20.00
bb2023-24.txt,5.1.6,East-B,543,"65/03 :8=MD"" JM8Z 0L:5Mh, lJEFU",C-421,5682,KP,3.55,80.24,250.00,75.77,50.00,50.00,50.00
bb2023-24.txt,5.1.6,East-B,543,"65/03 :8=MD"" JM8Z 0L:5Mh, lJEFU",C-616,5682,KP,,,100.00,,,,
bb2023-24.txt,5.1.6,East-B,543,"65/03 :8=MD"" JM8Z 0L:5Mh, lJEFU",C-816,5682,GrantP,46.22,16.72,224.68,79.33,,,
bb2023-24.txt,5.1.6,East-B,543,"65/03 :8=MD"" JM8Z 0L:5Mh, lJEFU",C-822,5682,GrantP,,,,251.50,36.50,36.50,36.50
bb2023-24.txt,5.1.6,East-B,543,"65/03 :8=MD"" JM8Z 0L:5Mh, lJEFU",C-824,5682,GrantP,,,,,1000.00,1000.00,1000.00
bb2023-24.txt,5.1.7,South-A,550,"65/03 :8=MD"" JM8Z 0L:5Mh, lJEFU",C-419,5682,KP,103.15,239.42,75.00,65.00,165.00,165.00,165.00
bb2023-24.txt,5.1.7,South-A,550,"65/03 :8=MD"" JM8Z 0L:5Mh, lJEFU",C-816,5682,GrantP,,,200.00,,,,
bb2023-24.txt,5.1.7,South-A,550,"65/03 :8=MD"" JM8Z 0L:5Mh, lJEFU",C-818,5682,GrantP,,,,472.00,113.00,113.00,113.00
bb2023-24.txt,5.1.7,South-A,550,"65/03 :8=MD"" JM8Z 0L:5Mh, lJEFU",C-822,5682,GrantP,,,,410.00,17.00,17.00,17.00
bb2023-24.txt,5.1.7,South-A,550,"65/03 :8=MD"" JM8Z 0L:5Mh, lJEFU",C-824,5682,GrantP,,,,,1114.00,1114.00,1114.00
bb2023-24.txt,5.1.8,South-B,558,"65/03 :8=MD"" JM8Z 0L:5Mh, lJEFU",C-419,5682,KP,,,300.00,130.00,50.00,50.00,50.00
bb2023-24.txt,5.1.8,South-B,558,"65/03 :8=MD"" JM8Z 0L:5Mh, lJEFU",C-810,5682,GrantP,,,450.00,,,,
bb2023-24.txt,5.1.8,South-B,559,,C-822,5682,GrantP,,,,400.00,350.00,350.00,350.00
bb2023-24.txt,5.1.9,South-East,566,"65/03 :8=MD"" JM8Z 0L:5Mh, lJEFU",C-419,5682,KP,265.19,276.87,160.00,150.05,141.00,141.00,141.00
bb2023-24.txt,5.1.9,South-East,566,"65/03 :8=MD"" JM8Z 0L:5Mh, lJEFU",C-818,5682,GrantP,,,,263.30,,,
bb2023-24.txt,5.1.9,South-East,566,"65/03 :8=MD"" JM8Z 0L:5Mh, lJEFU",C-918,5682,,,,,,88.00,88.00,88.00
bb2023-24.txt,5.1.10,South-West,574,"65/03 :8=MD"" JM8Z 0L:5Mh, lJEFU",C-419,5682,KP,43.54,232.15,,120.00,265.00,265.00,265.00
bb2023-24.txt,5.1.10,South-West,574,"65/03 :8=MD"" JM8Z 0L:5Mh, lJEFU",C-816,5682,RevP,,,400.00,,,,
bb2023-24.txt,5.1.10,South-West,574,"65/03 :8=MD"" JM8Z 0L:5Mh, lJEFU",C-818,5682,RevP,,,,155.00,77.00,77.00,77.00
bb2023-24.txt,5.1.10,South-West,575,,C-918,5682,,,,,,235.00,235.00,235.00
bb2024-25.txt,5.1.1,HQ,486,,C-419,5682,KP,,,2500.00,,,,
bb2024-25.txt,5.1.1,HQ,490,,C-419,5682,KP,,,,,837.13,837.13,837.13
bb2024-25.txt,5.1.1,HQ,501,,C-807,5682,KP,9.63,,,,,,
bb2024-25.txt,5.1.1,HQ,516,,C-467,5682,KP,0.55,,1.00,,,,
bb2024-25.txt,5.1.2,West,524,,C-289,5682,KP,2.18,,,,,,
bb2024-25.txt,5.1.2,West,525,,C-419,5682,KP,0.63,,,,,,
bb2024-25.txt,5.1.2,West,525,"65/03 :8=MD"" JM8Z 0L:5Mh, lJEFU",C-419,5682,KP,166.72,146.08,115.00,63.00,60.00,60.00,60.00
bb2024-25.txt,5.1.2,West,525,"65/03 :8=MD"" JM8Z 0L:5Mh, lJEFU",C-616,5682,GrantP,565.33,41.19,200.00,40.00,30.00,30.00,30.00
bb2024-25.txt,5.1.2,West,525,"65/03 :8=MD"" JM8Z 0L:5Mh, lJEFU",C-818,5682,KP,,4.39,,,,,
bb2024-25.txt,5.1.2,West,525,"65/03 :8=MD"" JM8Z 0L:5Mh, lJEFU",C-824,5682,GrantP,,,100.00,152.00,270.00,270.00,270.00
bb2024-25.txt,5.1.2,West,525,"65/03 :8=MD"" JM8Z 0L:5Mh, lJEFU",C-918,5682,,,,85.00,,,,
bb2024-25.txt,5.1.3,Central,538,"65/03 :8=MD"" JM8Z 0L:5Mh, lJEFU",C-419,5682,KP,248.40,245.16,115.00,77.00,145.00,145.00,145.00
bb2024-25.txt,5.1.3,Central,538,"65/03 :8=MD"" JM8Z 0L:5Mh, lJEFU",C-824,5682,GrantP,,,,39.00,7.00,7.00,7.00
bb2024-25.txt,5.1.4,North,547,"65/03 :8=MD"" JM8Z 0L:5Mh, lJEFU",C-419,5682,KP,223.43,42.51,140.00,110.00,97.50,97.50,97.50
bb2024-25.txt,5.1.4,North,547,"65/03 :8=MD"" JM8Z 0L:5Mh, lJEFU",C-616,5682,GrantP,,,195.00,,300.00,300.00,300.00
bb2024-25.txt,5.1.4,North,547,"65/03 :8=MD"" JM8Z 0L:5Mh, lJEFU",C-816,5682,GrantP,,227.09,25.00,195.00,,,
bb2024-25.txt,5.1.5,East-A,555,"65/03 :8=MD"" JM8Z 0L:5Mh, lJEFU",C-421,5682,KP,103.99,138.99,100.00,26.42,30.00,30.00,30.00
bb2024-25.txt,5.1.5,East-A,555,"65/03 :8=MD"" JM8Z 0L:5Mh, lJEFU",C-616,5682,GrantP,,,,,100.00,100.00,100.00
bb2024-25.txt,5.1.5,East-A,555,"65/03 :8=MD"" JM8Z 0L:5Mh, lJEFU",C-816,5682,GrantP,144.02,69.64,40.00,11.54,,,
bb2024-25.txt,5.1.5,East-A,555,"65/03 :8=MD"" JM8Z 0L:5Mh, lJEFU",C-818,5682,GrantP,,142.97,20.00,23.90,,,
bb2024-25.txt,5.1.5,East-A,555,"65/03 :8=MD"" JM8Z 0L:5Mh, lJEFU",C-822,5682,GrantP,,,,,65.00,65.00,65.00
bb2024-25.txt,5.1.6,East-B,565,"65/03 :8=MD"" JM8Z 0L:5Mh, lJEFU",C-421,5682,KP,80.24,22.77,50.00,76.91,50.00,50.00,50.00
bb2024-25.txt,5.1.6,East-B,565,"65/03 :8=MD"" JM8Z 0L:5Mh, lJEFU",C-616,5682,GrantP,,,100.00,5.00,95.00,95.00,95.00
bb2024-25.txt,5.1.6,East-B,565,"65/03 :8=MD"" JM8Z 0L:5Mh, lJEFU",C-816,5682,KP,16.72,74.31,,,,,
bb2024-25.txt,5.1.6,East-B,565,"65/03 :8=MD"" JM8Z 0L:5Mh, lJEFU",C-822,5682,GrantP,,236.59,36.50,42.19,,,
bb2024-25.txt,5.1.6,East-B,565,"65/03 :8=MD"" JM8Z 0L:5Mh, lJEFU",C-824,5682,GrantP,,,1000.00,10.00,2300.00,2300.00,2300.00
bb2024-25.txt,5.1.6,East-B,566,,C-826,5682,GrantP,,,,,2000.00,2000.00,2000.00
bb2024-25.txt,5.1.7,South-A,573,"65/03 :8=MD"" JM8Z 0L:5Mh, lJEFU",C-419,5682,KP,239.42,247.40,165.00,201.27,151.00,151.00,151.00
bb2024-25.txt,5.1.7,South-A,573,"65/03 :8=MD"" JM8Z 0L:5Mh, lJEFU",C-818,5682,GrantP,,455.49,113.00,,,,
bb2024-25.txt,5.1.7,South-A,574,,,5682,GrantP,,370.00,17.00,935.00,240.27,240.27,240.27
bb2024-25.txt,5.1.7,South-A,574,,C-824,5682,GrantP,,,1114.00,60.13,,,
bb2024-25.txt,5.1.7,South-A,574,,C-826,5682,GrantP,,,,,400.00,400.00,400.00
bb2024-25.txt,5.1.8,South-B,582,,C-419,5682,KP,,120.01,50.00,50.00,10.00,10.00,10.00
bb2024-25.txt,5.1.8,South-B,582,,C-616,5682,GrantP,,,,50.00,1010.00,1010.00,1010.00
bb2024-25.txt,5.1.8,South-B,582,,C-822,5682,GrantP,,386.57,350.00,210.00,15.00,15.00,15.00
bb2024-25.txt,5.1.8,South-B,582,,C-826,5682,GrantP,,,,,20.00,20.00,20.00
bb2024-25.txt,5.1.9,South-East,590,"65/03 :8=MD"" JM8Z 0L:5Mh, lJEFU",C-419,5682,KP,276.87,179.70,141.00,250.00,180.00,180.00,180.00
bb2024-25.txt,5.1.9,South-East,590,"65/03 :8=MD"" JM8Z 0L:5Mh, lJEFU",C-616,5682,GrantP,,,,,15.00,15.00,15.00
bb2024-25.txt,5.1.9,South-East,590,"65/03 :8=MD"" JM8Z 0L:5Mh, lJEFU",C-818,5682,KP,,87.53,,,,,
bb2024-25.txt,5.1.9,South-East,590,"65/03 :8=MD"" JM8Z 0L:5Mh, lJEFU",C-918,5682,,,,88.00,,,,
bb2024-25.txt,5.1.10,South-West,600,"65/03 :8=MD"" JM8Z 0L:5Mh, lJEFU",C-419,5682,KP,232.15,109.00,265.00,235.00,200.00,200.00,200.00
bb2024-25.txt,5.1.10,South-West,600,"65/03 :8=MD"" JM8Z 0L:5Mh, lJEFU",C-818,5682,KP,,54.86,,52.00,,,
bb2024-25.txt,5.1.10,South-West,600,"65/03 :8=MD"" JM8Z 0L:5Mh, lJEFU",C-824,5682,GrantP,,,,340.00,,,
bb2024-25.txt,5.1.10,South-West,600,"65/03 :8=MD"" JM8Z 0L:5Mh, lJEFU",C-826,5682,GrantP,,,,,700.00,700.00,700.00
bb2024-25.txt,5.1.10,South-West,600,"65/03 :8=MD"" JM8Z 0L:5Mh, lJEFU",C-918,5682,,,,235.00,,,,
bb2025-26.txt,5.1.1,HQ,501,,C-419,5682,KP,,,,,10.00,10.00,10.00
bb2025-26.txt,5.1.1,HQ,501,,C-826,5682,GrantP,,,,50.00,,,
bb2025-26.txt,5.1.1,HQ,501,,C-828,5682,GrantP,,,,,14900.00,14900.00,14900.00
bb2025-26.txt,5.1.1,HQ,505,,C-419,5682,KP,,,837.13,,,,
bb2025-26.txt,5.1.2,West,540,"65/03 :8=MD"" JM8Z 0L:5Mh, lJEFU",C-419,5682,KP,146.08,123.44,60.00,3.19,,,
bb2025-26.txt,5.1.2,West,540,"65/03 :8=MD"" JM8Z 0L:5Mh, lJEFU",C-616,5682,GrantP,41.19,32.33,30.00,15.00,300.00,300.00,300.00
bb2025-26.txt,5.1.2,West,540,"65/03 :8=MD"" JM8Z 0L:5Mh, lJEFU",C-818,5682,KP,4.39,,,,,,
bb2025-26.txt,5.1.2,West,540,"65/03 :8=MD"" JM8Z 0L:5Mh, lJEFU",C-822,5682,GrantP,,,,176.12,,,
bb2025-26.txt,5.1.2,West,540,"65/03 :8=MD"" JM8Z 0L:5Mh, lJEFU",C-824,5682,GrantP,,48.09,270.00,59.30,,,
bb2025-26.txt,5.1.2,West,541,,C-826,5682,GrantP,,,,92.00,450.00,450.00,450.00
bb2025-26.txt,5.1.2,West,541,,C-828,5682,GrantP,,,,,150.00,150.00,150.00
bb2025-26.txt,5.1.3,Central,548,"65/03 :8=MD"" JM8Z 0L:5Mh, lJEFU",C-419,5682,KP,245.16,76.40,145.00,,1.00,1.00,1.00
bb2025-26.txt,5.1.3,Central,549,,C-824,5682,GrantP,,38.91,7.00,6.80,,,
bb2025-26.txt,5.1.3,Central,549,,C-826,5682,GrantP,,,,198.00,5.00,5.00,5.00
bb2025-26.txt,5.1.3,Central,549,,C-828,5682,GrantP,,,,,171.00,171.00,171.00
bb2025-26.txt,5.1.4,North,557,"65/03 :8=MD"" JM8Z 0L:5Mh, lJEFU",C-419,5682,KP,42.51,130.31,97.50,25.00,40.00,40.00,40.00
bb2025-26.txt,5.1.4,North,557,"65/03 :8=MD"" JM8Z 0L:5Mh, lJEFU",C-616,5682,GrantP,,,300.00,200.00,1540.00,1540.00,1540.00
bb2025-26.txt,5.1.4,North,557,"65/03 :8=MD"" JM8Z 0L:5Mh, lJEFU",C-816,5682,KP,227.09,169.73,,,,,
bb2025-26.txt,5.1.4,North,557,"65/03 :8=MD"" JM8Z 0L:5Mh, lJEFU",C-826,5682,GrantP,,,,195.00,380.00,380.00,380.00
bb2025-26.txt,5.1.4,North,557,"65/03 :8=MD"" JM8Z 0L:5Mh, lJEFU",C-828,5682,GrantP,,,,,200.00,200.00,200.00
bb2025-26.txt,5.1.5,East-A,566,"65/03 :8=MD"" JM8Z 0L:5Mh, lJEFU",C-421,5682,KP,138.99,27.04,30.00,30.00,10.00,10.00,10.00
bb2025-26.txt,5.1.5,East-A,566,"65/03 :8=MD"" JM8Z 0L:5Mh, lJEFU",C-616,5682,GrantP,,,100.00,50.00,350.00,350.00,350.00
bb2025-26.txt,5.1.5,East-A,566,"65/03 :8=MD"" JM8Z 0L:5Mh, lJEFU",C-816,5682,KP,69.64,11.54,,,,,
bb2025-26.txt,5.1.5,East-A,566,"65/03 :8=MD"" JM8Z 0L:5Mh, lJEFU",C-818,5682,KP,142.97,23.86,,,,,
bb2025-26.txt,5.1.5,East-A,566,"65/03 :8=MD"" JM8Z 0L:5Mh, lJEFU",C-822,5682,GrantP,,,65.00,,,,
bb2025-26.txt,5.1.5,East-A,566,"65/03 :8=MD"" JM8Z 0L:5Mh, lJEFU",C-826,5682,GrantP,,,,10.00,90.00,90.00,90.00
bb2025-26.txt,5.1.5,East-A,566,"65/03 :8=MD"" JM8Z 0L:5Mh, lJEFU",C-828,5682,GrantP,,,,,120.00,120.00,120.00
bb2025-26.txt,5.1.6,East-B,577,,C-421,5682,KP,22.77,27.14,50.00,76.00,5.00,5.00,5.00
bb2025-26.txt,5.1.6,East-B,577,,C-616,5682,GrantP,,,95.00,82.50,12.55,12.55,12.55
bb2025-26.txt,5.1.6,East-B,577,,C-816,5682,KP,74.31,,,,,,
bb2025-26.txt,5.1.6,East-B,577,,C-822,5682,GrantP,236.59,42.19,,45.00,,,
bb2025-26.txt,5.1.6,East-B,577,,C-824,5682,GrantP,,,2300.00,632.00,,,
bb2025-26.txt,5.1.6,East-B,577,,C-826,5682,GrantP,,,2000.00,1465.50,334.50,334.50,334.50
bb2025-26.txt,5.1.6,East-B,577,,C-828,5682,GrantP,,,,,2351.50,2351.50,2351.50
bb2025-26.txt,5.1.7,South-A,587,,,5682,KP,247.40,,151.00,9.00,10.00,10.00,10.00
bb2025-26.txt,5.1.7,South-A,587,,C-818,5682,KP,455.49,,,,,,
bb2025-26.txt,5.1.7,South-A,587,,C-822,5682,GrantP,370.00,931.14,240.27,175.00,,,
bb2025-26.txt,5.1.7,South-A,587,,C-824,5682,KP,,60.13,,,,,
bb2025-26.txt,5.1.7,South-A,587,,C-826,5682,GrantP,,,400.00,190.00,450.00,450.00,450.00
bb2025-26.txt,5.1.7,South-A,587,,C-828,5682,GrantP,,,,,150.00,150.00,150.00
bb2025-26.txt,5.1.8,South-B,596,"65/03 :8=MD"" JM8Z 0L:5Mh, lJEFU",C-419,5682,KP,120.01,,10.00,,5.00,5.00,5.00
bb2025-26.txt,5.1.8,South-B,596,"65/03 :8=MD"" JM8Z 0L:5Mh, lJEFU",C-616,5682,GrantP,,137.07,1010.00,1020.00,889.00,889.00,889.00
bb2025-26.txt,5.1.8,South-B,596,"65/03 :8=MD"" JM8Z 0L:5Mh, lJEFU",C-822,5682,GrantP,386.57,213.10,15.00,25.00,,,
bb2025-26.txt,5.1.8,South-B,596,"65/03 :8=MD"" JM8Z 0L:5Mh, lJEFU",C-826,5682,GrantP,,,20.00,52.00,60.00,60.00,60.00
bb2025-26.txt,5.1.8,South-B,596,"65/03 :8=MD"" JM8Z 0L:5Mh, lJEFU",C-828,5682,GrantP,,,,,220.00,220.00,220.00
bb2025-26.txt,5.1.9,South-East,605,"65/03 :8=MD"" JM8Z 0L:5Mh, lJEFU",C-419,5682,KP,179.70,242.70,180.00,13.73,20.00,20.00,20.00
bb2025-26.txt,5.1.9,South-East,605,"65/03 :8=MD"" JM8Z 0L:5Mh, lJEFU",C-616,5682,GrantP,,,15.00,,125.00,125.00,125.00
bb2025-26.txt,5.1.9,South-East,605,"65/03 :8=MD"" JM8Z 0L:5Mh, lJEFU",C-818,5682,KP,87.53,,,,,,
bb2025-26.txt,5.1.9,South-East,605,"65/03 :8=MD"" JM8Z 0L:5Mh, lJEFU",C-826,5682,GrantP,,,,286.20,200.00,200.00,200.00
bb2025-26.txt,5.1.9,South-East,606,,C-828,5682,GrantP,,,,,101.00,281.00,281.00
bb2025-26.txt,5.1.10,South-West,614,"65/03 :8=MD"" JM8Z 0L:5Mh, lJEFU",C-419,5682,KP,109.00,155.96,200.00,290.00,,,
bb2025-26.txt,5.1.10,South-West,615,,C-818,5682,KP,54.86,51.42,,,,,
bb2025-26.txt,5.1.10,South-West,615,,C-822,5682,GrantP,,,,100.00,,,
bb2025-26.txt,5.1.10,South-West,615,,C-824,5682,GrantP,,339.78,,265.00,,,
bb2025-26.txt,5.1.10,South-West,615,,C-826,5682,GrantP,,,700.00,230.00,450.00,450.00,450.00
bb2025-26.txt,5.1.10,South-West,615,,C-828,5682,GrantP,,,,,1500.00,1500.00,1500.00
bb2026_27.txt,5.1.1,HQ,505,,C-419,5682,KP,,,10.00,,,,
bb2026_27.txt,5.1.1,HQ,506,,C-828,5682,GrantP,,,14900.00,,,,
bb2026_27.txt,5.1.1,HQ,511,,C-828,5682,GrantP,,,,5.00,,,
bb2026_27.txt,5.1.1,HQ,511,,C-842,5682,GrantP,,,,,6300.00,6300.00,6300.00
bb2026_27.txt,5.1.2,West,547,"65/03 :8=MD"" JM8Z 0L:5Mh, lJEFU",C-419,5682,KP,123.44,3.19,,,,,
bb2026_27.txt,5.1.2,West,547,"65/03 :8=MD"" JM8Z 0L:5Mh, lJEFU",C-616,5682,GrantP,32.33,,300.00,230.00,505.00,505.00,505.00
bb2026_27.txt,5.1.2,West,547,"65/03 :8=MD"" JM8Z 0L:5Mh, lJEFU",C-822,5682,KP,,255.27,,,,,
bb2026_27.txt,5.1.2,West,547,"65/03 :8=MD"" JM8Z 0L:5Mh, lJEFU",C-824,5682,KP,48.09,59.30,,,,,
bb2026_27.txt,5.1.2,West,547,"65/03 :8=MD"" JM8Z 0L:5Mh, lJEFU",C-826,5682,GrantP,,33.24,450.00,,,,
bb2026_27.txt,5.1.2,West,548,,C-828,5682,GrantP,,,150.00,681.44,405.00,405.00,405.00
bb2026_27.txt,5.1.2,West,548,,C-842,5682,GrantP,,,,,672.00,672.00,672.00
bb2026_27.txt,5.1.3,Central,557,"65/03 :8=MD"" JM8Z 0L:5Mh, lJEFU",C-419,5682,KP,76.40,2.47,1.00,,1.00,1.00,1.00
bb2026_27.txt,5.1.3,Central,557,"65/03 :8=MD"" JM8Z 0L:5Mh, lJEFU",C-824,5682,KP,38.91,6.80,,,,,
bb2026_27.txt,5.1.3,Central,558,,C-826,5682,GrantP,,192.73,5.00,,,,
bb2026_27.txt,5.1.3,Central,558,,C-828,5682,GrantP,,,171.00,242.00,,,
bb2026_27.txt,5.1.3,Central,558,,C-842,5682,GrantP,,,,,181.00,181.00,181.00
bb2026_27.txt,5.1.4,North,567,"65/03 :8=MD"" JM8Z 0L:5Mh, lJEFU",C-419,5682,KP,130.31,19.16,40.00,,10.00,10.00,10.00
bb2026_27.txt,5.1.4,North,567,"65/03 :8=MD"" JM8Z 0L:5Mh, lJEFU",C-616,5682,GrantP,,109.00,1540.00,214.00,400.00,400.00,400.00
bb2026_27.txt,5.1.4,North,567,"65/03 :8=MD"" JM8Z 0L:5Mh, lJEFU",C-816,5682,KP,169.73,,,,,,
bb2026_27.txt,5.1.4,North,567,"65/03 :8=MD"" JM8Z 0L:5Mh, lJEFU",C-826,5682,GrantP,,260.06,380.00,25.53,,,
bb2026_27.txt,5.1.4,North,567,"65/03 :8=MD"" JM8Z 0L:5Mh, lJEFU",C-828,5682,GrantP,,,200.00,400.00,,,
bb2026_27.txt,5.1.4,North,567,"65/03 :8=MD"" JM8Z 0L:5Mh, lJEFU",C-842,5682,GrantP,,,,,300.00,300.00,300.00
bb2026_27.txt,5.1.5,East-A,576,"65/03 :8=MD"" JM8Z 0L:5Mh, lJEFU",C-421,5682,KP,27.04,33.22,10.00,7.65,10.00,10.00,10.00
bb2026_27.txt,5.1.5,East-A,576,"65/03 :8=MD"" JM8Z 0L:5Mh, lJEFU",C-616,5682,GrantP,,,350.00,761.13,800.00,800.00,800.00
bb2026_27.txt,5.1.5,East-A,577,,,5682,KP,11.54,,,,,,
bb2026_27.txt,5.1.5,East-A,577,,C-818,5682,KP,23.86,,,,,,
bb2026_27.txt,5.1.5,East-A,577,,C-826,5682,GrantP,,,90.00,,,,
bb2026_27.txt,5.1.5,East-A,577,,C-828,5682,GrantP,,,120.00,505.00,25.00,25.00,25.00
bb2026_27.txt,5.1.5,East-A,577,,C-842,5682,GrantP,,,,,625.00,625.00,625.00
bb2026_27.txt,5.1.6,East-B,588,"65/03 :8=MD"" JM8Z 0L:5Mh, lJEFU",C-421,5682,KP,27.14,78.39,5.00,1.00,10.00,10.00,10.00
bb2026_27.txt,5.1.6,East-B,588,"65/03 :8=MD"" JM8Z 0L:5Mh, lJEFU",C-616,5682,GrantP,,76.00,12.55,,,,
bb2026_27.txt,5.1.6,East-B,588,"65/03 :8=MD"" JM8Z 0L:5Mh, lJEFU",C-822,5682,KP,42.19,35.25,,,,,
bb2026_27.txt,5.1.6,East-B,588,"65/03 :8=MD"" JM8Z 0L:5Mh, lJEFU",C-824,5682,KP,,632.00,,,,,
bb2026_27.txt,5.1.6,East-B,588,"65/03 :8=MD"" JM8Z 0L:5Mh, lJEFU",C-826,5682,GrantP,,1983.17,334.50,,,,
bb2026_27.txt,5.1.6,East-B,588,"65/03 :8=MD"" JM8Z 0L:5Mh, lJEFU",C-828,5682,GrantP,,,2351.50,3917.33,5.00,5.00,5.00
bb2026_27.txt,5.1.6,East-B,588,"65/03 :8=MD"" JM8Z 0L:5Mh, lJEFU",C-842,5682,GrantP,,,,,5435.00,5835.00,5835.00
bb2026_27.txt,5.1.6,East-B,588,"65/03 :8=MD"" JM8Z 0L:5Mh, lJEFU",C-920,5682,,,,,500.00,,,
bb2026_27.txt,5.1.7,South-A,598,"65/03 :8=MD"" JM8Z 0L:5Mh, lJEFU",C-419,5682,KP,,,10.00,5.31,30.00,30.00,30.00
bb2026_27.txt,5.1.7,South-A,598,"65/03 :8=MD"" JM8Z 0L:5Mh, lJEFU",C-822,5682,KP,931.14,601.67,,,,,
bb2026_27.txt,5.1.7,South-A,598,"65/03 :8=MD"" JM8Z 0L:5Mh, lJEFU",C-824,5682,KP,60.13,,,,,,
bb2026_27.txt,5.1.7,South-A,598,"65/03 :8=MD"" JM8Z 0L:5Mh, lJEFU",C-826,5682,GrantP,,595.60,450.00,,,,
bb2026_27.txt,5.1.7,South-A,599,,C-828,5682,GrantP,,,150.00,414.62,463.00,463.00,463.00
bb2026_27.txt,5.1.7,South-A,599,,C-842,5682,GrantP,,,,,655.00,655.00,655.00
bb2026_27.txt,5.1.8,South-B,609,"65/03 :8=MD"" JM8Z 0L:5Mh, lJEFU",C-419,5682,KP,,,5.00,,5.00,5.00,5.00
bb2026_27.txt,5.1.8,South-B,609,"65/03 :8=MD"" JM8Z 0L:5Mh, lJEFU",C-616,5682,GrantP,137.07,1240.05,889.00,1780.30,1414.00,1414.00,1414.00
bb2026_27.txt,5.1.8,South-B,609,"65/03 :8=MD"" JM8Z 0L:5Mh, lJEFU",C-822,5682,KP,213.10,24.33,,,,,
bb2026_27.txt,5.1.8,South-B,609,"65/03 :8=MD"" JM8Z 0L:5Mh, lJEFU",C-826,5682,GrantP,,55.34,60.00,,,,
bb2026_27.txt,5.1.8,South-B,609,"65/03 :8=MD"" JM8Z 0L:5Mh, lJEFU",C-828,5682,GrantP,,,220.00,514.00,103.00,103.00,103.00
bb2026_27.txt,5.1.8,South-B,609,"65/03 :8=MD"" JM8Z 0L:5Mh, lJEFU",C-842,5682,GrantP,,,,,1981.00,1981.00,1981.00
bb2026_27.txt,5.1.9,South-East,619,"65/03 :8=MD"" JM8Z 0L:5Mh, lJEFU",C-419,5682,KP,242.70,12.35,20.00,5.00,15.00,15.00,15.00
bb2026_27.txt,5.1.9,South-East,619,"65/03 :8=MD"" JM8Z 0L:5Mh, lJEFU",C-616,5682,GrantP,,,125.00,250.00,903.00,903.00,903.00
bb2026_27.txt,5.1.9,South-East,619,"65/03 :8=MD"" JM8Z 0L:5Mh, lJEFU",C-826,5682,GrantP,,264.26,200.00,,,,
bb2026_27.txt,5.1.9,South-East,619,"65/03 :8=MD"" JM8Z 0L:5Mh, lJEFU",C-828,5682,GrantP,,,281.00,205.65,70.00,70.00,70.00
bb2026_27.txt,5.1.9,South-East,619,"65/03 :8=MD"" JM8Z 0L:5Mh, lJEFU",C-842,5682,GrantP,,,,,320.00,320.00,320.00
bb2026_27.txt,5.1.10,South-West,629,"65/03 :8=MD"" JM8Z 0L:5Mh, lJEFU",C-419,5682,KP,155.96,344.92,,,,,
bb2026_27.txt,5.1.10,South-West,629,"65/03 :8=MD"" JM8Z 0L:5Mh, lJEFU",C-818,5682,KP,51.42,,,,,,
bb2026_27.txt,5.1.10,South-West,629,"65/03 :8=MD"" JM8Z 0L:5Mh, lJEFU",C-824,5682,KP,339.78,,,,,,
bb2026_27.txt,5.1.10,South-West,629,"65/03 :8=MD"" JM8Z 0L:5Mh, lJEFU",C-826,5682,GrantP,,573.86,450.00,,,,
bb2026_27.txt,5.1.10,South-West,629,"65/03 :8=MD"" JM8Z 0L:5Mh, lJEFU",C-828,5682,GrantP,,,1500.00,940.00,250.00,250.00,250.00
bb2026_27.txt,5.1.10,South-West,629,"65/03 :8=MD"" JM8Z 0L:5Mh, lJEFU",C-842,5682,GrantP,,,,,3560.00,3560.00,3560.00
