edition,division_file,zone,dept_code,function_code,dp_code,account_head,v1,v2,v3,v4
2020-21,2020-21_C.txt,Zone-VI THIRU-VI-KA NAGAR,NF,20-21-07,230-54-01-00,Storm Water Drains,3605,5000,6000,6000
2020-21,2020-21_C.txt,Zone-VI THIRU-VI-KA NAGAR,NF,20-21-07,230-54-03-00,Storm Water Drains-Desilting,1769,20000,63000,30000
2020-21,2020-21_C.txt,Zone-VI THIRU-VI-KA NAGAR,NF,20-21-07,230-62-02-00,Sites & Services & Slums - Storm Water Drains,1,1,1,
2020-21,2020-21_C.txt,Zone-VII AMBATTUR,NG,20-21-07,230-54-01-00,Storm Water Drains,1468,5000,2000,3000
2020-21,2020-21_C.txt,Zone-VII AMBATTUR,NG,20-21-07,230-54-03-00,Storm Water Drains-Desilting,1783,20000,56000,40000
2020-21,2020-21_C.txt,Zone-VII AMBATTUR,NG,20-21-07,230-62-02-00,Sites & Services & Slums - Storm Water Drains,1,1,1,
2020-21,2020-21_C.txt,Zone-VIII ANNA NAGAR,NH,20-21-07,230-54-01-00,Storm Water Drains,7115,10000,11300,12000
2020-21,2020-21_C.txt,Zone-VIII ANNA NAGAR,NH,20-21-07,230-54-03-00,Storm Water Drains-Desilting,20098,26000,30000,30000
2020-21,2020-21_C.txt,Zone-VIII ANNA NAGAR,NH,20-21-07,230-62-02-00,Sites & Services & Slums - Storm Water Drains,1,1,1,
2020-21,2020-21_C.txt,Zone-IX TEYNAMPET,NJ,20-21-07,230-54-01-00,Storm Water Drains,7028,15000,20000,22000
2020-21,2020-21_C.txt,Zone-IX TEYNAMPET,NJ,20-21-07,230-54-03-00,Storm Water Drains-Desilting,5422,20000,80000,50000
2020-21,2020-21_C.txt,Zone-IX TEYNAMPET,NJ,20-21-07,230-62-02-00,Sites & Services & Slums - Storm Water Drains,1,1,1,
2020-21,2020-21_C.txt,Zone-X KODAMBAKKAM,NK,20-21-07,230-54-01-00,Storm Water Drains,14695,10000,13000,15000
2020-21,2020-21_C.txt,Zone-X KODAMBAKKAM,NK,20-21-07,230-54-03-00,Storm Water Drains-Desilting,16117,20000,62000,50000
2020-21,2020-21_C.txt,Zone-X KODAMBAKKAM,NK,20-21-07,230-62-02-00,Sites & Services & Slums - Storm Water Drains,1,1,1,
2020-21,2020-21_N.txt,Zone-I THIRUVOTTIYUR,NA,20-21-07,230-54-01-00,Storm Water Drains,825,2000,6000,5000
2020-21,2020-21_N.txt,Zone-I THIRUVOTTIYUR,NA,20-21-07,230-54-03-00,Storm Water Drains-Desilting,2122,3000,4500,5000
2020-21,2020-21_N.txt,Zone-I THIRUVOTTIYUR,NA,20-21-07,230-62-02-00,Sites & Services & Slums - Storm Water Drains,1,1,1,
2020-21,2020-21_N.txt,Zone-II MANALI,NB,20-21-07,230-54-01-00,Storm Water Drains,1483,3000,3000,3000
2020-21,2020-21_N.txt,Zone-II MANALI,NB,20-21-07,230-54-03-00,Storm Water Drains-Desilting,4662,1000,6000,5000
2020-21,2020-21_N.txt,Zone-II MANALI,NB,20-21-07,230-62-02-00,Sites & Services & Slums - Storm Water Drains,1,1,1,
2020-21,2020-21_N.txt,Zone-III MADHAVARAM,NC,20-21-07,230-54-01-00,Storm Water Drains,1336,2000,2000,2300
2020-21,2020-21_N.txt,Zone-III MADHAVARAM,NC,20-21-07,230-54-03-00,Storm Water Drains-Desilting,5169,5000,11500,10000
2020-21,2020-21_N.txt,Zone-III MADHAVARAM,NC,20-21-07,230-62-02-00,Sites & Services & Slums - Storm Water Drains,1,1,1,
2020-21,2020-21_N.txt,Zone-IV TONDIARPET,ND,20-21-07,230-54-01-00,Storm Water Drains,3269,8000,12000,10000
2020-21,2020-21_N.txt,Zone-IV TONDIARPET,ND,20-21-07,230-54-03-00,Storm Water Drains-Desilting,16846,20000,20000,20000
2020-21,2020-21_N.txt,Zone-IV TONDIARPET,ND,20-21-07,230-62-02-00,Sites & Services & Slums - Storm Water Drains,1,1,1,
2020-21,2020-21_N.txt,Zone-V ROYAPURAM,NE,20-21-07,230-54-01-00,Storm Water Drains,4109,7000,16500,10000
2020-21,2020-21_N.txt,Zone-V ROYAPURAM,NE,20-21-07,230-54-03-00,Storm Water Drains-Desilting,10802,15000,16000,15000
2020-21,2020-21_N.txt,Zone-V ROYAPURAM,NE,20-21-07,230-62-02-00,Sites & Services & Slums - Storm Water Drains,1,1,1,
2020-21,2020-21_S.txt,Zone-XI VALASARAVAKKAM,NL,20-21-07,230-54-01-00,Storm Water Drains,5034,10000,5000,5000
2020-21,2020-21_S.txt,Zone-XI VALASARAVAKKAM,NL,20-21-07,230-54-03-00,Storm Water Drain & Culverts,5007,10000,13100,15000
2020-21,2020-21_S.txt,Zone-XI VALASARAVAKKAM,NL,20-21-07,230-62-02-00,Sites & Services & Slums - Storm Water Drains,1,1,1,
2020-21,2020-21_S.txt,Zone-XII ALANDUR,NM,20-21-07,230-54-01-00,Storm Water Drains,1571,10000,22000,20000
2020-21,2020-21_S.txt,Zone-XII ALANDUR,NM,20-21-07,230-54-03-00,Storm Water Drain & Culverts,7579,10000,10000,10000
2020-21,2020-21_S.txt,Zone-XII ALANDUR,NM,20-21-07,230-62-02-00,Sites & Services & Slums - Storm Water Drains,1,1,1,
2020-21,2020-21_S.txt,Zone-XIII ADYAR,NN,20-21-07,230-54-01-00,Storm Water Drains,1538,5000,33000,10000
2020-21,2020-21_S.txt,Zone-XIII ADYAR,NN,20-21-07,230-54-03-00,Storm Water Drain & Culverts,20360,10000,35000,20000
2020-21,2020-21_S.txt,Zone-XIII ADYAR,NN,20-21-07,230-62-02-00,Sites & Services & Slums - Storm Water Drains,1,1,1,
2020-21,2020-21_S.txt,Zone-XIV PERUNGUDI,NP,20-21-07,230-54-01-00,Storm Water Drains,5369,10000,17500,18000
2020-21,2020-21_S.txt,Zone-XIV PERUNGUDI,NP,20-21-07,230-54-03-00,Storm Water Drains-Desilting,7671,10000,10000,10000
2020-21,2020-21_S.txt,Zone-XIV PERUNGUDI,NP,20-21-07,230-62-02-00,Sites & Services & Slums - Storm Water Drains,1,1,1,
2020-21,2020-21_S.txt,Zone-XV SHOZHINGANALLUR,NQ,20-21-07,230-54-01-00,Storm Water Drains,1107,4000,10200,10000
2020-21,2020-21_S.txt,Zone-XV SHOZHINGANALLUR,NQ,20-21-07,230-54-03-00,Storm Water Drains-Desilting,4165,8000,8000,8000
2020-21,2020-21_S.txt,Zone-XV SHOZHINGANALLUR,NQ,20-21-07,230-62-02-00,Sites & Services & Slums - Storm Water Drains,1,1,1,
2022-23,2022-23_C.txt,Zone-VI THIRU-VI-KA NAGAR,NF,20-21-07,230-54-01-00,Storm Water Drains,6000,2000,2000,
2022-23,2022-23_C.txt,Zone-VI THIRU-VI-KA NAGAR,NF,20-21-07,230-54-03-00,Storm Water Drains-Desilting,1663,10000,12000,15000
2022-23,2022-23_C.txt,Zone-VI THIRU-VI-KA NAGAR,NF,20-21-07,230-62-02-00,Sites & Services & Slums - Storm Water Drains,1,1,1,
2022-23,2022-23_C.txt,Zone-VI THIRU-VI-KA NAGAR,NF,20-21-07,230-70-03-00,Flood Relief Works - Storm Water Drain,1,1,1,
2022-23,2022-23_C.txt,Zone-VII AMBATTUR,NG,20-21-07,230-54-01-00,Storm Water Drains,1723,2000,3000,3000
2022-23,2022-23_C.txt,Zone-VII AMBATTUR,NG,20-21-07,230-54-03-00,Storm Water Drains-Desilting,9999,10000,5000,5000
2022-23,2022-23_C.txt,Zone-VII AMBATTUR,NG,20-21-07,230-62-02-00,Sites & Services & Slums - Storm Water Drains,1,1,1,
2022-23,2022-23_C.txt,Zone-VIII ANNA NAGAR,NH,20-21-07,230-54-01-00,Storm Water Drains,932,5000,5000,5000
2022-23,2022-23_C.txt,Zone-VIII ANNA NAGAR,NH,20-21-07,230-54-03-00,Storm Water Drains-Desilting,11786,10000,6000,6000
2022-23,2022-23_C.txt,Zone-VIII ANNA NAGAR,NH,20-21-07,230-62-02-00,Sites & Services & Slums - Storm Water Drains,1,1,1,
2022-23,2022-23_C.txt,Zone-VIII ANNA NAGAR,NH,20-21-07,230-70-03-00,Flood Relief Works - Storm Water Drain,1,1,1,
2022-23,2022-23_C.txt,Zone-IX TEYNAMPET,NJ,20-21-07,230-54-01-00,Storm Water Drains,8965,10000,7000,7000
2022-23,2022-23_C.txt,Zone-IX TEYNAMPET,NJ,20-21-07,230-54-03-00,Storm Water Drains-Desilting,12974,20000,8000,8000
2022-23,2022-23_C.txt,Zone-IX TEYNAMPET,NJ,20-21-07,230-62-02-00,Sites & Services & Slums - Storm Water Drains,1,1,1,
2022-23,2022-23_C.txt,Zone-IX TEYNAMPET,NJ,20-21-07,230-70-03-00,Flood Relief Works - Storm Water Drain,1,1,1,
2022-23,2022-23_C.txt,Zone-X KODAMBAKKAM,NK,20-21-07,230-54-01-00,Storm Water Drains,3267,5000,5000,5000
2022-23,2022-23_C.txt,Zone-X KODAMBAKKAM,NK,20-21-07,230-54-03-00,Storm Water Drains-Desilting,11457,15000,10000,10000
2022-23,2022-23_C.txt,Zone-X KODAMBAKKAM,NK,20-21-07,230-62-02-00,Sites & Services & Slums - Storm Water Drains,1,1,1,
2022-23,2022-23_N.txt,Zone-I THIRUVOTTIYUR,NA,20-21-07,230-54-01-00,Storm Water Drains,3718,5000,3000,5000
2022-23,2022-23_N.txt,Zone-I THIRUVOTTIYUR,NA,20-21-07,230-54-03-00,Storm Water Drains-Desilting,1903,2000,1000,2000
2022-23,2022-23_N.txt,Zone-I THIRUVOTTIYUR,NA,20-21-07,230-62-02-00,Sites & Services & Slums - Storm Water Drains,1,1,1,
2022-23,2022-23_N.txt,Zone-II MANALI,NB,20-21-07,230-54-01-00,Storm Water Drains,988,1000,1000,1000
2022-23,2022-23_N.txt,Zone-II MANALI,NB,20-21-07,230-54-03-00,Storm Water Drains-Desilting,703,1000,1000,1000
2022-23,2022-23_N.txt,Zone-II MANALI,NB,20-21-07,230-62-02-00,Sites & Services & Slums - Storm Water Drains,1,1,1,
2022-23,2022-23_N.txt,Zone-III MADHAVARAM,NC,20-21-07,230-54-01-00,Storm Water Drains,1305,2300,1000,1500
2022-23,2022-23_N.txt,Zone-III MADHAVARAM,NC,20-21-07,230-54-03-00,Storm Water Drains-Desilting,8588,10000,5000,5000
2022-23,2022-23_N.txt,Zone-III MADHAVARAM,NC,20-21-07,230-62-02-00,Sites & Services & Slums - Storm Water Drains,1,1,1,
2022-23,2022-23_N.txt,Zone-III MADHAVARAM,NC,20-21-07,230-70-03-00,Flood Relief Works - Storm Water Drain,1,1,1,
2022-23,2022-23_N.txt,Zone-IV TONDIARPET,ND,20-21-07,230-54-01-00,Storm Water Drains,210,5000,5000,5000
2022-23,2022-23_N.txt,Zone-IV TONDIARPET,ND,20-21-07,230-54-03-00,Storm Water Drains-Desilting,5000,5000,5000,
2022-23,2022-23_N.txt,Zone-IV TONDIARPET,ND,20-21-07,230-62-02-00,Sites & Services & Slums - Storm Water Drains,1,1,1,
2022-23,2022-23_N.txt,Zone-V ROYAPURAM,NE,20-21-07,230-54-01-00,Storm Water Drains,8234,10000,10000,10000
2022-23,2022-23_N.txt,Zone-V ROYAPURAM,NE,20-21-07,230-54-03-00,Storm Water Drains-Desilting,1506,5000,5000,5000
2022-23,2022-23_N.txt,Zone-V ROYAPURAM,NE,20-21-07,230-62-02-00,Sites & Services & Slums - Storm Water Drains,1,1,1,
2022-23,2022-23_N.txt,Zone-V ROYAPURAM,NE,20-21-07,230-70-03-00,Flood Relief Works - Storm Water Drain,0,500,1,
2022-23,2022-23_S.txt,Zone-XI VALASARAVAKKAM,NL,20-21-07,230-54-01-00,Storm Water Drains,4828,5000,3000,3000
2022-23,2022-23_S.txt,Zone-XI VALASARAVAKKAM,NL,20-21-07,230-54-03-00,Storm Water Drains-Desilting,11716,15000,15000,15000
2022-23,2022-23_S.txt,Zone-XI VALASARAVAKKAM,NL,20-21-07,230-62-02-00,Sites & Services & Slums - Storm Water Drains,1,1,1,
2022-23,2022-23_S.txt,Zone-XII ALANDUR,NM,20-21-07,230-54-01-00,Storm Water Drains,10148,20000,1000,2000
2022-23,2022-23_S.txt,Zone-XII ALANDUR,NM,20-21-07,230-54-03-00,Storm Water Drains-Desilting,4087,7000,7000,7000
2022-23,2022-23_S.txt,Zone-XII ALANDUR,NM,20-21-07,230-62-02-00,Sites & Services & Slums - Storm Water Drains,1,1,1,
2022-23,2022-23_S.txt,Zone-XIII ADYAR,NN,20-21-07,230-54-01-00,Storm Water Drains,724,10000,10000,10000
2022-23,2022-23_S.txt,Zone-XIII ADYAR,NN,20-21-07,230-54-03-00,Storm Water Drains-Desilting,291,10000,10000,10000
2022-23,2022-23_S.txt,Zone-XIII ADYAR,NN,20-21-07,230-62-02-00,Sites & Services & Slums - Storm Water Drains,1,1,1,
2022-23,2022-23_S.txt,Zone-XIII ADYAR,NN,20-21-07,230-70-03-00,Flood Relief Works - Storm Water Drain,0,735,1,
2022-23,2022-23_S.txt,Zone-XIV PERUNGUDI,NP,20-21-07,230-54-01-00,Storm Water Drains,4928,6000,1000,2000
2022-23,2022-23_S.txt,Zone-XIV PERUNGUDI,NP,20-21-07,230-54-03-00,Storm Water Drains-Desilting,4835,7000,2000,2000
2022-23,2022-23_S.txt,Zone-XIV PERUNGUDI,NP,20-21-07,230-62-02-00,Sites & Services & Slums - Storm Water Drains,1,1,1,
2022-23,2022-23_S.txt,Zone-XV SHOZHINGANALLUR,NQ,20-21-07,230-54-01-00,Storm Water Drains,1743,5000,5000,5000
2022-23,2022-23_S.txt,Zone-XV SHOZHINGANALLUR,NQ,20-21-07,230-54-03-00,Storm Water Drains-Desilting,477,5000,2000,2000
2022-23,2022-23_S.txt,Zone-XV SHOZHINGANALLUR,NQ,20-21-07,230-62-02-00,Sites & Services & Slums - Storm Water Drains,1,1,1,
2023-24,2023-24_C.txt,Zone-VI THIRU-VI-KA NAGAR,NF,20-21-07,230-54-01-00,Storm Water Drains,2680,2000,1000,1000
2023-24,2023-24_C.txt,Zone-VI THIRU-VI-KA NAGAR,NF,20-21-07,230-54-03-00,Storm Water Drains-Desilting,9683,15000,10000,22000
2023-24,2023-24_C.txt,Zone-VI THIRU-VI-KA NAGAR,NF,20-21-07,230-70-03-00,Flood Relief-Storm Water Drain,1,1,1,
2023-24,2023-24_C.txt,Zone-VII AMBATTUR,NG,20-21-07,230-54-01-00,Storm Water Drains,1976,3000,1000,1000
2023-24,2023-24_C.txt,Zone-VII AMBATTUR,NG,20-21-07,230-54-03-00,Storm Water Drains-Desilting,2168,5000,5000,50000
2023-24,2023-24_C.txt,Zone-VIII ANNA NAGAR,NH,20-21-07,230-54-01-00,Storm Water Drains,5018,5000,5000,5000
2023-24,2023-24_C.txt,Zone-VIII ANNA NAGAR,NH,20-21-07,230-54-03-00,Storm Water Drains-Desilting,6876,6000,66500,28000
2023-24,2023-24_C.txt,Zone-VIII ANNA NAGAR,NH,20-21-07,230-70-03-00,Flood Relief-Storm Water Drain,1,1,1,
2023-24,2023-24_C.txt,Zone-IX TEYNAMPET,NJ,20-21-07,230-54-01-00,Storm Water Drains,6393,7000,8000,8000
2023-24,2023-24_C.txt,Zone-IX TEYNAMPET,NJ,20-21-07,230-54-03-00,Storm Water Drains-Desilting,8141,8000,120000,28000
2023-24,2023-24_C.txt,Zone-IX TEYNAMPET,NJ,20-21-07,230-70-03-00,Flood Relief-Storm Water Drain,1,1,1,
2023-24,2023-24_C.txt,Zone-X KODAMBAKKAM,NK,20-21-07,230-54-01-00,Storm Water Drains,3275,5000,5000,5000
2023-24,2023-24_C.txt,Zone-X KODAMBAKKAM,NK,20-21-07,230-54-03-00,Storm Water Drains-Desilting,7525,10000,40000,33000
2023-24,2023-24_N.txt,Zone-I THIRUVOTTIYUR,NA,20-21-07,230-54-01-00,Storm Water Drains,1185,5000,500,1000
2023-24,2023-24_N.txt,Zone-I THIRUVOTTIYUR,NA,20-21-07,230-54-03-00,Storm Water Drains-Desilting,385,2000,3200,0
2023-24,2023-24_N.txt,Zone-II MANALI,NB,20-21-07,230-54-01-00,Storm Water Drains,319,1000,1000,1000
2023-24,2023-24_N.txt,Zone-II MANALI,NB,20-21-07,230-54-03-00,Storm Water Drains-Desilting,127,1000,2250,0
2023-24,2023-24_N.txt,Zone-III MADHAVARAM,NC,20-21-07,230-54-01-00,Storm Water Drains,557,1500,500,1000
2023-24,2023-24_N.txt,Zone-III MADHAVARAM,NC,20-21-07,230-54-03-00,Storm Water Drains-Desilting,1747,5000,5000,0
2023-24,2023-24_N.txt,Zone-III MADHAVARAM,NC,20-21-07,230-70-03-00,Flood Relief-Storm Water Drain,1,1,1,
2023-24,2023-24_N.txt,Zone-IV TONDIARPET,ND,20-21-07,230-54-01-00,Storm Water Drains,4811,5000,6700,5000
2023-24,2023-24_N.txt,Zone-IV TONDIARPET,ND,20-21-07,230-54-03-00,Storm Water Drains-Desilting,4385,5000,77500,18000
2023-24,2023-24_N.txt,Zone-V ROYAPURAM,NE,20-21-07,230-54-01-00,Storm Water Drains,7441,10000,11500,10000
2023-24,2023-24_N.txt,Zone-V ROYAPURAM,NE,20-21-07,230-54-03-00,Storm Water Drains-Desilting,3119,5000,55000,19000
2023-24,2023-24_N.txt,Zone-V ROYAPURAM,NE,20-21-07,230-70-03-00,Flood Relief-Storm Water Drain,309,1,1,1
2023-24,2023-24_S.txt,Zone-XI VALASARAVAKKAM,NL,20-21-07,230-54-01-00,Storm Water Drains,2649,3000,3000,10000
2023-24,2023-24_S.txt,Zone-XI VALASARAVAKKAM,NL,20-21-07,230-54-03-00,Storm Water Drains-Desilting,11965,15000,56400,44000
2023-24,2023-24_S.txt,Zone-XII ALANDUR,NM,20-21-07,230-54-01-00,Storm Water Drains,1102,2000,2000,5000
2023-24,2023-24_S.txt,Zone-XII ALANDUR,NM,20-21-07,230-54-03-00,Storm Water Drains-Desilting,4706,7000,18300,33000
2023-24,2023-24_S.txt,Zone-XIII ADYAR,NN,20-21-07,230-54-01-00,Storm Water Drains,6144,10000,10000,10000
2023-24,2023-24_S.txt,Zone-XIII ADYAR,NN,20-21-07,230-54-03-00,Storm Water Drains-Desilting,8946,10000,70400,33000
2023-24,2023-24_S.txt,Zone-XIII ADYAR,NN,20-21-07,230-70-03-00,Flood Relief-Storm Water Drain,1,735,1,
2023-24,2023-24_S.txt,Zone-XIV PERUNGUDI,NP,20-21-07,230-54-01-00,Storm Water Drains,779,2000,5600,3000
2023-24,2023-24_S.txt,Zone-XIV PERUNGUDI,NP,20-21-07,230-54-03-00,Storm Water Drains-Desilting,1832,2000,33800,32000
2023-24,2023-24_S.txt,Zone-XIV PERUNGUDI,NP,20-21-07,230-70-03-00,Flood Relief-Storm Water Drain,1,1,1,
2023-24,2023-24_S.txt,Zone-XV SHOZHINGANALLUR,NQ,20-21-07,230-54-01-00,Storm Water Drains,3296,5000,5000,5000
2023-24,2023-24_S.txt,Zone-XV SHOZHINGANALLUR,NQ,20-21-07,230-54-03-00,Storm Water Drains-Desilting,2636,2000,6500,10000
2024-25,2024-25_C.txt,Zone-VI THIRU-VI-KA NAGAR,NF,20-21-07,230-54-01-00,Storm Water Drains,376,1000,1000,1000
2024-25,2024-25_C.txt,Zone-VI THIRU-VI-KA NAGAR,NF,20-21-07,230-54-03-00,Storm Water Drains-Desilting,7381,22000,22000,10000
2024-25,2024-25_C.txt,Zone-VI THIRU-VI-KA NAGAR,NF,20-21-07,230-70-03-00,Flood Relief-Storm Water Drain,1,18900,1,
2024-25,2024-25_C.txt,Zone-VII AMBATTUR,NG,20-21-07,230-54-01-00,Storm Water Drains,396,1000,1000,1000
2024-25,2024-25_C.txt,Zone-VII AMBATTUR,NG,20-21-07,230-54-03-00,Storm Water Drains-Desilting,3639,50000,30000,40000
2024-25,2024-25_C.txt,Zone-VIII ANNA NAGAR,NH,20-21-07,230-54-01-00,Storm Water Drains,43154,5000,3000,2000
2024-25,2024-25_C.txt,Zone-VIII ANNA NAGAR,NH,20-21-07,230-54-03-00,Storm Water Drains-Desilting,28000,28000,20000,
2024-25,2024-25_C.txt,Zone-VIII ANNA NAGAR,NH,20-21-07,230-70-03-00,Flood Relief-Storm Water Drain,1,1,1,
2024-25,2024-25_C.txt,Zone-IX TEYNAMPET,NJ,20-21-07,230-54-01-00,Storm Water Drains,7942,8000,12500,15000
2024-25,2024-25_C.txt,Zone-IX TEYNAMPET,NJ,20-21-07,230-54-03-00,Storm Water Drains-Desilting,117616,28000,45000,40000
2024-25,2024-25_C.txt,Zone-IX TEYNAMPET,NJ,20-21-07,230-70-03-00,Flood Relief-Storm Water Drain,1,1,1,
2024-25,2024-25_C.txt,Zone-X KODAMBAKKAM,NK,20-21-07,230-54-01-00,Storm Water Drains,4913,5000,10000,10000
2024-25,2024-25_C.txt,Zone-X KODAMBAKKAM,NK,20-21-07,230-54-03-00,Storm Water Drains-Desilting,31510,33000,33000,33000
2024-25,2024-25_N.txt,Zone-I THIRUVOTTIYUR,NA,20-21-07,230-54-01-00,Storm Water Drains,367,1000,1000,1000
2024-25,2024-25_N.txt,Zone-I THIRUVOTTIYUR,NA,20-21-07,230-54-03-00,Storm Water Drains-Desilting,1677,0,0,0
2024-25,2024-25_N.txt,Zone-II MANALI,NB,20-21-07,230-54-01-00,Storm Water Drains,803,1000,1000,1000
2024-25,2024-25_N.txt,Zone-II MANALI,NB,20-21-07,230-54-03-00,Storm Water Drains-Desilting,1425,0,3500,3500
2024-25,2024-25_N.txt,Zone-III MADHAVARAM,NC,20-21-07,230-54-01-00,Storm Water Drains,1000,6000,1000,
2024-25,2024-25_N.txt,Zone-III MADHAVARAM,NC,20-21-07,230-54-03-00,Storm Water Drains-Desilting,3102,0,15000,10000
2024-25,2024-25_N.txt,Zone-III MADHAVARAM,NC,20-21-07,230-70-03-00,Flood Relief-Storm Water Drain,1,1,1,
2024-25,2024-25_N.txt,Zone-IV TONDIARPET,ND,20-21-07,230-54-01-00,Storm Water Drains,6534,5000,7500,5000
2024-25,2024-25_N.txt,Zone-IV TONDIARPET,ND,20-21-07,230-54-03-00,Storm Water Drains-Desilting,77363,18000,20000,20000
2024-25,2024-25_N.txt,Zone-V ROYAPURAM,NE,20-21-07,230-54-01-00,Storm Water Drains,5845,10000,15000,10000
2024-25,2024-25_N.txt,Zone-V ROYAPURAM,NE,20-21-07,230-54-03-00,Storm Water Drains-Desilting,52313,19000,30000,20000
2024-25,2024-25_N.txt,Zone-V ROYAPURAM,NE,20-21-07,230-70-03-00,Flood Relief-Storm Water Drain,1,1,1,
2024-25,2024-25_S.txt,Zone-XI VALASARAVAKKAM,NL,20-21-07,230-54-01-00,Storm Water Drains,614,10000,11000,10000
2024-25,2024-25_S.txt,Zone-XI VALASARAVAKKAM,NL,20-21-07,230-54-03-00,Storm Water Drains-Desilting,39654,44000,45000,40000
2024-25,2024-25_S.txt,Zone-XII ALANDUR,NM,20-21-07,230-54-01-00,Storm Water Drains,1872,5000,6000,5000
2024-25,2024-25_S.txt,Zone-XII ALANDUR,NM,20-21-07,230-54-03-00,Storm Water Drains-Desilting,12575,33000,33000,30000
2024-25,2024-25_S.txt,Zone-XIII ADYAR,NN,20-21-07,230-54-01-00,Storm Water Drains,8915,10000,5000,5000
2024-25,2024-25_S.txt,Zone-XIII ADYAR,NN,20-21-07,230-54-03-00,Storm Water Drains-Desilting,28347,33000,33000,30000
2024-25,2024-25_S.txt,Zone-XIII ADYAR,NN,20-21-07,230-70-03-00,Flood Relief-Storm Water Drain,1,735,1,
2024-25,2024-25_S.txt,Zone-XIV PERUNGUDI,NP,20-21-07,230-54-01-00,Storm Water Drains,4183,3000,3000,3000
2024-25,2024-25_S.txt,Zone-XIV PERUNGUDI,NP,20-21-07,230-54-03-00,Storm Water Drains-Desilting,33390,32000,32000,30000
2024-25,2024-25_S.txt,Zone-XIV PERUNGUDI,NP,20-21-07,230-70-03-00,Flood Relief-Storm Water Drain,1,1,1,
2024-25,2024-25_S.txt,Zone-XV SHOZHINGANALLUR,NQ,20-21-07,230-54-01-00,Storm Water Drains,1996,5000,5000,3000
2024-25,2024-25_S.txt,Zone-XV SHOZHINGANALLUR,NQ,20-21-07,230-54-03-00,Storm Water Drains-Desilting,2241,10000,10000,10000
2025-26,2025-26_C.txt,Zone-VI THIRU-VI-KA NAGAR,NF,20-21-07,230-54-01-00,Storm Water Drains,838,1000,1000,1000
2025-26,2025-26_C.txt,Zone-VI THIRU-VI-KA NAGAR,NF,20-21-07,230-54-03-00,Storm Water Drains-Desilting,19186,10000,20000,20000
2025-26,2025-26_C.txt,Zone-VI THIRU-VI-KA NAGAR,NF,20-21-07,230-70-03-00,Flood Relief-Storm Water Drain,18444,1,1000,1
2025-26,2025-26_C.txt,Zone-VII AMBATTUR,NG,20-21-07,230-54-01-00,Storm Water Drains,618,1000,1000,1000
2025-26,2025-26_C.txt,Zone-VII AMBATTUR,NG,20-21-07,230-54-03-00,Storm Water Drains-Desilting,15809,40000,20000,20000
2025-26,2025-26_C.txt,Zone-VIII ANNA NAGAR,NH,20-21-07,230-54-01-00,Storm Water Drains,2911,2000,35000,20000
2025-26,2025-26_C.txt,Zone-VIII ANNA NAGAR,NH,20-21-07,230-54-03-00,Storm Water Drains-Desilting,16722,20000,41000,40000
2025-26,2025-26_C.txt,Zone-VIII ANNA NAGAR,NH,20-21-07,230-70-03-00,Flood Relief-Storm Water Drain,1,1,1,
2025-26,2025-26_C.txt,Zone-IX TEYNAMPET,NJ,20-21-07,230-54-01-00,Storm Water Drains,12288,15000,15000,15000
2025-26,2025-26_C.txt,Zone-IX TEYNAMPET,NJ,20-21-07,230-54-03-00,Storm Water Drains-Desilting,44805,40000,80000,60000
2025-26,2025-26_C.txt,Zone-IX TEYNAMPET,NJ,20-21-07,230-70-03-00,Flood Relief-Storm Water Drain,1,1,1,
2025-26,2025-26_C.txt,Zone-X KODAMBAKKAM,NK,20-21-07,230-54-01-00,Storm Water Drains,9882,10000,40500,30000
2025-26,2025-26_C.txt,Zone-X KODAMBAKKAM,NK,20-21-07,230-54-03-00,Storm Water Drains-Desilting,32892,33000,33000,33000
2025-26,2025-26_N.txt,Zone-I THIRUVOTTIYUR,NA,20-21-07,230-54-01-00,Storm Water Drains,761,1000,2000,2000
2025-26,2025-26_N.txt,Zone-I THIRUVOTTIYUR,NA,20-21-07,230-54-03-00,Storm Water Drains-Desilting,0,1,1,
2025-26,2025-26_N.txt,Zone-II MANALI,NB,20-21-07,230-54-01-00,Storm Water Drains,1000,6000,3000,
2025-26,2025-26_N.txt,Zone-II MANALI,NB,20-21-07,230-54-03-00,Storm Water Drains-Desilting,2839,3500,3500,3500
2025-26,2025-26_N.txt,Zone-III MADHAVARAM,NC,20-21-07,230-54-01-00,Storm Water Drains,5915,1000,5000,5000
2025-26,2025-26_N.txt,Zone-III MADHAVARAM,NC,20-21-07,230-54-03-00,Storm Water Drains-Desilting,14056,10000,8000,8000
2025-26,2025-26_N.txt,Zone-III MADHAVARAM,NC,20-21-07,230-70-03-00,Flood Relief-Storm Water Drain,1,1,1,
2025-26,2025-26_N.txt,Zone-IV TONDIARPET,ND,20-21-07,230-54-01-00,Storm Water Drains,4919,5000,37000,10000
2025-26,2025-26_N.txt,Zone-IV TONDIARPET,ND,20-21-07,230-54-03-00,Storm Water Drains-Desilting,19632,20000,35000,35000
2025-26,2025-26_N.txt,Zone-V ROYAPURAM,NE,20-21-07,230-54-01-00,Storm Water Drains,14638,10000,47000,30000
2025-26,2025-26_N.txt,Zone-V ROYAPURAM,NE,20-21-07,230-54-03-00,Storm Water Drains-Desilting,29386,20000,35000,35000
2025-26,2025-26_N.txt,Zone-V ROYAPURAM,NE,20-21-07,230-70-03-00,Flood Relief-Storm Water Drain,1,1,1,
2025-26,2025-26_S.txt,Zone-XI VALASARAVAKKAM,NL,20-21-07,230-54-01-00,Storm Water Drains,12925,10000,14000,10000
2025-26,2025-26_S.txt,Zone-XI VALASARAVAKKAM,NL,20-21-07,230-54-03-00,Storm Water Drains-Desilting,50735,40000,67000,50000
2025-26,2025-26_S.txt,Zone-XII ALANDUR,NM,20-21-07,230-54-01-00,Storm Water Drains,5411,5000,6500,6500
2025-26,2025-26_S.txt,Zone-XII ALANDUR,NM,20-21-07,230-54-03-00,Storm Water Drains-Desilting,8976,30000,20000,20000
2025-26,2025-26_S.txt,Zone-XIII ADYAR,NN,20-21-07,230-54-01-00,Storm Water Drains,4916,5000,11200,12000
2025-26,2025-26_S.txt,Zone-XIII ADYAR,NN,20-21-07,230-54-03-00,Storm Water Drains-Desilting,30798,30000,30000,30000
2025-26,2025-26_S.txt,Zone-XIII ADYAR,NN,20-21-07,230-70-03-00,Flood Relief-Storm Water Drain,735,1,1,1
2025-26,2025-26_S.txt,Zone-XIV PERUNGUDI,NP,20-21-07,230-54-01-00,Storm Water Drains,2259,3000,3000,3000
2025-26,2025-26_S.txt,Zone-XIV PERUNGUDI,NP,20-21-07,230-54-03-00,Storm Water Drains-Desilting,7393,30000,30000,30000
2025-26,2025-26_S.txt,Zone-XIV PERUNGUDI,NP,20-21-07,230-70-03-00,Flood Relief-Storm Water Drain,1,1,1,
2025-26,2025-26_S.txt,Zone-XV SHOZHINGANALLUR,NQ,20-21-07,230-54-01-00,Storm Water Drains,4023,3000,8200,5000
2025-26,2025-26_S.txt,Zone-XV SHOZHINGANALLUR,NQ,20-21-07,230-54-03-00,Storm Water Drains-Desilting,2920,10000,22000,20000
2026-27,2026-27_C.txt,Zone-VI THIRU-VI-KA NAGAR,NF,20-21-07,230-54-01-00,Storm Water Drains,982,1000,14000,15000
2026-27,2026-27_C.txt,Zone-VI THIRU-VI-KA NAGAR,NF,20-21-07,230-54-03-00,Storm Water Drains-Desilting,11277,20000,41000,40000
2026-27,2026-27_C.txt,Zone-VI THIRU-VI-KA NAGAR,NF,20-21-07,230-70-03-00,Flood Relief-Storm Water Drain,1000,1,1,1
2026-27,2026-27_C.txt,Zone-VII AMBATTUR,NG,20-21-07,230-54-01-00,Storm Water Drains,1000,2100,2000,
2026-27,2026-27_C.txt,Zone-VII AMBATTUR,NG,20-21-07,230-54-03-00,Storm Water Drains-Desilting,12415,20000,42000,40000
2026-27,2026-27_C.txt,Zone-VIII ANNA NAGAR,NH,20-21-07,230-54-01-00,Storm Water Drains,34868,20000,20000,20000
2026-27,2026-27_C.txt,Zone-VIII ANNA NAGAR,NH,20-21-07,230-54-03-00,Storm Water Drains-Desilting,39943,40000,40000,40000
2026-27,2026-27_C.txt,Zone-VIII ANNA NAGAR,NH,20-21-07,230-70-03-00,Flood Relief-Storm Water Drain,1,1,1,
2026-27,2026-27_C.txt,Zone-IX TEYNAMPET,NJ,20-21-07,230-54-01-00,Storm Water Drains,14765,15000,15000,15000
2026-27,2026-27_C.txt,Zone-IX TEYNAMPET,NJ,20-21-07,230-54-03-00,Storm Water Drains-Desilting,76890,60000,181000,100000
2026-27,2026-27_C.txt,Zone-IX TEYNAMPET,NJ,20-21-07,230-70-03-00,Flood Relief-Storm Water Drain,1,1,1,
2026-27,2026-27_C.txt,Zone-X KODAMBAKKAM,NK,20-21-07,230-54-01-00,Storm Water Drains,35699,30000,107000,80000
2026-27,2026-27_C.txt,Zone-X KODAMBAKKAM,NK,20-21-07,230-54-03-00,Storm Water Drains-Desilting,32517,33000,35000,40000
2026-27,2026-27_N.txt,Zone-I THIRUVOTTIYUR,NA,20-21-07,230-54-01-00,Storm Water Drains,886,2000,12500,10000
2026-27,2026-27_N.txt,Zone-I THIRUVOTTIYUR,NA,20-21-07,230-54-03-00,Storm Water Drains-Desilting,1,4500,5000,
2026-27,2026-27_N.txt,Zone-II MANALI,NB,20-21-07,230-54-01-00,Storm Water Drains,4282,3000,12300,15000
2026-27,2026-27_N.txt,Zone-II MANALI,NB,20-21-07,230-54-03-00,Storm Water Drains-Desilting,378,3500,6000,6000
2026-27,2026-27_N.txt,Zone-III MADHAVARAM,NC,20-21-07,230-54-01-00,Storm Water Drains,4691,5000,6500,6500
2026-27,2026-27_N.txt,Zone-III MADHAVARAM,NC,20-21-07,230-54-03-00,Storm Water Drains-Desilting,7193,8000,9600,10000
2026-27,2026-27_N.txt,Zone-III MADHAVARAM,NC,20-21-07,230-70-03-00,Flood Relief-Storm Water Drain,1,1,1,
2026-27,2026-27_N.txt,Zone-IV TONDIARPET,ND,20-21-07,230-54-01-00,Storm Water Drains,36794,10000,10000,12000
2026-27,2026-27_N.txt,Zone-IV TONDIARPET,ND,20-21-07,230-54-03-00,Storm Water Drains-Desilting,34613,35000,35000,40000
2026-27,2026-27_N.txt,Zone-V ROYAPURAM,NE,20-21-07,230-54-01-00,Storm Water Drains,45991,30000,32000,35000
2026-27,2026-27_N.txt,Zone-V ROYAPURAM,NE,20-21-07,230-54-03-00,Storm Water Drains-Desilting,34448,35000,40000,40000
2026-27,2026-27_N.txt,Zone-V ROYAPURAM,NE,20-21-07,230-70-03-00,Flood Relief-Storm Water Drain,1,1,1,
2026-27,2026-27_S.txt,Zone-XI VALASARAVAKKAM,NL,20-21-07,230-54-01-00,Storm Water Drains,13187,10000,10000,10000
2026-27,2026-27_S.txt,Zone-XI VALASARAVAKKAM,NL,20-21-07,230-54-03-00,Storm Water Drains-Desilting,66602,50000,50000,60000
2026-27,2026-27_S.txt,Zone-XII ALANDUR,NM,20-21-07,230-54-01-00,Storm Water Drains,6203,6500,25000,25000
2026-27,2026-27_S.txt,Zone-XII ALANDUR,NM,20-21-07,230-54-03-00,Storm Water Drains-Desilting,19571,20000,20000,20000
2026-27,2026-27_S.txt,Zone-XIII ADYAR,NN,20-21-07,230-54-01-00,Storm Water Drains,11117,12000,57000,50000
2026-27,2026-27_S.txt,Zone-XIII ADYAR,NN,20-21-07,230-54-03-00,Storm Water Drains-Desilting,29877,30000,30000,30000
2026-27,2026-27_S.txt,Zone-XIII ADYAR,NN,20-21-07,230-70-03-00,Flood Relief-Storm Water Drain,1,1,1,
2026-27,2026-27_S.txt,Zone-XIV PERUNGUDI,NP,20-21-07,230-54-01-00,Storm Water Drains,2912,3000,3000,3000
2026-27,2026-27_S.txt,Zone-XIV PERUNGUDI,NP,20-21-07,230-54-03-00,Storm Water Drains-Desilting,29798,30000,30000,30000
2026-27,2026-27_S.txt,Zone-XIV PERUNGUDI,NP,20-21-07,230-70-03-00,Flood Relief-Storm Water Drain,1,1,1,
2026-27,2026-27_S.txt,Zone-XV SHOZHINGANALLUR,NQ,20-21-07,230-54-01-00,Storm Water Drains,8169,5000,5000,5000
2026-27,2026-27_S.txt,Zone-XV SHOZHINGANALLUR,NQ,20-21-07,230-54-03-00,Storm Water Drains-Desilting,20870,20000,20000,20000
