year,block,sr,prabhag_list,ward_office,*DEPT*,roads_W2,electric_W1,buildings_W4,slum_W5,water_W6,sewerage_W7,total_lakh
2016-17,WardOfficePlan,1,5,औंध क्षेत्रीय कार्यालय एकूण बेरीज,,0.0,0.0,0.0,0.0,0.0,0.0,0.0
2016-17,WardOfficePlan,2,5,कोथरूड क्षेत्रीय कार्यालय एकूण बेरीज,,161.0,86.8,42.7,3.5,0.0,64.4,358.4
2016-17,WardOfficePlan,3,6,घोले रोड क्षेत्रीय कार्यालय एकूण बेरीज,,0.0,0.0,0.0,0.0,0.0,0.0,0.0
2016-17,WardOfficePlan,4,5,वारजे कर्वेनगर क्षेत्रीय कार्यालय एकूण बेरीज,,161.0,19.6,14.0,10.5,0.0,75.6,280.7
2016-17,WardOfficePlan,5,5,ढोलेपाटील रोड क्षेत्रीय कार्यालय एकूण बेरीज,,0.0,0.0,0.0,0.0,0.0,0.0,0.0
2016-17,WardOfficePlan,6,6,नगररोड क्षेत्रीय कार्यालय एकूण बेरीज,,0.0,0.0,0.0,0.0,0.0,0.0,0.0
2016-17,WardOfficePlan,7,5,संगमवाडी क्षेत्रीय कार्यालय एकूण बेरीज,,84.0,38.5,17.5,7.0,0.0,146.3,293.3
2016-17,WardOfficePlan,8,6,भवानी पेठ क्षेत्रीय कार्यालय एकूण बेरीज,,119.0,49.0,14.0,14.0,7.0,36.4,239.4
2016-17,WardOfficePlan,9,6,कसबा विश्रामबाग वाडा क्षेत्रीय कार्यालय एकूण बेरीज,,0.0,0.0,0.0,0.0,0.0,0.0,0.0
2016-17,WardOfficePlan,10,5,टिळक रोड क्षेत्रीय कार्यालय एकूण बेरीज,,0.0,0.0,0.0,0.0,0.0,0.0,0.0
2016-17,WardOfficePlan,11,4,सहकारनगर क्षेत्रीय कार्यालय एकूण बेरीज,,45.5,54.6,14.0,0.0,0.0,17.5,131.6
2016-17,WardOfficePlan,12,4,हडपसर क्षेत्रीय कार्यालय एकूण बेरीज,,0.0,0.0,0.0,0.0,0.0,0.0,0.0
2016-17,WardOfficePlan,13,4,बिबवेवाडी क्षेत्रीय कार्यालय एकूण बेरीज,,67.9,91.7,49.0,0.0,0.0,54.6,263.2
2016-17,WardOfficePlan,14,5,धनकवडी क्षेत्रीय कार्यालय एकूण बेरीज,,52.5,24.5,0.0,0.0,0.0,28.0,105.0
2016-17,WardOfficePlan,14,5,कोंढवा वानवडी क्षेत्रीय कार्यालय एकूण बेरीज,,0.0,0.0,0.0,0.0,0.0,0.0,0.0
2016-17,WardOfficeNonPlan,1,5,औंध क्षेत्रीय कार्यालय एकूण बेरीज,,317.0,115.0,149.0,116.0,0.0,108.0,805.0
2016-17,WardOfficeNonPlan,2,5,कोथरूड क्षेत्रीय कार्यालय एकूण बेरीज,,60.0,0.0,36.0,72.0,0.0,70.0,238.0
2016-17,WardOfficeNonPlan,3,6,घोले रोड क्षेत्रीय कार्यालय एकूण बेरीज,,273.0,233.0,145.0,151.0,0.0,135.0,937.0
2016-17,WardOfficeNonPlan,4,5,वारजे कर्वेनगर क्षेत्रीय कार्यालय एकूण बेरीज,,123.0,78.0,72.0,76.0,0.0,142.0,491.0
2016-17,WardOfficeNonPlan,5,5,ढोलेपाटील रोड क्षेत्रीय कार्यालय एकूण बेरीज,,183.0,160.0,243.0,106.0,0.0,175.0,867.0
2016-17,WardOfficeNonPlan,6,6,नगररोड क्षेत्रीय कार्यालय एकूण बेरीज,,387.0,178.0,162.0,66.0,0.0,139.0,932.0
2016-17,WardOfficeNonPlan,7,5,संगमवाडी क्षेत्रीय कार्यालय एकूण बेरीज,,311.0,45.0,91.0,86.0,0.0,60.0,593.0
2016-17,WardOfficeNonPlan,8,6,भवानी पेठ क्षेत्रीय कार्यालय एकूण बेरीज,,78.0,55.0,160.0,175.0,0.0,90.0,558.0
2016-17,WardOfficeNonPlan,9,6,कसबा विश्रामबाग वाडा क्षेत्रीय कार्यालय एकूण बेरीज,,396.0,105.0,92.0,32.0,20.0,255.0,900.0
2016-17,WardOfficeNonPlan,10,5,टिळक रोड क्षेत्रीय कार्यालय एकूण बेरीज,,350.0,152.0,125.0,123.0,0.0,165.0,915.0
2016-17,WardOfficeNonPlan,11,4,सहकारनगर क्षेत्रीय कार्यालय एकूण बेरीज,,75.0,42.0,80.0,115.0,0.0,100.0,412.0
2016-17,WardOfficeNonPlan,12,4,हडपसर क्षेत्रीय कार्यालय एकूण बेरीज,,226.5,235.0,110.5,81.0,0.0,122.0,775.0
2016-17,WardOfficeNonPlan,13,4,बिबवेवाडी क्षेत्रीय कार्यालय एकूण बेरीज,,13.0,20.0,40.0,42.0,0.0,112.0,227.0
2016-17,WardOfficeNonPlan,14,5,धनकवडी क्षेत्रीय कार्यालय एकूण बेरीज,,464.0,90.0,10.0,10.0,0.0,103.0,677.0
2016-17,WardOfficeNonPlan,14,5,कोंढवा वानवडी क्षेत्रीय कार्यालय एकूण बेरीज,,311.0,301.0,121.0,105.0,0.0,325.0,1163.0
2016-17,CitizensPlan,1,औंध क्षेत्रीय कार्यालय एकूण बेरीज,0,,0.0,0.0,0.0,0.0,0.0,0.0,0.0
2016-17,CitizensPlan,2,कोथरूड क्षेत्रीय कार्यालय एकूण बेरीज,56,,13.3,0.0,0.0,3.5,30.8,103.6,151.2
2016-17,CitizensPlan,3,घोले रोड क्षेत्रीय कार्यालय एकूण बेरीज,0,,0.0,0.0,0.0,0.0,0.0,0.0,0.0
2016-17,CitizensPlan,4,वारजे कर्वेनगर क्षेत्रीय कार्यालय एकूण बेरीज,35,,25.9,0.0,22.4,0.0,39.2,122.5,210.0
2016-17,CitizensPlan,5,ढोलेपाटील रोड क्षेत्रीय कार्यालय एकूण बेरीज,0,,0.0,0.0,0.0,0.0,0.0,0.0,0.0
2016-17,CitizensPlan,6,नगररोड क्षेत्रीय कार्यालय एकूण बेरीज,0,,0.0,0.0,0.0,0.0,0.0,0.0,0.0
2016-17,CitizensPlan,7,संगमवाडी क्षेत्रीय कार्यालय एकूण बेरीज,21,,26.6,7.0,7.0,0.0,7.0,68.6,116.2
2016-17,CitizensPlan,8,भवानी पेठ क्षेत्रीय कार्यालय एकूण बेरीज,30.8,,22.4,14.0,16.1,0.0,3.5,86.8,142.8
2016-17,CitizensPlan,9,कसबा विश्रामबाग वाडा क्षेत्रीय कार्यालय एकूण बेरीज,0,,0.0,0.0,0.0,0.0,0.0,0.0,0.0
2016-17,CitizensPlan,10,टिळक रोड क्षेत्रीय कार्यालय एकूण बेरीज,0,,0.0,0.0,0.0,0.0,0.0,0.0,0.0
2016-17,CitizensPlan,11,सहकारनगर क्षेत्रीय कार्यालय एकूण बेरीज,14,,22.4,14.7,11.9,7.0,2.1,72.1,130.2
2016-17,CitizensPlan,12,हडपसर क्षेत्रीय कार्यालय एकूण बेरीज,21,,19.6,10.5,0.0,3.5,7.0,61.6,102.2
2016-17,CitizensPlan,13,बिबवेवाडी क्षेत्रीय कार्यालय एकूण बेरीज,14,,3.5,38.5,3.5,3.5,24.5,87.5,161.0
2016-17,CitizensPlan,14,धनकवडी क्षेत्रीय कार्यालय एकूण बेरीज,21,,23.8,11.2,5.6,3.5,9.8,74.9,128.8
2016-17,CitizensPlan,14,कोंढवा वानवडी क्षेत्रीय कार्यालय एकूण बेरीज,18.199999999999996,,11.2,2.8,4.9,4.2,8.4,49.7,81.2
2016-17,CitizensNonPlan,1,5,औंध क्षेत्रीय कार्यालय एकूण बेरीज,,122.5,12.5,40.0,30.0,5.0,40.0,250.0
2016-17,CitizensNonPlan,2,5,कोथरूड क्षेत्रीय कार्यालय एकूण बेरीज,,28.0,15.0,10.0,20.0,0.0,29.0,102.0
2016-17,CitizensNonPlan,3,6,घोले रोड क्षेत्रीय कार्यालय एकूण बेरीज,,0.0,17.0,10.0,5.0,0.0,0.0,32.0
2016-17,CitizensNonPlan,4,5,वारजे कर्वेनगर क्षेत्रीय कार्यालय एकूण बेरीज,,10.0,5.0,0.0,5.0,0.0,55.0,75.0
2016-17,CitizensNonPlan,5,5,ढोलेपाटील रोड क्षेत्रीय कार्यालय एकूण बेरीज,,54.0,58.0,33.0,60.0,45.0,0.0,250.0
2016-17,CitizensNonPlan,6,6,नगररोड क्षेत्रीय कार्यालय एकूण बेरीज,,90.0,45.0,54.0,53.0,27.0,31.0,300.0
2016-17,CitizensNonPlan,7,5,संगमवाडी क्षेत्रीय कार्यालय एकूण बेरीज,,40.0,10.0,25.0,20.0,0.0,15.0,110.0
2016-17,CitizensNonPlan,8,6,भवानी पेठ क्षेत्रीय कार्यालय एकूण बेरीज,,21.0,13.0,30.0,50.0,0.0,62.0,176.0
2016-17,CitizensNonPlan,9,6,कसबा विश्रामबाग वाडा क्षेत्रीय कार्यालय एकूण बेरीज,,115.0,28.0,34.0,11.0,30.0,82.0,300.0
2016-17,CitizensNonPlan,10,5,टिळक रोड क्षेत्रीय कार्यालय एकूण बेरीज,,77.0,51.0,51.5,12.0,9.0,49.5,250.0
2016-17,CitizensNonPlan,11,4,सहकारनगर क्षेत्रीय कार्यालय एकूण बेरीज,,29.0,8.0,7.0,37.0,3.0,13.0,97.0
2016-17,CitizensNonPlan,12,4,हडपसर क्षेत्रीय कार्यालय एकूण बेरीज,,35.0,20.0,15.0,30.0,5.0,7.0,112.0
2016-17,CitizensNonPlan,13,4,बिबवेवाडी क्षेत्रीय कार्यालय एकूण बेरीज,,5.0,15.0,15.0,10.0,0.0,30.0,75.0
2016-17,CitizensNonPlan,14,5,धनकवडी क्षेत्रीय कार्यालय एकूण बेरीज,,94.0,12.0,0.0,19.0,0.0,18.0,143.0
2016-17,CitizensNonPlan,14,5,कोंढवा वानवडी क्षेत्रीय कार्यालय एकूण बेरीज,,58.0,51.0,18.0,17.0,4.0,56.0,204.0
2017-18,WardOfficePlan,1,5,औंध क्षेत्रीय कार्यालय एकूण बेरीज,,0.0,0.0,0.0,0.0,0.0,0.0,0.0
2017-18,WardOfficePlan,2,5,कोथरूड क्षेत्रीय कार्यालय एकूण बेरीज,,92.0,16.0,16.0,32.0,0.0,72.0,228.0
2017-18,WardOfficePlan,3,6,घोले रोड क्षेत्रीय कार्यालय एकूण बेरीज,,0.0,0.0,0.0,0.0,0.0,0.0,0.0
2017-18,WardOfficePlan,4,5,वारजे कर्वेनगर क्षेत्रीय कार्यालय एकूण बेरीज,,62.4,68.0,12.0,0.0,0.0,103.2,245.6
2017-18,WardOfficePlan,5,5,ढोलेपाटील रोड क्षेत्रीय कार्यालय एकूण बेरीज,,0.0,0.0,0.0,0.0,0.0,0.0,0.0
2017-18,WardOfficePlan,6,6,नगररोड क्षेत्रीय कार्यालय एकूण बेरीज,,0.0,0.0,0.0,0.0,0.0,0.0,0.0
2017-18,WardOfficePlan,7,5,संगमवाडी क्षेत्रीय कार्यालय एकूण बेरीज,,158.4,0.0,16.8,13.6,0.0,60.0,248.8
2017-18,WardOfficePlan,8,6,भवानी पेठ क्षेत्रीय कार्यालय एकूण बेरीज,,0.0,0.0,0.0,0.0,0.0,0.0,0.0
2017-18,WardOfficePlan,9,6,कसबा विश्रामबाग वाडा क्षेत्रीय कार्यालय एकूण बेरीज,,0.0,0.0,0.0,0.0,0.0,0.0,0.0
2017-18,WardOfficePlan,10,5,टिळक रोड क्षेत्रीय कार्यालय एकूण बेरीज,,36.0,0.0,36.0,24.0,0.0,24.0,120.0
2017-18,WardOfficePlan,11,4,सहकारनगर क्षेत्रीय कार्यालय एकूण बेरीज,,64.0,16.0,68.0,56.0,0.0,152.0,356.0
2017-18,WardOfficePlan,12,4,हडपसर क्षेत्रीय कार्यालय एकूण बेरीज,,136.0,0.0,32.0,8.0,0.0,84.0,260.0
2017-18,WardOfficePlan,13,4,बिबवेवाडी क्षेत्रीय कार्यालय एकूण बेरीज,,179.2,43.2,0.0,0.0,0.0,64.8,287.2
2017-18,WardOfficePlan,14,5,धनकवडी क्षेत्रीय कार्यालय एकूण बेरीज,,192.0,8.0,88.0,0.0,0.0,8.0,296.0
2017-18,WardOfficePlan,14,5,कोंढवा वानवडी क्षेत्रीय कार्यालय एकूण बेरीज,,23.2,0.0,4.8,0.0,0.0,0.0,28.0
2017-18,WardOfficeNonPlan,1,5,औंध क्षेत्रीय कार्यालय एकूण बेरीज,,228.8,88.0,75.2,53.6,0.0,154.4,600.0
2017-18,WardOfficeNonPlan,2,5,कोथरूड क्षेत्रीय कार्यालय एकूण बेरीज,,98.4,59.0,56.8,37.6,0.0,120.0,371.8
2017-18,WardOfficeNonPlan,3,6,घोले रोड क्षेत्रीय कार्यालय एकूण बेरीज,,228.0,96.0,96.0,168.0,0.0,132.0,720.0
2017-18,WardOfficeNonPlan,4,5,वारजे कर्वेनगर क्षेत्रीय कार्यालय एकूण बेरीज,,141.6,56.0,12.0,20.8,0.0,124.0,354.4
2017-18,WardOfficeNonPlan,5,5,ढोलेपाटील रोड क्षेत्रीय कार्यालय एकूण बेरीज,,137.6,62.4,164.8,96.0,0.0,139.2,600.0
2017-18,WardOfficeNonPlan,6,6,नगररोड क्षेत्रीय कार्यालय एकूण बेरीज,,311.2,48.0,52.0,54.4,0.0,254.4,720.0
2017-18,WardOfficeNonPlan,7,5,संगमवाडी क्षेत्रीय कार्यालय एकूण बेरीज,,80.8,80.0,55.2,28.0,0.0,107.0,351.0
2017-18,WardOfficeNonPlan,8,6,भवानी पेठ क्षेत्रीय कार्यालय एकूण बेरीज,,288.0,80.0,76.0,68.0,16.0,192.0,720.0
2017-18,WardOfficeNonPlan,9,6,कसबा विश्रामबाग वाडा क्षेत्रीय कार्यालय एकूण बेरीज,,416.0,16.0,88.0,16.0,0.0,184.0,720.0
2017-18,WardOfficeNonPlan,10,5,टिळक रोड क्षेत्रीय कार्यालय एकूण बेरीज,,156.0,93.6,86.4,44.0,8.0,92.0,480.0
2017-18,WardOfficeNonPlan,11,4,सहकारनगर क्षेत्रीय कार्यालय एकूण बेरीज,,16.0,40.0,8.0,28.0,0.0,32.0,124.0
2017-18,WardOfficeNonPlan,12,4,हडपसर क्षेत्रीय कार्यालय एकूण बेरीज,,8.0,80.0,40.0,24.0,0.0,68.0,220.0
2017-18,WardOfficeNonPlan,13,4,बिबवेवाडी क्षेत्रीय कार्यालय एकूण बेरीज,,52.8,28.8,20.8,7.2,0.0,83.2,192.8
2017-18,WardOfficeNonPlan,14,5,धनकवडी क्षेत्रीय कार्यालय एकूण बेरीज,,84.8,73.6,36.0,0.0,0.0,109.6,304.0
2017-18,WardOfficeNonPlan,14,5,कोंढवा वानवडी क्षेत्रीय कार्यालय एकूण बेरीज,,241.6,157.6,89.6,28.0,0.0,175.2,692.0
2017-18,CitizensPlan,1,औंध क्षेत्रीय कार्यालय एकूण बेरीज,0,,0.0,0.0,0.0,0.0,0.0,0.0,0.0
2017-18,CitizensPlan,2,कोथरूड क्षेत्रीय कार्यालय एकूण बेरीज,41,,36.0,5.0,0.0,0.0,32.0,114.0,187.0
2017-18,CitizensPlan,3,घोले रोड क्षेत्रीय कार्यालय एकूण बेरीज,0,,0.0,0.0,0.0,0.0,0.0,0.0,0.0
2017-18,CitizensPlan,4,वारजे कर्वेनगर क्षेत्रीय कार्यालय एकूण बेरीज,59,,38.0,20.0,5.0,0.0,40.0,162.0,265.0
2017-18,CitizensPlan,5,ढोलेपाटील रोड क्षेत्रीय कार्यालय एकूण बेरीज,0,,0.0,0.0,0.0,0.0,0.0,0.0,0.0
2017-18,CitizensPlan,6,नगररोड क्षेत्रीय कार्यालय एकूण बेरीज,0,,0.0,0.0,0.0,0.0,0.0,0.0,0.0
2017-18,CitizensPlan,7,संगमवाडी क्षेत्रीय कार्यालय एकूण बेरीज,35,,36.0,20.0,15.0,0.0,5.0,111.0,187.0
2017-18,CitizensPlan,8,भवानी पेठ क्षेत्रीय कार्यालय एकूण बेरीज,0,,0.0,0.0,0.0,0.0,0.0,0.0,0.0
2017-18,CitizensPlan,9,कसबा विश्रामबाग वाडा क्षेत्रीय कार्यालय एकूण बेरीज,0,,0.0,0.0,0.0,0.0,0.0,0.0,0.0
2017-18,CitizensPlan,10,टिळक रोड क्षेत्रीय कार्यालय एकूण बेरीज,0,,0.0,0.0,0.0,0.0,0.0,0.0,0.0
2017-18,CitizensPlan,11,सहकारनगर क्षेत्रीय कार्यालय एकूण बेरीज,0,,0.0,0.0,0.0,0.0,0.0,0.0,0.0
2017-18,CitizensPlan,12,हडपसर क्षेत्रीय कार्यालय एकूण बेरीज,45,,25.0,25.0,0.0,5.0,15.0,115.0,185.0
2017-18,CitizensPlan,13,बिबवेवाडी क्षेत्रीय कार्यालय एकूण बेरीज,70,,10.0,65.0,10.0,5.0,40.0,200.0,330.0
2017-18,CitizensPlan,14,धनकवडी क्षेत्रीय कार्यालय एकूण बेरीज,8,,12.0,40.0,0.0,0.0,0.0,60.0,112.0
2017-18,CitizensPlan,14,कोंढवा वानवडी क्षेत्रीय कार्यालय एकूण बेरीज,25,,3.0,9.0,2.0,3.0,0.0,42.0,59.0
2017-18,CitizensNonPlan,1,5,औंध क्षेत्रीय कार्यालय एकूण बेरीज,,78.0,24.0,54.0,30.0,18.0,46.0,250.0
2017-18,CitizensNonPlan,2,5,कोथरूड क्षेत्रीय कार्यालय एकूण बेरीज,,38.0,16.0,29.0,8.0,0.0,45.0,136.0
2017-18,CitizensNonPlan,3,6,घोले रोड क्षेत्रीय कार्यालय एकूण बेरीज,,82.0,37.0,31.0,42.0,0.0,108.0,300.0
2017-18,CitizensNonPlan,4,5,वारजे कर्वेनगर क्षेत्रीय कार्यालय एकूण बेरीज,,54.0,14.0,5.0,5.0,0.0,10.0,88.0
2017-18,CitizensNonPlan,5,5,ढोलेपाटील रोड क्षेत्रीय कार्यालय एकूण बेरीज,,70.5,25.0,43.25,55.25,9.0,47.0,250.0
2017-18,CitizensNonPlan,6,6,नगररोड क्षेत्रीय कार्यालय एकूण बेरीज,,105.0,25.0,55.0,10.0,20.0,85.0,300.0
2017-18,CitizensNonPlan,7,5,संगमवाडी क्षेत्रीय कार्यालय एकूण बेरीज,,50.0,7.0,10.0,15.0,0.0,40.0,122.0
2017-18,CitizensNonPlan,8,6,भवानी पेठ क्षेत्रीय कार्यालय एकूण बेरीज,,57.0,35.0,24.0,76.0,15.0,93.0,300.0
2017-18,CitizensNonPlan,9,6,कसबा विश्रामबाग वाडा क्षेत्रीय कार्यालय एकूण बेरीज,,127.0,29.0,54.0,8.0,15.0,67.0,300.0
2017-18,CitizensNonPlan,10,5,टिळक रोड क्षेत्रीय कार्यालय एकूण बेरीज,,96.0,49.0,22.0,41.0,12.0,30.0,250.0
2017-18,CitizensNonPlan,11,4,सहकारनगर क्षेत्रीय कार्यालय एकूण बेरीज,,91.5,0.0,5.0,11.5,0.0,66.0,174.0
2017-18,CitizensNonPlan,12,4,हडपसर क्षेत्रीय कार्यालय एकूण बेरीज,,20.0,25.0,10.0,20.0,0.0,10.0,85.0
2017-18,CitizensNonPlan,13,4,बिबवेवाडी क्षेत्रीय कार्यालय एकूण बेरीज,,0.0,0.0,0.0,0.0,0.0,0.0,0.0
2017-18,CitizensNonPlan,14,5,धनकवडी क्षेत्रीय कार्यालय एकूण बेरीज,,105.0,39.0,8.0,6.0,5.0,27.0,190.0
2017-18,CitizensNonPlan,14,5,कोंढवा वानवडी क्षेत्रीय कार्यालय एकूण बेरीज,,124.0,30.0,14.0,11.0,8.0,51.0,238.0
2018-19,WardOfficePlan,1,3,नगररोड - वडगावशेरी क्षेत्रीय कार्यालय एकूण बेरीज,,0.0,0.0,0.0,0.0,0.0,0.0,0.0
2018-19,WardOfficePlan,2,3,येरवडा - कळस - धानोरी क्षेत्रीय कार्यालय एकूण बेरीज,,0.0,0.0,0.0,0.0,0.0,0.0,0.0
2018-19,WardOfficePlan,3,2,ढोलेपाटील क्षेत्रीय कार्यालय एकूण बेरीज,,0.0,0.0,0.0,0.0,0.0,0.0,0.0
2018-19,WardOfficePlan,4,2,औंध - बाणेर क्षेत्रीय कार्यालय एकूण बेरीज,,0.0,0.0,0.0,0.0,0.0,0.0,0.0
2018-19,WardOfficePlan,5,2,शिवाजीनगर - घोले रोड क्षेत्रीय कार्यालय एकूण बेरीज,,0.0,0.0,0.0,0.0,0.0,0.0,0.0
2018-19,WardOfficePlan,6,3,कोथरूड - बावधन क्षेत्रीय कार्यालय एकूण बेरीज,,121.25,20.0,20.0,25.0,0.0,63.0,249.25
2018-19,WardOfficePlan,7,3,धनकवडी - सहकारनगर क्षेत्रीय कार्यालय एकूण बेरीज,,40.0,23.0,7.5,7.0,0.0,20.0,97.5
2018-19,WardOfficePlan,8,3,सिंहगड रोड क्षेत्रीय कार्यालय एकूण बेरीज,,0.0,0.0,0.0,0.0,0.0,0.0,0.0
2018-19,WardOfficePlan,9,3,वारजे - कर्वेनगर क्षेत्रीय कार्यालय एकूण बेरीज,,100.0,5.0,15.0,15.0,0.0,35.0,170.0
2018-19,WardOfficePlan,10,3,हडपसर - मुंढवा क्षेत्रीय कार्यालय एकूण बेरीज,,20.0,17.5,0.0,0.0,0.0,30.0,67.5
2018-19,WardOfficePlan,11,3,वानवडी - रामटेकडी क्षेत्रीय कार्यालय एकूण बेरीज,,30.25,0.0,0.0,0.0,0.0,14.0,44.25
2018-19,WardOfficePlan,12,2,कोंढवा - येवलेवाडी क्षेत्रीय कार्यालय एकूण बेरीज,,0.0,0.0,0.0,0.0,0.0,0.0,0.0
2018-19,WardOfficePlan,13,3,कसबा - विश्रामबागवाडा क्षेत्रीय कार्यालय एकूण बेरीज,,0.0,0.0,0.0,0.0,0.0,0.0,0.0
2018-19,WardOfficePlan,14,3,भवानी पेठ क्षेत्रीय कार्यालय एकूण बेरीज,,0.0,0.0,0.0,0.0,0.0,0.0,0.0
2018-19,WardOfficePlan,15,3,बिबवेवाडी क्षेत्रीय कार्यालय एकूण बेरीज,,158.5,17.5,18.5,15.0,0.0,23.0,232.5
2018-19,WardOfficeNonPlan,1,3,नगररोड - वडगावशेरी क्षेत्रीय कार्यालय एकूण बेरीज,,190.0,40.0,37.5,22.5,0.0,160.0,450.0
2018-19,WardOfficeNonPlan,2,3,येरवडा - कळस - धानोरी क्षेत्रीय कार्यालय एकूण बेरीज,,112.0,85.0,123.0,30.0,10.0,90.0,450.0
2018-19,WardOfficeNonPlan,3,2,ढोलेपाटील क्षेत्रीय कार्यालय एकूण बेरीज,,85.0,52.5,102.5,37.5,3.0,20.0,300.5
2018-19,WardOfficeNonPlan,4,2,औंध - बाणेर क्षेत्रीय कार्यालय एकूण बेरीज,,102.5,26.5,51.0,60.0,0.0,60.0,300.0
2018-19,WardOfficeNonPlan,5,2,शिवाजीनगर - घोले रोड क्षेत्रीय कार्यालय एकूण बेरीज,,30.0,150.0,20.0,15.0,0.0,35.0,250.0
2018-19,WardOfficeNonPlan,6,3,कोथरूड - बावधन क्षेत्रीय कार्यालय एकूण बेरीज,,35.0,25.0,32.5,37.5,0.0,70.0,200.0
2018-19,WardOfficeNonPlan,7,3,धनकवडी - सहकारनगर क्षेत्रीय कार्यालय एकूण बेरीज,,175.0,2.5,37.5,50.0,0.0,87.5,352.5
2018-19,WardOfficeNonPlan,8,3,सिंहगड रोड क्षेत्रीय कार्यालय एकूण बेरीज,,236.5,33.5,22.5,58.0,0.0,100.0,450.5
2018-19,WardOfficeNonPlan,9,3,वारजे - कर्वेनगर क्षेत्रीय कार्यालय एकूण बेरीज,,80.5,54.5,18.5,29.0,0.0,97.5,280.0
2018-19,WardOfficeNonPlan,10,3,हडपसर - मुंढवा क्षेत्रीय कार्यालय एकूण बेरीज,,145.0,57.5,80.0,25.0,0.0,75.0,382.5
2018-19,WardOfficeNonPlan,11,3,वानवडी - रामटेकडी क्षेत्रीय कार्यालय एकूण बेरीज,,178.5,60.0,35.0,12.5,0.0,82.0,368.0
2018-19,WardOfficeNonPlan,12,2,कोंढवा - येवलेवाडी क्षेत्रीय कार्यालय एकूण बेरीज,,100.5,22.5,22.5,25.0,0.0,129.5,300.0
2018-19,WardOfficeNonPlan,13,3,कसबा - विश्रामबागवाडा क्षेत्रीय कार्यालय एकूण बेरीज,,122.5,10.0,142.5,80.0,0.0,95.0,450.0
2018-19,WardOfficeNonPlan,14,3,भवानी पेठ क्षेत्रीय कार्यालय एकूण बेरीज,,80.0,60.0,127.5,80.0,0.0,102.5,450.0
2018-19,WardOfficeNonPlan,15,3,बिबवेवाडी क्षेत्रीय कार्यालय एकूण बेरीज,,71.0,40.5,7.5,21.0,0.0,40.0,180.0
2018-19,CitizensPlan,1,नगररोड - वडगावशेरी क्षेत्रीय कार्यालय एकूण बेरीज,0,,0.0,0.0,0.0,0.0,0.0,0.0,0.0
2018-19,CitizensPlan,2,येरवडा - कळस - धानोरी क्षेत्रीय कार्यालय एकूण बेरीज,0,,0.0,0.0,0.0,0.0,0.0,0.0,0.0
2018-19,CitizensPlan,3,ढोलेपाटील क्षेत्रीय कार्यालय एकूण बेरीज,0,,0.0,0.0,0.0,0.0,0.0,0.0,0.0
2018-19,CitizensPlan,4,औंध - बाणेर क्षेत्रीय कार्यालय एकूण बेरीज,0,,0.0,0.0,0.0,0.0,0.0,0.0,0.0
2018-19,CitizensPlan,5,शिवाजीनगर - घोले रोड क्षेत्रीय कार्यालय एकूण बेरीज,0,,0.0,0.0,0.0,0.0,0.0,0.0,0.0
2018-19,CitizensPlan,6,कोथरूड - बावधन क्षेत्रीय कार्यालय एकूण बेरीज,74,,25.0,0.0,0.0,0.0,5.0,104.0,134.0
2018-19,CitizensPlan,7,धनकवडी - सहकारनगर क्षेत्रीय कार्यालय एकूण बेरीज,68,,14.0,47.0,7.0,0.0,57.0,193.0,318.0
2018-19,CitizensPlan,8,सिंहगड रोड क्षेत्रीय कार्यालय एकूण बेरीज,0,,0.0,0.0,0.0,0.0,0.0,0.0,0.0
2018-19,CitizensPlan,9,वारजे - कर्वेनगर क्षेत्रीय कार्यालय एकूण बेरीज,45,,37.0,34.0,0.0,5.0,20.0,141.0,237.0
2018-19,CitizensPlan,10,हडपसर - मुंढवा क्षेत्रीय कार्यालय एकूण बेरीज,77,,33.0,13.0,5.0,20.0,43.0,191.0,305.0
2018-19,CitizensPlan,11,वानवडी - रामटेकडी क्षेत्रीय कार्यालय एकूण बेरीज,27,,12.0,10.0,5.0,5.0,5.0,64.0,101.0
2018-19,CitizensPlan,12,कोंढवा - येवलेवाडी क्षेत्रीय कार्यालय एकूण बेरीज,0,,0.0,0.0,0.0,0.0,0.0,0.0,0.0
2018-19,CitizensPlan,13,कसबा - विश्रामबागवाडा क्षेत्रीय कार्यालय एकूण बेरीज,0,,0.0,0.0,0.0,0.0,0.0,0.0,0.0
2018-19,CitizensPlan,14,भवानी पेठ क्षेत्रीय कार्यालय एकूण बेरीज,0,,0.0,0.0,0.0,0.0,0.0,0.0,0.0
2018-19,CitizensPlan,15,बिबवेवाडी क्षेत्रीय कार्यालय एकूण बेरीज,20,,30.0,0.0,0.0,0.0,5.0,55.0,90.0
2018-19,CitizensNonPlan,1,3,नगररोड - वडगावशेरी क्षेत्रीय कार्यालय एकूण बेरीज,,107.0,38.0,25.0,15.0,22.0,93.0,300.0
2018-19,CitizensNonPlan,2,3,येरवडा - कळस - धानोरी क्षेत्रीय कार्यालय एकूण बेरीज,,99.5,50.5,90.0,10.0,0.0,45.0,295.0
2018-19,CitizensNonPlan,3,2,ढोलेपाटील क्षेत्रीय कार्यालय एकूण बेरीज,,34.5,22.0,33.0,68.0,17.0,25.5,200.0
2018-19,CitizensNonPlan,4,2,औंध - बाणेर क्षेत्रीय कार्यालय एकूण बेरीज,,95.0,5.0,45.0,25.0,5.0,25.0,200.0
2018-19,CitizensNonPlan,5,2,शिवाजीनगर - घोले रोड क्षेत्रीय कार्यालय एकूण बेरीज,,42.0,25.0,19.0,66.0,5.0,43.0,200.0
2018-19,CitizensNonPlan,6,3,कोथरूड - बावधन क्षेत्रीय कार्यालय एकूण बेरीज,,91.0,15.0,19.0,20.0,0.0,51.0,196.0
2018-19,CitizensNonPlan,7,3,धनकवडी - सहकारनगर क्षेत्रीय कार्यालय एकूण बेरीज,,42.0,32.0,19.0,0.0,3.0,10.5,106.5
2018-19,CitizensNonPlan,8,3,सिंहगड रोड क्षेत्रीय कार्यालय एकूण बेरीज,,65.0,45.0,0.0,79.0,5.0,106.0,300.0
2018-19,CitizensNonPlan,9,3,वारजे - कर्वेनगर क्षेत्रीय कार्यालय एकूण बेरीज,,29.0,33.0,7.0,40.0,0.0,50.0,159.0
2018-19,CitizensNonPlan,10,3,हडपसर - मुंढवा क्षेत्रीय कार्यालय एकूण बेरीज,,74.0,0.0,15.0,5.0,0.0,15.0,109.0
2018-19,CitizensNonPlan,11,3,वानवडी - रामटेकडी क्षेत्रीय कार्यालय एकूण बेरीज,,89.0,20.0,10.0,14.0,13.0,65.0,211.0
2018-19,CitizensNonPlan,12,2,कोंढवा - येवलेवाडी क्षेत्रीय कार्यालय एकूण बेरीज,,86.0,35.0,0.0,0.0,0.0,79.0,200.0
2018-19,CitizensNonPlan,13,3,कसबा - विश्रामबागवाडा क्षेत्रीय कार्यालय एकूण बेरीज,,110.0,25.0,77.0,58.0,5.0,25.0,300.0
2018-19,CitizensNonPlan,14,3,भवानी पेठ क्षेत्रीय कार्यालय एकूण बेरीज,,75.0,25.0,25.0,83.0,22.0,70.0,300.0
2018-19,CitizensNonPlan,15,3,बिबवेवाडी क्षेत्रीय कार्यालय एकूण बेरीज,,50.0,5.0,35.0,35.0,5.0,70.0,200.0
2019-20,WardOfficePlan,1,3,नगररोड - वडगावशेरी क्षेत्रीय कार्यालय एकूण बेरीज,,0.0,0.0,0.0,0.0,0.0,0.0,0.0
2019-20,WardOfficePlan,2,3,येरवडा - कळस - धानोरी क्षेत्रीय कार्यालय एकूण बेरीज,,0.0,0.0,0.0,0.0,0.0,0.0,0.0
2019-20,WardOfficePlan,3,2,ढोलेपाटील क्षेत्रीय कार्यालय एकूण बेरीज,,0.0,0.0,0.0,0.0,0.0,0.0,0.0
2019-20,WardOfficePlan,4,2,औंध - बाणेर क्षेत्रीय कार्यालय एकूण बेरीज,,0.0,0.0,0.0,0.0,0.0,0.0,0.0
2019-20,WardOfficePlan,5,2,शिवाजीनगर - घोले रोड क्षेत्रीय कार्यालय एकूण बेरीज,,0.0,0.0,0.0,0.0,0.0,0.0,0.0
2019-20,WardOfficePlan,6,3,कोथरूड - बावधन क्षेत्रीय कार्यालय एकूण बेरीज,,65.0,15.0,7.5,0.0,0.0,17.5,105.0
2019-20,WardOfficePlan,7,3,धनकवडी - सहकारनगर क्षेत्रीय कार्यालय एकूण बेरीज,,28.5,14.0,16.5,10.0,2.5,0.0,71.5
2019-20,WardOfficePlan,8,3,सिंहगड रोड क्षेत्रीय कार्यालय एकूण बेरीज,,0.0,0.0,0.0,0.0,0.0,0.0,0.0
2019-20,WardOfficePlan,9,3,वारजे - कर्वेनगर क्षेत्रीय कार्यालय एकूण बेरीज,,72.5,0.0,9.5,2.5,0.0,12.5,97.0
2019-20,WardOfficePlan,10,3,हडपसर - मुंढवा क्षेत्रीय कार्यालय एकूण बेरीज,,100.0,5.0,10.0,5.0,0.0,50.0,170.0
2019-20,WardOfficePlan,11,3,वानवडी - रामटेकडी क्षेत्रीय कार्यालय एकूण बेरीज,,155.0,0.0,5.0,5.0,0.0,72.5,237.5
2019-20,WardOfficePlan,12,2,कोंढवा - येवलेवाडी क्षेत्रीय कार्यालय एकूण बेरीज,,92.5,32.5,30.0,22.5,0.0,122.5,300.0
2019-20,WardOfficePlan,13,3,कसबा - विश्रामबागवाडा क्षेत्रीय कार्यालय एकूण बेरीज,,0.0,0.0,0.0,0.0,0.0,0.0,0.0
2019-20,WardOfficePlan,14,3,भवानी पेठ क्षेत्रीय कार्यालय एकूण बेरीज,,0.0,0.0,0.0,0.0,0.0,0.0,0.0
2019-20,WardOfficePlan,15,3,बिबवेवाडी क्षेत्रीय कार्यालय एकूण बेरीज,,40.0,55.0,12.5,0.0,5.0,132.5,245.0
2019-20,WardOfficeNonPlan,1,3,नगररोड - वडगावशेरी क्षेत्रीय कार्यालय एकूण बेरीज,,150.0,40.0,80.0,22.5,20.0,137.5,450.0
2019-20,WardOfficeNonPlan,2,3,येरवडा - कळस - धानोरी क्षेत्रीय कार्यालय एकूण बेरीज,,150.0,47.5,103.5,40.0,0.0,109.0,450.0
2019-20,WardOfficeNonPlan,3,2,ढोलेपाटील क्षेत्रीय कार्यालय एकूण बेरीज,,83.5,25.0,56.0,60.5,0.0,75.0,300.0
2019-20,WardOfficeNonPlan,4,2,औंध - बाणेर क्षेत्रीय कार्यालय एकूण बेरीज,,68.5,35.0,66.5,53.0,0.0,77.0,300.0
2019-20,WardOfficeNonPlan,5,2,शिवाजीनगर - घोले रोड क्षेत्रीय कार्यालय एकूण बेरीज,,72.5,10.0,40.0,90.0,0.0,87.5,300.0
2019-20,WardOfficeNonPlan,6,3,कोथरूड - बावधन क्षेत्रीय कार्यालय एकूण बेरीज,,150.0,10.0,55.0,55.0,0.0,75.0,345.0
2019-20,WardOfficeNonPlan,7,3,धनकवडी - सहकारनगर क्षेत्रीय कार्यालय एकूण बेरीज,,148.25,36.5,70.25,17.75,7.0,98.75,378.5
2019-20,WardOfficeNonPlan,8,3,सिंहगड रोड क्षेत्रीय कार्यालय एकूण बेरीज,,152.5,44.0,82.5,51.0,0.0,120.0,450.0
2019-20,WardOfficeNonPlan,9,3,वारजे - कर्वेनगर क्षेत्रीय कार्यालय एकूण बेरीज,,82.5,90.5,40.0,80.0,0.0,60.0,353.0
2019-20,WardOfficeNonPlan,10,3,हडपसर - मुंढवा क्षेत्रीय कार्यालय एकूण बेरीज,,97.5,17.5,80.0,45.0,0.0,40.0,280.0
2019-20,WardOfficeNonPlan,11,3,वानवडी - रामटेकडी क्षेत्रीय कार्यालय एकूण बेरीज,,35.0,50.0,42.5,10.0,0.0,37.5,175.0
2019-20,WardOfficeNonPlan,12,2,कोंढवा - येवलेवाडी क्षेत्रीय कार्यालय एकूण बेरीज,,0.0,0.0,0.0,0.0,0.0,0.0,0.0
2019-20,WardOfficeNonPlan,13,3,कसबा - विश्रामबागवाडा क्षेत्रीय कार्यालय एकूण बेरीज,,120.0,30.0,125.0,62.5,0.0,112.5,450.0
2019-20,WardOfficeNonPlan,14,3,भवानी पेठ क्षेत्रीय कार्यालय एकूण बेरीज,,146.5,64.0,42.5,49.5,15.0,132.5,450.0
2019-20,WardOfficeNonPlan,15,3,बिबवेवाडी क्षेत्रीय कार्यालय एकूण बेरीज,,62.5,32.5,25.0,5.0,12.5,30.0,167.5
2019-20,CitizensPlan,1,नगररोड - वडगावशेरी क्षेत्रीय कार्यालय एकूण बेरीज,,,0.0,0.0,0.0,0.0,0.0,0.0,0.0
2019-20,CitizensPlan,2,येरवडा - कळस - धानोरी क्षेत्रीय कार्यालय एकूण बेरीज,,,0.0,0.0,0.0,0.0,0.0,0.0,0.0
2019-20,CitizensPlan,3,ढोलेपाटील क्षेत्रीय कार्यालय एकूण बेरीज,,,0.0,0.0,0.0,0.0,0.0,0.0,0.0
2019-20,CitizensPlan,4,औंध - बाणेर क्षेत्रीय कार्यालय एकूण बेरीज,,,0.0,0.0,0.0,0.0,0.0,0.0,0.0
2019-20,CitizensPlan,5,शिवाजीनगर - घोले रोड क्षेत्रीय कार्यालय एकूण बेरीज,,,0.0,0.0,0.0,0.0,0.0,0.0,0.0
2019-20,CitizensPlan,6,कोथरूड - बावधन क्षेत्रीय कार्यालय एकूण बेरीज,36,,18.0,5.0,0.0,0.0,22.0,81.0,126.0
2019-20,CitizensPlan,7,धनकवडी - सहकारनगर क्षेत्रीय कार्यालय एकूण बेरीज,11,,15.0,10.5,0.0,4.0,4.0,44.5,78.0
2019-20,CitizensPlan,8,सिंहगड रोड क्षेत्रीय कार्यालय एकूण बेरीज,,,0.0,0.0,0.0,0.0,0.0,0.0,0.0
2019-20,CitizensPlan,9,वारजे - कर्वेनगर क्षेत्रीय कार्यालय एकूण बेरीज,24,,10.0,15.0,23.0,0.0,27.0,99.0,174.0
2019-20,CitizensPlan,10,हडपसर - मुंढवा क्षेत्रीय कार्यालय एकूण बेरीज,77,,18.0,15.0,10.0,30.0,17.0,167.0,257.0
2019-20,CitizensPlan,11,वानवडी - रामटेकडी क्षेत्रीय कार्यालय एकूण बेरीज,83,,25.0,10.0,2.0,0.0,35.0,155.0,227.0
2019-20,CitizensPlan,12,कोंढवा - येवलेवाडी क्षेत्रीय कार्यालय एकूण बेरीज,,,0.0,0.0,0.0,0.0,0.0,0.0,0.0
2019-20,CitizensPlan,13,कसबा - विश्रामबागवाडा क्षेत्रीय कार्यालय एकूण बेरीज,,,0.0,0.0,0.0,0.0,0.0,0.0,0.0
2019-20,CitizensPlan,14,भवानी पेठ क्षेत्रीय कार्यालय एकूण बेरीज,,,0.0,0.0,0.0,0.0,0.0,0.0,0.0
2019-20,CitizensPlan,15,बिबवेवाडी क्षेत्रीय कार्यालय एकूण बेरीज,32,,3.0,23.0,5.0,5.0,5.0,73.0,114.0
2019-20,CitizensNonPlan,1,3,नगररोड - वडगावशेरी क्षेत्रीय कार्यालय एकूण बेरीज,,100.0,40.0,35.0,30.0,15.0,80.0,300.0
2019-20,CitizensNonPlan,2,3,येरवडा - कळस - धानोरी क्षेत्रीय कार्यालय एकूण बेरीज,,90.0,32.0,69.0,34.0,5.0,70.0,300.0
2019-20,CitizensNonPlan,3,2,ढोलेपाटील क्षेत्रीय कार्यालय एकूण बेरीज,,47.0,36.0,23.0,50.0,12.0,32.0,200.0
2019-20,CitizensNonPlan,4,2,औंध - बाणेर क्षेत्रीय कार्यालय एकूण बेरीज,,95.0,40.0,35.0,25.0,0.0,5.0,200.0
2019-20,CitizensNonPlan,5,2,शिवाजीनगर - घोले रोड क्षेत्रीय कार्यालय एकूण बेरीज,,40.0,35.0,40.0,10.0,5.0,70.0,200.0
2019-20,CitizensNonPlan,6,3,कोथरूड - बावधन क्षेत्रीय कार्यालय एकूण बेरीज,,102.0,8.0,18.0,34.0,0.0,57.0,219.0
2019-20,CitizensNonPlan,7,3,धनकवडी - सहकारनगर क्षेत्रीय कार्यालय एकूण बेरीज,,55.5,27.0,33.0,15.0,0.0,125.0,255.5
2019-20,CitizensNonPlan,8,3,सिंहगड रोड क्षेत्रीय कार्यालय एकूण बेरीज,,172.0,30.0,20.0,25.0,10.0,43.0,300.0
2019-20,CitizensNonPlan,9,3,वारजे - कर्वेनगर क्षेत्रीय कार्यालय एकूण बेरीज,,85.0,18.0,23.0,14.0,0.0,61.0,201.0
2019-20,CitizensNonPlan,10,3,हडपसर - मुंढवा क्षेत्रीय कार्यालय एकूण बेरीज,,72.0,13.0,10.0,10.0,5.0,23.0,133.0
2019-20,CitizensNonPlan,11,3,वानवडी - रामटेकडी क्षेत्रीय कार्यालय एकूण बेरीज,,0.0,5.0,15.0,20.0,0.0,40.0,80.0
2019-20,CitizensNonPlan,12,2,कोंढवा - येवलेवाडी क्षेत्रीय कार्यालय एकूण बेरीज,,100.0,15.0,17.0,5.0,0.0,63.0,200.0
2019-20,CitizensNonPlan,13,3,कसबा - विश्रामबागवाडा क्षेत्रीय कार्यालय एकूण बेरीज,,73.0,45.0,73.0,61.0,7.0,41.0,300.0
2019-20,CitizensNonPlan,14,3,भवानी पेठ क्षेत्रीय कार्यालय एकूण बेरीज,,81.0,16.0,23.0,73.0,9.0,98.0,300.0
2019-20,CitizensNonPlan,15,3,बिबवेवाडी क्षेत्रीय कार्यालय एकूण बेरीज,,55.0,5.0,70.0,10.0,0.0,62.0,202.0
2020-21,WardOfficePlan,1,"3, 4, 5",नगररोड - वडगावशेरी क्षेत्रीय कार्यालय एकूण बेरीज,,116.5,26.0,27.5,7.5,0.0,122.5,300.0
2020-21,WardOfficePlan,2,"1, 2, 6",येरवडा - कळस - धानोरी क्षेत्रीय कार्यालय एकूण बेरीज,,0.0,0.0,0.0,0.0,0.0,0.0,0.0
2020-21,WardOfficePlan,3,"5, 20, 21",ढोलेपाटील क्षेत्रीय कार्यालय एकूण बेरीज,,0.0,0.0,0.0,0.0,0.0,0.0,0.0
2020-21,WardOfficePlan,4,"8, 9",औंध - बाणेर क्षेत्रीय कार्यालय एकूण बेरीज,,0.0,0.0,0.0,0.0,0.0,0.0,0.0
2020-21,WardOfficePlan,5,"7, 14",शिवाजीनगर - घोले रोड क्षेत्रीय कार्यालय एकूण बेरीज,,0.0,0.0,0.0,0.0,0.0,0.0,0.0
2020-21,WardOfficePlan,6,"10, 11, 12",कोथरूड - बावधन क्षेत्रीय कार्यालय एकूण बेरीज,,24.5,0.0,33.5,11.0,0.0,0.0,69.0
2020-21,WardOfficePlan,7,"35, 39, 40",धनकवडी - सहकारनगर क्षेत्रीय कार्यालय एकूण बेरीज,,77.0,23.5,26.5,18.5,0.0,20.0,165.5
2020-21,WardOfficePlan,8,"30, 33, 34",सिंहगड रोड क्षेत्रीय कार्यालय एकूण बेरीज,,0.0,0.0,0.0,0.0,0.0,0.0,0.0
2020-21,WardOfficePlan,9,"13, 31, 32",वारजे - कर्वेनगर क्षेत्रीय कार्यालय एकूण बेरीज,,42.0,22.5,27.0,12.5,0.0,17.5,121.5
2020-21,WardOfficePlan,10,"22, 23, 26",हडपसर - मुंढवा क्षेत्रीय कार्यालय एकूण बेरीज,,12.5,0.0,10.0,5.0,0.0,15.0,42.5
2020-21,WardOfficePlan,11,"24, 25, 27",वानवडी - रामटेकडी क्षेत्रीय कार्यालय एकूण बेरीज,,65.0,27.5,35.0,0.0,0.0,65.0,192.5
2020-21,WardOfficePlan,12,"38, 41",कोंढवा - येवलेवाडी क्षेत्रीय कार्यालय एकूण बेरीज,,0.0,0.0,0.0,0.0,0.0,0.0,0.0
2020-21,WardOfficePlan,13,"15, 16, 29",कसबा - विश्रामबागवाडा क्षेत्रीय कार्यालय एकूण बेरीज,,0.0,0.0,0.0,0.0,0.0,0.0,0.0
2020-21,WardOfficePlan,14,"17, 18, 19",भवानी पेठ क्षेत्रीय कार्यालय एकूण बेरीज,,0.0,0.0,0.0,0.0,0.0,0.0,0.0
2020-21,WardOfficePlan,15,"28, 36, 37",बिबवेवाडी क्षेत्रीय कार्यालय एकूण बेरीज,,27.5,45.0,10.0,25.0,0.0,60.0,167.5
2020-21,WardOfficePlan,16,42,नव्याने समाविष्ट झालेली गावे एकूण बेरीज,,5.0,2.5,0.0,0.0,0.0,1.5,9.0
2020-21,WardOfficeNonPlan,1,"3, 4, 5",नगररोड - वडगावशेरी क्षेत्रीय कार्यालय एकूण बेरीज,,24.38,5.88,39.38,37.5,0.0,42.88,150.02
2020-21,WardOfficeNonPlan,2,"1, 2, 6",येरवडा - कळस - धानोरी क्षेत्रीय कार्यालय एकूण बेरीज,,111.0,45.5,91.5,57.5,0.0,144.5,450.0
2020-21,WardOfficeNonPlan,3,"5, 20, 21",ढोलेपाटील क्षेत्रीय कार्यालय एकूण बेरीज,,77.5,27.5,67.5,97.5,0.0,30.0,300.0
2020-21,WardOfficeNonPlan,4,"8, 9",औंध - बाणेर क्षेत्रीय कार्यालय एकूण बेरीज,,73.5,50.0,64.5,52.0,0.0,60.0,300.0
2020-21,WardOfficeNonPlan,5,"7, 14",शिवाजीनगर - घोले रोड क्षेत्रीय कार्यालय एकूण बेरीज,,70.0,40.0,20.0,67.5,0.0,102.5,300.0
2020-21,WardOfficeNonPlan,6,"10, 11, 12",कोथरूड - बावधन क्षेत्रीय कार्यालय एकूण बेरीज,,112.5,32.5,60.0,93.5,0.0,82.5,381.0
2020-21,WardOfficeNonPlan,7,"35, 39, 40",धनकवडी - सहकारनगर क्षेत्रीय कार्यालय एकूण बेरीज,,93.0,41.5,40.5,21.5,0.0,88.0,284.5
2020-21,WardOfficeNonPlan,8,"30, 33, 34",सिंहगड रोड क्षेत्रीय कार्यालय एकूण बेरीज,,131.0,60.0,44.0,35.0,0.0,180.0,450.0
2020-21,WardOfficeNonPlan,9,"13, 31, 32",वारजे - कर्वेनगर क्षेत्रीय कार्यालय एकूण बेरीज,,111.5,78.5,20.0,35.0,0.0,83.5,328.5
2020-21,WardOfficeNonPlan,10,"22, 23, 26",हडपसर - मुंढवा क्षेत्रीय कार्यालय एकूण बेरीज,,197.5,15.0,35.0,25.0,0.0,135.0,407.5
2020-21,WardOfficeNonPlan,11,"24, 25, 27",वानवडी - रामटेकडी क्षेत्रीय कार्यालय एकूण बेरीज,,70.0,0.0,57.5,0.0,0.0,92.5,220.0
2020-21,WardOfficeNonPlan,12,"38, 41",कोंढवा - येवलेवाडी क्षेत्रीय कार्यालय एकूण बेरीज,,97.5,40.0,42.5,10.0,0.0,110.0,300.0
2020-21,WardOfficeNonPlan,13,"15, 16, 29",कसबा - विश्रामबागवाडा क्षेत्रीय कार्यालय एकूण बेरीज,,127.5,15.0,82.5,90.0,0.0,135.0,450.0
2020-21,WardOfficeNonPlan,14,"17, 18, 19",भवानी पेठ क्षेत्रीय कार्यालय एकूण बेरीज,,80.0,60.0,127.5,80.0,0.0,102.5,450.0
2020-21,WardOfficeNonPlan,15,"28, 36, 37",बिबवेवाडी क्षेत्रीय कार्यालय एकूण बेरीज,,75.0,40.0,20.0,37.5,0.0,72.5,245.0
2020-21,WardOfficeNonPlan,16,42,नव्याने समाविष्ट झालेली गावे एकूण बेरीज,,13.5,2.0,14.5,0.0,0.0,45.0,75.0
2020-21,CitizensPlan,1,नगररोड - वडगावशेरी क्षेत्रीय कार्यालय एकूण बेरीज,0,,0.0,0.0,0.0,0.0,0.0,0.0,0.0
2020-21,CitizensPlan,2,येरवडा - कळस - धानोरी क्षेत्रीय कार्यालय एकूण बेरीज,0,,0.0,0.0,0.0,0.0,0.0,0.0,0.0
2020-21,CitizensPlan,3,ढोलेपाटील क्षेत्रीय कार्यालय एकूण बेरीज,0,,0.0,0.0,0.0,0.0,0.0,0.0,0.0
2020-21,CitizensPlan,4,औंध - बाणेर क्षेत्रीय कार्यालय एकूण बेरीज,0,,0.0,0.0,0.0,0.0,0.0,0.0,0.0
2020-21,CitizensPlan,5,शिवाजीनगर - घोले रोड क्षेत्रीय कार्यालय एकूण बेरीज,0,,0.0,0.0,0.0,0.0,0.0,0.0,0.0
2020-21,CitizensPlan,6,कोथरूड - बावधन क्षेत्रीय कार्यालय एकूण बेरीज,31,,10.0,3.0,3.0,15.0,0.0,62.0,93.0
2020-21,CitizensPlan,7,धनकवडी - सहकारनगर क्षेत्रीय कार्यालय एकूण बेरीज,47,,25.0,10.0,4.0,0.0,14.0,100.0,153.0
2020-21,CitizensPlan,8,सिंहगड रोड क्षेत्रीय कार्यालय एकूण बेरीज,0,,0.0,0.0,0.0,0.0,0.0,0.0,0.0
2020-21,CitizensPlan,9,वारजे - कर्वेनगर क्षेत्रीय कार्यालय एकूण बेरीज,42.5,,15.0,40.0,47.5,0.0,24.0,169.0,295.5
2020-21,CitizensPlan,10,हडपसर - मुंढवा क्षेत्रीय कार्यालय एकूण बेरीज,5,,5.0,0.0,0.0,0.0,15.0,25.0,45.0
2020-21,CitizensPlan,11,वानवडी - रामटेकडी क्षेत्रीय कार्यालय एकूण बेरीज,72,,2.0,38.0,0.0,20.0,28.0,160.0,248.0
2020-21,CitizensPlan,12,कोंढवा - येवलेवाडी क्षेत्रीय कार्यालय एकूण बेरीज,35,,25.0,5.0,5.0,0.0,30.0,100.0,165.0
2020-21,CitizensPlan,13,कसबा - विश्रामबागवाडा क्षेत्रीय कार्यालय एकूण बेरीज,0,,0.0,0.0,0.0,0.0,0.0,0.0,0.0
2020-21,CitizensPlan,14,भवानी पेठ क्षेत्रीय कार्यालय एकूण बेरीज,0,,0.0,0.0,0.0,0.0,0.0,0.0,0.0
2020-21,CitizensPlan,15,बिबवेवाडी क्षेत्रीय कार्यालय एकूण बेरीज,60,,10.0,40.0,0.0,10.0,50.0,170.0,280.0
2020-21,CitizensPlan,16,नव्याने समाविष्ट झालेली गावे एकूण बेरीज,0,,0.0,0.0,0.0,0.0,0.0,0.0,0.0
2020-21,CitizensNonPlan,1,"3, 4, 5",नगररोड - वडगावशेरी क्षेत्रीय कार्यालय एकूण बेरीज,,109.0,75.0,39.0,5.0,10.0,52.0,290.0
2020-21,CitizensNonPlan,2,"1, 2, 6",येरवडा - कळस - धानोरी क्षेत्रीय कार्यालय एकूण बेरीज,,90.0,40.0,55.0,40.0,0.0,75.0,300.0
2020-21,CitizensNonPlan,3,"5, 20, 21",ढोलेपाटील क्षेत्रीय कार्यालय एकूण बेरीज,,52.5,17.5,40.0,50.0,10.0,30.0,200.0
2020-21,CitizensNonPlan,4,"8, 9",औंध - बाणेर क्षेत्रीय कार्यालय एकूण बेरीज,,68.0,24.0,52.0,24.0,0.0,32.0,200.0
2020-21,CitizensNonPlan,5,"7, 14",शिवाजीनगर - घोले रोड क्षेत्रीय कार्यालय एकूण बेरीज,,23.0,49.0,5.0,60.0,19.0,44.0,200.0
2020-21,CitizensNonPlan,6,"10, 11, 12",कोथरूड - बावधन क्षेत्रीय कार्यालय एकूण बेरीज,,92.5,1.0,25.5,29.0,15.0,75.0,238.0
2020-21,CitizensNonPlan,7,"35, 39, 40",धनकवडी - सहकारनगर क्षेत्रीय कार्यालय एकूण बेरीज,,53.0,3.0,25.0,22.0,0.0,97.0,200.0
2020-21,CitizensNonPlan,8,"30, 33, 34",सिंहगड रोड क्षेत्रीय कार्यालय एकूण बेरीज,,170.0,40.0,15.0,10.0,10.0,55.0,300.0
2020-21,CitizensNonPlan,9,"13, 31, 32",वारजे - कर्वेनगर क्षेत्रीय कार्यालय एकूण बेरीज,,43.0,40.0,9.0,10.0,0.0,29.0,131.0
2020-21,CitizensNonPlan,10,"22, 23, 26",हडपसर - मुंढवा क्षेत्रीय कार्यालय एकूण बेरीज,,95.0,25.0,50.0,5.0,10.0,90.0,275.0
2020-21,CitizensNonPlan,11,"24, 25, 27",वानवडी - रामटेकडी क्षेत्रीय कार्यालय एकूण बेरीज,,33.0,5.0,14.0,0.0,7.0,51.0,110.0
2020-21,CitizensNonPlan,12,"38, 41",कोंढवा - येवलेवाडी क्षेत्रीय कार्यालय एकूण बेरीज,,51.0,15.0,4.0,0.0,0.0,30.0,100.0
2020-21,CitizensNonPlan,13,"15, 16, 29",कसबा - विश्रामबागवाडा क्षेत्रीय कार्यालय एकूण बेरीज,,91.0,23.0,64.0,55.0,0.0,67.0,300.0
2020-21,CitizensNonPlan,14,"17, 18, 19",भवानी पेठ क्षेत्रीय कार्यालय एकूण बेरीज,,75.0,25.0,25.0,83.0,22.0,70.0,300.0
2020-21,CitizensNonPlan,15,"28, 36, 37",बिबवेवाडी क्षेत्रीय कार्यालय एकूण बेरीज,,10.0,0.0,30.0,30.0,0.0,35.0,105.0
2020-21,CitizensNonPlan,16,42,नव्याने समाविष्ट झालेली गावे एकूण बेरीज,,0.0,4.0,8.0,0.0,0.0,14.0,26.0
2021-22,WardOfficePlan,1,"3, 4, 5",नगररोड - वडगावशेरी क्षेत्रीय कार्यालय एकूण बेरीज,,45.0,50.0,25.0,0.0,0.0,30.0,150.0
2021-22,WardOfficePlan,2,"1, 2, 6",येरवडा - कळस - धानोरी क्षेत्रीय कार्यालय एकूण बेरीज,,0.0,0.0,0.0,0.0,0.0,0.0,0.0
2021-22,WardOfficePlan,3,"20, 21",ढोलेपाटील क्षेत्रीय कार्यालय एकूण बेरीज,,0.0,0.0,0.0,0.0,0.0,0.0,0.0
2021-22,WardOfficePlan,4,"8, 9",औंध - बाणेर क्षेत्रीय कार्यालय एकूण बेरीज,,0.0,0.0,0.0,0.0,0.0,0.0,0.0
2021-22,WardOfficePlan,5,"7, 14",शिवाजीनगर - घोले रोड क्षेत्रीय कार्यालय एकूण बेरीज,,0.0,0.0,0.0,0.0,0.0,0.0,0.0
2021-22,WardOfficePlan,6,"10, 11, 12",कोथरूड - बावधन क्षेत्रीय कार्यालय एकूण बेरीज,,10.0,10.0,10.0,0.0,0.0,0.0,30.0
2021-22,WardOfficePlan,7,"35, 39, 40",धनकवडी - सहकारनगर क्षेत्रीय कार्यालय एकूण बेरीज,,23.5,2.5,38.5,0.0,2.5,10.0,77.0
2021-22,WardOfficePlan,8,"30, 33, 34",सिंहगड रोड क्षेत्रीय कार्यालय एकूण बेरीज,,171.45,32.5,60.05,60.0,0.0,126.0,450.0
2021-22,WardOfficePlan,9,"13, 31, 32",वारजे - कर्वेनगर क्षेत्रीय कार्यालय एकूण बेरीज,,5.0,0.0,17.5,22.5,0.0,7.5,52.5
2021-22,WardOfficePlan,10,"22, 23, 26",हडपसर - मुंढवा क्षेत्रीय कार्यालय एकूण बेरीज,,76.5,5.0,25.0,0.0,0.0,30.0,136.5
2021-22,WardOfficePlan,11,"24, 25, 27",वानवडी - रामटेकडी क्षेत्रीय कार्यालय एकूण बेरीज,,69.0,40.0,10.0,0.0,0.0,22.5,141.5
2021-22,WardOfficePlan,12,"38, 41",कोंढवा - येवलेवाडी क्षेत्रीय कार्यालय एकूण बेरीज,,42.5,59.5,0.0,0.0,0.0,25.0,127.0
2021-22,WardOfficePlan,13,"15, 16, 29",कसबा - विश्रामबागवाडा क्षेत्रीय कार्यालय एकूण बेरीज,,0.0,0.0,0.0,0.0,0.0,0.0,0.0
2021-22,WardOfficePlan,14,"17, 18, 19",भवानी पेठ क्षेत्रीय कार्यालय एकूण बेरीज,,0.0,0.0,0.0,0.0,0.0,0.0,0.0
2021-22,WardOfficePlan,15,"28, 36, 37",बिबवेवाडी क्षेत्रीय कार्यालय एकूण बेरीज,,25.0,20.0,0.0,0.0,0.0,105.0,150.0
2021-22,WardOfficePlan,16,42,नव्याने समाविष्ट झालेली गावे एकूण बेरीज,,7.5,5.0,15.0,0.0,0.0,10.0,37.5
2021-22,WardOfficeNonPlan,1,"3, 4, 5",नगररोड - वडगावशेरी क्षेत्रीय कार्यालय एकूण बेरीज,,125.0,100.0,12.5,0.0,0.0,62.5,300.0
2021-22,WardOfficeNonPlan,2,"1, 2, 6",येरवडा - कळस - धानोरी क्षेत्रीय कार्यालय एकूण बेरीज,,140.0,37.5,74.0,47.5,0.0,151.0,450.0
2021-22,WardOfficeNonPlan,3,"20, 21",ढोलेपाटील क्षेत्रीय कार्यालय एकूण बेरीज,,82.5,20.0,42.5,87.5,2.5,65.0,300.0
2021-22,WardOfficeNonPlan,4,"8, 9",औंध - बाणेर क्षेत्रीय कार्यालय एकूण बेरीज,,60.0,60.0,60.0,60.0,0.0,60.0,300.0
2021-22,WardOfficeNonPlan,5,"7, 14",शिवाजीनगर - घोले रोड क्षेत्रीय कार्यालय एकूण बेरीज,,67.5,45.0,56.0,64.0,0.0,67.5,300.0
2021-22,WardOfficeNonPlan,6,"10, 11, 12",कोथरूड - बावधन क्षेत्रीय कार्यालय एकूण बेरीज,,132.0,20.5,87.5,97.5,0.0,82.5,420.0
2021-22,WardOfficeNonPlan,7,"35, 39, 40",धनकवडी - सहकारनगर क्षेत्रीय कार्यालय एकूण बेरीज,,145.5,39.5,20.5,46.0,2.5,119.0,373.0
2021-22,WardOfficeNonPlan,8,"30, 33, 34",सिंहगड रोड क्षेत्रीय कार्यालय एकूण बेरीज,,0.0,0.0,0.0,0.0,0.0,0.0,0.0
2021-22,WardOfficeNonPlan,9,"13, 31, 32",वारजे - कर्वेनगर क्षेत्रीय कार्यालय एकूण बेरीज,,112.5,105.0,32.5,57.5,0.0,90.0,397.5
2021-22,WardOfficeNonPlan,10,"22, 23, 26",हडपसर - मुंढवा क्षेत्रीय कार्यालय एकूण बेरीज,,127.0,62.5,57.5,17.5,5.0,44.0,313.5
2021-22,WardOfficeNonPlan,11,"24, 25, 27",वानवडी - रामटेकडी क्षेत्रीय कार्यालय एकूण बेरीज,,80.0,30.0,23.5,20.0,0.0,117.5,271.0
2021-22,WardOfficeNonPlan,12,"38, 41",कोंढवा - येवलेवाडी क्षेत्रीय कार्यालय एकूण बेरीज,,50.0,0.0,35.5,0.0,0.0,87.5,173.0
2021-22,WardOfficeNonPlan,13,"15, 16, 29",कसबा - विश्रामबागवाडा क्षेत्रीय कार्यालय एकूण बेरीज,,152.5,60.0,75.0,82.5,0.0,80.0,450.0
2021-22,WardOfficeNonPlan,14,"17, 18, 19",भवानी पेठ क्षेत्रीय कार्यालय एकूण बेरीज,,115.0,60.0,80.0,70.0,0.0,125.0,450.0
2021-22,WardOfficeNonPlan,15,"28, 36, 37",बिबवेवाडी क्षेत्रीय कार्यालय एकूण बेरीज,,75.0,62.5,50.0,30.0,0.0,45.0,262.5
2021-22,WardOfficeNonPlan,16,42,नव्याने समाविष्ट झालेली गावे एकूण बेरीज,,5.0,5.0,10.0,5.0,0.0,12.5,37.5
2021-22,CitizensPlan,1,नगररोड - वडगावशेरी क्षेत्रीय कार्यालय एकूण बेरीज,0,,0.0,0.0,0.0,0.0,0.0,0.0,0.0
2021-22,CitizensPlan,2,येरवडा - कळस - धानोरी क्षेत्रीय कार्यालय एकूण बेरीज,0,,0.0,0.0,0.0,0.0,0.0,0.0,0.0
2021-22,CitizensPlan,3,ढोलेपाटील क्षेत्रीय कार्यालय एकूण बेरीज,0,,0.0,0.0,0.0,0.0,0.0,0.0,0.0
2021-22,CitizensPlan,4,औंध - बाणेर क्षेत्रीय कार्यालय एकूण बेरीज,0,,0.0,0.0,0.0,0.0,0.0,0.0,0.0
2021-22,CitizensPlan,5,शिवाजीनगर - घोले रोड क्षेत्रीय कार्यालय एकूण बेरीज,0,,0.0,0.0,0.0,0.0,0.0,0.0,0.0
2021-22,CitizensPlan,6,कोथरूड - बावधन क्षेत्रीय कार्यालय एकूण बेरीज,33,,9.0,0.0,0.0,5.0,5.0,52.0,71.0
2021-22,CitizensPlan,7,धनकवडी - सहकारनगर क्षेत्रीय कार्यालय एकूण बेरीज,20,,0.0,18.0,0.0,0.0,0.0,38.0,56.0
2021-22,CitizensPlan,8,सिंहगड रोड क्षेत्रीय कार्यालय एकूण बेरीज,130,,65.0,0.0,40.0,0.0,65.0,300.0,470.0
2021-22,CitizensPlan,9,वारजे - कर्वेनगर क्षेत्रीय कार्यालय एकूण बेरीज,70,,20.0,60.0,15.0,0.0,15.0,180.0,290.0
2021-22,CitizensPlan,10,हडपसर - मुंढवा क्षेत्रीय कार्यालय एकूण बेरीज,5,,5.0,0.0,0.0,0.0,5.0,15.0,25.0
2021-22,CitizensPlan,11,वानवडी - रामटेकडी क्षेत्रीय कार्यालय एकूण बेरीज,0,,0.0,0.0,0.0,0.0,0.0,0.0,0.0
2021-22,CitizensPlan,12,कोंढवा - येवलेवाडी क्षेत्रीय कार्यालय एकूण बेरीज,66,,26.0,0.0,0.0,0.0,23.0,115.0,164.0
2021-22,CitizensPlan,13,कसबा - विश्रामबागवाडा क्षेत्रीय कार्यालय एकूण बेरीज,0,,0.0,0.0,0.0,0.0,0.0,0.0,0.0
2021-22,CitizensPlan,14,भवानी पेठ क्षेत्रीय कार्यालय एकूण बेरीज,0,,0.0,0.0,0.0,0.0,0.0,0.0,0.0
2021-22,CitizensPlan,15,बिबवेवाडी क्षेत्रीय कार्यालय एकूण बेरीज,45,,15.0,15.0,0.0,0.0,15.0,90.0,135.0
2021-22,CitizensPlan,16,नव्याने समाविष्ट झालेली गावे एकूण बेरीज,10,,5.0,10.0,0.0,0.0,0.0,25.0,40.0
2021-22,CitizensNonPlan,1,"3, 4, 5",नगररोड - वडगावशेरी क्षेत्रीय कार्यालय एकूण बेरीज,,142.0,20.0,35.0,13.0,5.0,85.0,300.0
2021-22,CitizensNonPlan,2,"1, 2, 6",येरवडा - कळस - धानोरी क्षेत्रीय कार्यालय एकूण बेरीज,,105.0,30.0,25.0,35.0,0.0,105.0,300.0
2021-22,CitizensNonPlan,3,"20, 21",ढोलेपाटील क्षेत्रीय कार्यालय एकूण बेरीज,,34.0,11.5,29.5,77.5,0.0,47.5,200.0
2021-22,CitizensNonPlan,4,"8, 9",औंध - बाणेर क्षेत्रीय कार्यालय एकूण बेरीज,,55.0,50.0,15.0,65.0,0.0,15.0,200.0
2021-22,CitizensNonPlan,5,"7, 14",शिवाजीनगर - घोले रोड क्षेत्रीय कार्यालय एकूण बेरीज,,24.0,17.0,33.0,77.0,3.0,46.0,200.0
2021-22,CitizensNonPlan,6,"10, 11, 12",कोथरूड - बावधन क्षेत्रीय कार्यालय एकूण बेरीज,,100.0,2.0,15.0,43.0,0.0,88.0,248.0
2021-22,CitizensNonPlan,7,"35, 39, 40",धनकवडी - सहकारनगर क्षेत्रीय कार्यालय एकूण बेरीज,,76.0,30.0,33.0,20.0,0.0,103.0,262.0
2021-22,CitizensNonPlan,8,"30, 33, 34",सिंहगड रोड क्षेत्रीय कार्यालय एकूण बेरीज,,0.0,0.0,0.0,0.0,0.0,0.0,0.0
2021-22,CitizensNonPlan,9,"13, 31, 32",वारजे - कर्वेनगर क्षेत्रीय कार्यालय एकूण बेरीज,,60.0,0.0,0.0,0.0,0.0,60.0,120.0
2021-22,CitizensNonPlan,10,"22, 23, 26",हडपसर - मुंढवा क्षेत्रीय कार्यालय एकूण बेरीज,,105.0,25.0,20.0,0.0,10.0,125.0,285.0
2021-22,CitizensNonPlan,11,"24, 25, 27",वानवडी - रामटेकडी क्षेत्रीय कार्यालय एकूण बेरीज,,136.0,40.0,25.0,5.0,0.0,69.0,275.0
2021-22,CitizensNonPlan,12,"38, 41",कोंढवा - येवलेवाडी क्षेत्रीय कार्यालय एकूण बेरीज,,33.0,0.0,5.0,5.0,0.0,42.0,85.0
2021-22,CitizensNonPlan,13,"15, 16, 29",कसबा - विश्रामबागवाडा क्षेत्रीय कार्यालय एकूण बेरीज,,100.0,53.0,38.0,30.0,10.0,69.0,300.0
2021-22,CitizensNonPlan,14,"17, 18, 19",भवानी पेठ क्षेत्रीय कार्यालय एकूण बेरीज,,74.0,13.0,10.0,53.0,15.0,135.0,300.0
2021-22,CitizensNonPlan,15,"28, 36, 37",बिबवेवाडी क्षेत्रीय कार्यालय एकूण बेरीज,,45.0,35.0,15.0,20.0,0.0,70.0,185.0
2021-22,CitizensNonPlan,16,42,नव्याने समाविष्ट झालेली गावे एकूण बेरीज,,15.0,10.0,0.0,0.0,0.0,0.0,25.0
2022-23,WardOfficePlan,1,"3, 4, 5",नगररोड - वडगावशेरी क्षेत्रीय कार्यालय एकूण बेरीज,,80.0,67.5,17.5,5.0,25.0,105.0,300.0
2022-23,WardOfficePlan,2,"1, 2, 6",येरवडा - कळस - धानोरी क्षेत्रीय कार्यालय एकूण बेरीज,,0.0,0.0,0.0,0.0,0.0,0.0,0.0
2022-23,WardOfficePlan,3,"20, 21",ढोलेपाटील क्षेत्रीय कार्यालय एकूण बेरीज,,0.0,0.0,0.0,0.0,0.0,0.0,0.0
2022-23,WardOfficePlan,4,"8, 9",औंध - बाणेर क्षेत्रीय कार्यालय एकूण बेरीज,,0.0,0.0,0.0,0.0,0.0,0.0,0.0
2022-23,WardOfficePlan,5,"7, 14",शिवाजीनगर - घोले रोड क्षेत्रीय कार्यालय एकूण बेरीज,,0.0,0.0,0.0,0.0,0.0,0.0,0.0
2022-23,WardOfficePlan,6,"10, 11, 12",कोथरूड - बावधन क्षेत्रीय कार्यालय एकूण बेरीज,,10.0,10.0,10.0,0.0,0.0,0.0,30.0
2022-23,WardOfficePlan,7,"35, 39, 40",धनकवडी - सहकारनगर क्षेत्रीय कार्यालय एकूण बेरीज,,60.0,17.5,7.5,5.0,2.5,0.0,92.5
2022-23,WardOfficePlan,8,"30, 33, 34",सिंहगड रोड क्षेत्रीय कार्यालय एकूण बेरीज,,134.95,27.5,55.05,15.0,0.0,65.0,297.5
2022-23,WardOfficePlan,9,"13, 31, 32",वारजे - कर्वेनगर क्षेत्रीय कार्यालय एकूण बेरीज,,42.0,5.0,45.0,12.5,0.0,17.0,121.5
2022-23,WardOfficePlan,10,"22, 23, 26",हडपसर - मुंढवा क्षेत्रीय कार्यालय एकूण बेरीज,,0.0,0.0,0.0,0.0,0.0,0.0,0.0
2022-23,WardOfficePlan,11,"24, 25, 27",वानवडी - रामटेकडी क्षेत्रीय कार्यालय एकूण बेरीज,,77.5,47.5,5.0,0.0,0.0,38.0,168.0
2022-23,WardOfficePlan,12,"38, 41",कोंढवा - येवलेवाडी क्षेत्रीय कार्यालय एकूण बेरीज,,42.5,59.5,0.0,0.0,0.0,25.0,127.0
2022-23,WardOfficePlan,13,"15, 16, 29",कसबा - विश्रामबागवाडा क्षेत्रीय कार्यालय एकूण बेरीज,,0.0,0.0,0.0,0.0,0.0,0.0,0.0
2022-23,WardOfficePlan,14,"17, 18, 19",भवानी पेठ क्षेत्रीय कार्यालय एकूण बेरीज,,0.0,0.0,0.0,0.0,0.0,0.0,0.0
2022-23,WardOfficePlan,15,"28, 36, 37",बिबवेवाडी क्षेत्रीय कार्यालय एकूण बेरीज,,25.0,20.0,0.0,0.0,0.0,105.0,150.0
2022-23,WardOfficePlan,16,42,नव्याने समाविष्ट झालेली गावे एकूण बेरीज,,7.5,5.0,5.0,0.0,0.0,5.0,22.5
2022-23,WardOfficeNonPlan,1,"3, 4, 5",नगररोड - वडगावशेरी क्षेत्रीय कार्यालय एकूण बेरीज,,52.0,27.5,15.0,0.0,7.5,47.5,149.5
2022-23,WardOfficeNonPlan,2,"1, 2, 6",येरवडा - कळस - धानोरी क्षेत्रीय कार्यालय एकूण बेरीज,,106.5,57.5,85.0,47.5,0.0,153.5,450.0
2022-23,WardOfficeNonPlan,3,"20, 21",ढोलेपाटील क्षेत्रीय कार्यालय एकूण बेरीज,,75.0,22.5,40.0,90.0,5.0,67.5,300.0
2022-23,WardOfficeNonPlan,4,"8, 9",औंध - बाणेर क्षेत्रीय कार्यालय एकूण बेरीज,,60.0,60.0,60.0,60.0,0.0,60.0,300.0
2022-23,WardOfficeNonPlan,5,"7, 14",शिवाजीनगर - घोले रोड क्षेत्रीय कार्यालय एकूण बेरीज,,57.5,45.0,66.0,64.0,0.0,67.5,300.0
2022-23,WardOfficeNonPlan,6,"10, 11, 12",कोथरूड - बावधन क्षेत्रीय कार्यालय एकूण बेरीज,,134.0,20.5,88.0,98.0,0.0,79.5,420.0
2022-23,WardOfficeNonPlan,7,"35, 39, 40",धनकवडी - सहकारनगर क्षेत्रीय कार्यालय एकूण बेरीज,,102.5,17.5,25.0,55.0,7.5,150.0,357.5
2022-23,WardOfficeNonPlan,8,"30, 33, 34",सिंहगड रोड क्षेत्रीय कार्यालय एकूण बेरीज,,36.5,5.0,5.0,45.0,0.0,61.0,152.5
2022-23,WardOfficeNonPlan,9,"13, 31, 32",वारजे - कर्वेनगर क्षेत्रीय कार्यालय एकूण बेरीज,,114.0,68.5,27.5,37.5,0.0,81.0,328.5
2022-23,WardOfficeNonPlan,10,"22, 23, 26",हडपसर - मुंढवा क्षेत्रीय कार्यालय एकूण बेरीज,,200.0,62.5,37.5,10.0,0.0,140.0,450.0
2022-23,WardOfficeNonPlan,11,"24, 25, 27",वानवडी - रामटेकडी क्षेत्रीय कार्यालय एकूण बेरीज,,75.0,20.0,17.5,15.0,0.0,117.5,245.0
2022-23,WardOfficeNonPlan,12,"38, 41",कोंढवा - येवलेवाडी क्षेत्रीय कार्यालय एकूण बेरीज,,50.0,0.0,35.5,0.0,0.0,87.5,173.0
2022-23,WardOfficeNonPlan,13,"15, 16, 29",कसबा - विश्रामबागवाडा क्षेत्रीय कार्यालय एकूण बेरीज,,160.0,62.5,72.5,85.0,0.0,70.0,450.0
2022-23,WardOfficeNonPlan,14,"17, 18, 19",भवानी पेठ क्षेत्रीय कार्यालय एकूण बेरीज,,120.0,70.0,80.0,70.0,0.0,110.0,450.0
2022-23,WardOfficeNonPlan,15,"28, 36, 37",बिबवेवाडी क्षेत्रीय कार्यालय एकूण बेरीज,,75.0,62.5,50.0,30.0,0.0,45.0,262.5
2022-23,WardOfficeNonPlan,16,42,नव्याने समाविष्ट झालेली गावे एकूण बेरीज,,10.0,5.0,10.0,0.0,0.0,27.5,52.5
2022-23,CitizensPlan,1,नगररोड - वडगावशेरी क्षेत्रीय कार्यालय एकूण बेरीज,0,,0.0,0.0,0.0,0.0,0.0,0.0,0.0
2022-23,CitizensPlan,2,येरवडा - कळस - धानोरी क्षेत्रीय कार्यालय एकूण बेरीज,0,,0.0,0.0,0.0,0.0,0.0,0.0,0.0
2022-23,CitizensPlan,3,ढोलेपाटील क्षेत्रीय कार्यालय एकूण बेरीज,0,,0.0,0.0,0.0,0.0,0.0,0.0,0.0
2022-23,CitizensPlan,4,औंध - बाणेर क्षेत्रीय कार्यालय एकूण बेरीज,0,,0.0,0.0,0.0,0.0,0.0,0.0,0.0
2022-23,CitizensPlan,5,शिवाजीनगर - घोले रोड क्षेत्रीय कार्यालय एकूण बेरीज,0,,0.0,0.0,0.0,0.0,0.0,0.0,0.0
2022-23,CitizensPlan,6,कोथरूड - बावधन क्षेत्रीय कार्यालय एकूण बेरीज,46.5,,25.0,0.0,0.0,5.0,37.5,114.0,181.5
2022-23,CitizensPlan,7,धनकवडी - सहकारनगर क्षेत्रीय कार्यालय एकूण बेरीज,31,,24.0,31.0,0.0,5.0,24.0,115.0,199.0
2022-23,CitizensPlan,8,सिंहगड रोड क्षेत्रीय कार्यालय एकूण बेरीज,105,,40.0,0.0,5.0,0.0,30.0,180.0,255.0
2022-23,CitizensPlan,9,वारजे - कर्वेनगर क्षेत्रीय कार्यालय एकूण बेरीज,42.5,,15.0,40.0,47.5,0.0,24.0,169.0,295.5
2022-23,CitizensPlan,10,हडपसर - मुंढवा क्षेत्रीय कार्यालय एकूण बेरीज,0,,0.0,0.0,0.0,0.0,0.0,0.0,0.0
2022-23,CitizensPlan,11,वानवडी - रामटेकडी क्षेत्रीय कार्यालय एकूण बेरीज,0,,0.0,0.0,0.0,5.0,0.0,5.0,10.0
2022-23,CitizensPlan,12,कोंढवा - येवलेवाडी क्षेत्रीय कार्यालय एकूण बेरीज,103,,24.0,0.0,0.0,0.0,21.0,148.0,193.0
2022-23,CitizensPlan,13,कसबा - विश्रामबागवाडा क्षेत्रीय कार्यालय एकूण बेरीज,0,,0.0,0.0,0.0,0.0,0.0,0.0,0.0
2022-23,CitizensPlan,14,भवानी पेठ क्षेत्रीय कार्यालय एकूण बेरीज,0,,0.0,0.0,0.0,0.0,0.0,0.0,0.0
2022-23,CitizensPlan,15,बिबवेवाडी क्षेत्रीय कार्यालय एकूण बेरीज,41,,23.0,10.0,3.0,0.0,33.0,110.0,179.0
2022-23,CitizensPlan,16,नव्याने समाविष्ट झालेली गावे एकूण बेरीज,10,,5.0,5.0,0.0,0.0,0.0,20.0,30.0
2022-23,CitizensNonPlan,1,"3, 4, 5",नगररोड - वडगावशेरी क्षेत्रीय कार्यालय एकूण बेरीज,,105.0,35.0,60.0,0.0,10.0,90.0,300.0
2022-23,CitizensNonPlan,2,"1, 2, 6",येरवडा - कळस - धानोरी क्षेत्रीय कार्यालय एकूण बेरीज,,105.0,25.0,30.0,55.0,0.0,85.0,300.0
2022-23,CitizensNonPlan,3,"20, 21",ढोलेपाटील क्षेत्रीय कार्यालय एकूण बेरीज,,7.5,9.5,8.0,70.0,7.5,22.5,125.0
2022-23,CitizensNonPlan,4,"8, 9",औंध - बाणेर क्षेत्रीय कार्यालय एकूण बेरीज,,45.0,47.0,83.0,10.0,0.0,15.0,200.0
2022-23,CitizensNonPlan,5,"7, 14",शिवाजीनगर - घोले रोड क्षेत्रीय कार्यालय एकूण बेरीज,,25.0,20.0,25.0,40.0,15.0,75.0,200.0
2022-23,CitizensNonPlan,6,"10, 11, 12",कोथरूड - बावधन क्षेत्रीय कार्यालय एकूण बेरीज,,77.0,7.0,0.0,47.0,10.0,45.0,186.0
2022-23,CitizensNonPlan,7,"35, 39, 40",धनकवडी - सहकारनगर क्षेत्रीय कार्यालय एकूण बेरीज,,42.0,8.0,16.0,29.0,0.0,90.0,185.0
2022-23,CitizensNonPlan,8,"30, 33, 34",सिंहगड रोड क्षेत्रीय कार्यालय एकूण बेरीज,,25.0,25.0,0.0,35.0,0.0,35.0,120.0
2022-23,CitizensNonPlan,9,"13, 31, 32",वारजे - कर्वेनगर क्षेत्रीय कार्यालय एकूण बेरीज,,43.0,40.0,9.0,10.0,0.0,29.0,131.0
2022-23,CitizensNonPlan,10,"22, 23, 26",हडपसर - मुंढवा क्षेत्रीय कार्यालय एकूण बेरीज,,140.0,45.0,25.0,0.0,10.0,80.0,300.0
2022-23,CitizensNonPlan,11,"24, 25, 27",वानवडी - रामटेकडी क्षेत्रीय कार्यालय एकूण बेरीज,,100.0,25.0,20.0,15.0,0.0,110.0,270.0
2022-23,CitizensNonPlan,12,"38, 41",कोंढवा - येवलेवाडी क्षेत्रीय कार्यालय एकूण बेरीज,,15.0,5.0,5.0,0.0,0.0,27.0,52.0
2022-23,CitizensNonPlan,13,"15, 16, 29",कसबा - विश्रामबागवाडा क्षेत्रीय कार्यालय एकूण बेरीज,,85.0,30.0,55.0,70.0,10.0,50.0,300.0
2022-23,CitizensNonPlan,14,"17, 18, 19",भवानी पेठ क्षेत्रीय कार्यालय एकूण बेरीज,,94.0,15.0,17.0,66.0,3.0,105.0,300.0
2022-23,CitizensNonPlan,15,"28, 36, 37",बिबवेवाडी क्षेत्रीय कार्यालय एकूण बेरीज,,58.0,18.0,33.0,13.0,0.0,40.0,162.0
2022-23,CitizensNonPlan,16,42,नव्याने समाविष्ट झालेली गावे एकूण बेरीज,,5.0,15.0,5.0,0.0,0.0,5.0,30.0
2023-24,WardOfficePlan,1,"03, 04, 05, 06, 07",नगररोड - वडगावशेरी क्षेत्रीय कार्यालय एकूण बेरीज,,170.0,20.0,35.0,0.0,0.0,110.0,335.0
2023-24,WardOfficePlan,2,"01, 02, 08, 09",येरवडा - कळस - धानोरी क्षेत्रीय कार्यालय एकूण बेरीज,,0.0,0.0,0.0,0.0,0.0,0.0,0.0
2023-24,WardOfficePlan,3,"19, 20, 21",ढोलेपाटील रोड क्षेत्रीय कार्यालय एकूण बेरीज,,0.0,0.0,0.0,0.0,0.0,0.0,0.0
2023-24,WardOfficePlan,4,"11, 12, 13, 14",औंध - बाणेर क्षेत्रीय कार्यालय एकूण बेरीज,,0.0,0.0,0.0,0.0,0.0,0.0,0.0
2023-24,WardOfficePlan,5,"10, 15, 16",शिवाजीनगर - घोलेरोड क्षेत्रीय कार्यालय एकूण बेरीज,,0.0,0.0,0.0,0.0,0.0,0.0,0.0
2023-24,WardOfficePlan,6,"30, 31, 32, 33",कोथरूड - बावधन क्षेत्रीय कार्यालय एकूण बेरीज,,10.0,0.0,10.0,0.0,0.0,0.0,20.0
2023-24,WardOfficePlan,7,"38, 50, 55, 56",धनकवडी - सहकारनगर क्षेत्रीय कार्यालय एकूण बेरीज,,0.0,0.0,15.0,0.0,0.0,0.0,15.0
2023-24,WardOfficePlan,8,"51, 52, 53, 54",सिंहगडरोड क्षेत्रीय कार्यालय एकूण बेरीज,,121.0,44.0,69.0,18.0,0.0,100.0,352.0
2023-24,WardOfficePlan,9,"34, 35, 36",वारजे - कर्वेनगर क्षेत्रीय कार्यालय एकूण बेरीज,,125.0,40.0,10.0,30.0,0.0,115.0,320.0
2023-24,WardOfficePlan,10,"22, 23, 24, 25, 45",हडपसर - मुंढवा क्षेत्रीय कार्यालय एकूण बेरीज,,455.0,150.0,0.0,10.0,0.0,340.0,955.0
2023-24,WardOfficePlan,11,"26, 42, 43, 44",वानवडी - रामटेकडी क्षेत्रीय कार्यालय एकूण बेरीज,,0.0,0.0,0.0,0.0,0.0,0.0,0.0
2023-24,WardOfficePlan,12,"46, 47, 49",कोंढवा - येवलेवाडी क्षेत्रीय कार्यालय एकूण बेरीज,,0.0,0.0,0.0,0.0,0.0,0.0,0.0
2023-24,WardOfficePlan,13,"17, 18, 29, 37",कसबा - विश्रामबागवाडा क्षेत्रीय कार्यालय एकूण बेरीज,,0.0,0.0,0.0,0.0,0.0,0.0,0.0
2023-24,WardOfficePlan,14,"27, 28, 39",भवानीपेठ क्षेत्रीय कार्यालय एकूण बेरीज,,0.0,0.0,0.0,0.0,0.0,0.0,0.0
2023-24,WardOfficePlan,15,"40, 41, 48, 57, 58",बिबवेवाडी क्षेत्रीय कार्यालय एकूण बेरीज,,0.0,0.0,0.0,0.0,0.0,0.0,0.0
2023-24,WardOfficeNonPlan,1,"03, 04, 05, 06, 07",नगररोड - वडगावशेरी क्षेत्रीय कार्यालय एकूण बेरीज,,285.0,45.0,40.0,65.0,10.0,345.0,790.0
2023-24,WardOfficeNonPlan,2,"01, 02, 08, 09",येरवडा - कळस - धानोरी क्षेत्रीय कार्यालय एकूण बेरीज,,330.0,75.0,90.0,135.0,0.0,270.0,900.0
2023-24,WardOfficeNonPlan,3,"19, 20, 21",ढोलेपाटील रोड क्षेत्रीय कार्यालय एकूण बेरीज,,140.0,20.0,160.0,165.0,0.0,190.0,675.0
2023-24,WardOfficeNonPlan,4,"11, 12, 13, 14",औंध - बाणेर क्षेत्रीय कार्यालय एकूण बेरीज,,120.0,120.0,120.0,120.0,0.0,120.0,600.0
2023-24,WardOfficeNonPlan,5,"10, 15, 16",शिवाजीनगर - घोलेरोड क्षेत्रीय कार्यालय एकूण बेरीज,,120.0,125.0,135.0,135.0,0.0,160.0,675.0
2023-24,WardOfficeNonPlan,6,"30, 31, 32, 33",कोथरूड - बावधन क्षेत्रीय कार्यालय एकूण बेरीज,,165.0,185.0,150.0,130.0,0.0,250.0,880.0
2023-24,WardOfficeNonPlan,7,"38, 50, 55, 56",धनकवडी - सहकारनगर क्षेत्रीय कार्यालय एकूण बेरीज,,280.0,120.0,50.0,135.0,0.0,300.0,885.0
2023-24,WardOfficeNonPlan,8,"51, 52, 53, 54",सिंहगडरोड क्षेत्रीय कार्यालय एकूण बेरीज,,243.0,62.0,70.0,59.0,0.0,114.0,548.0
2023-24,WardOfficeNonPlan,9,"34, 35, 36",वारजे - कर्वेनगर क्षेत्रीय कार्यालय एकूण बेरीज,,95.0,90.0,105.0,10.0,0.0,55.0,355.0
2023-24,WardOfficeNonPlan,10,"22, 23, 24, 25, 45",हडपसर - मुंढवा क्षेत्रीय कार्यालय एकूण बेरीज,,10.0,10.0,135.0,0.0,0.0,15.0,170.0
2023-24,WardOfficeNonPlan,11,"26, 42, 43, 44",वानवडी - रामटेकडी क्षेत्रीय कार्यालय एकूण बेरीज,,305.0,95.0,60.0,40.0,0.0,400.0,900.0
2023-24,WardOfficeNonPlan,12,"46, 47, 49",कोंढवा - येवलेवाडी क्षेत्रीय कार्यालय एकूण बेरीज,,230.0,120.0,75.0,0.0,0.0,250.0,675.0
2023-24,WardOfficeNonPlan,13,"17, 18, 29, 37",कसबा - विश्रामबागवाडा क्षेत्रीय कार्यालय एकूण बेरीज,,245.0,153.0,200.0,101.0,0.0,201.0,900.0
2023-24,WardOfficeNonPlan,14,"27, 28, 39",भवानीपेठ क्षेत्रीय कार्यालय एकूण बेरीज,,145.0,75.0,120.0,105.0,0.0,230.0,675.0
2023-24,WardOfficeNonPlan,15,"40, 41, 48, 57, 58",बिबवेवाडी क्षेत्रीय कार्यालय एकूण बेरीज,,205.0,230.0,105.0,50.0,0.0,535.0,1125.0
2023-24,CitizensPlan,1,नगररोड - वडगावशेरी क्षेत्रीय कार्यालय एकूण बेरीज,135,,40.0,30.0,10.0,30.0,130.0,375.0,615.0
2023-24,CitizensPlan,2,येरवडा - कळस - धानोरी क्षेत्रीय कार्यालय एकूण बेरीज,,,0.0,0.0,0.0,0.0,0.0,0.0,0.0
2023-24,CitizensPlan,3,ढोलेपाटील रोड क्षेत्रीय कार्यालय एकूण बेरीज,,,0.0,0.0,0.0,0.0,0.0,0.0,0.0
2023-24,CitizensPlan,4,औंध - बाणेर क्षेत्रीय कार्यालय एकूण बेरीज,,,0.0,0.0,0.0,0.0,0.0,0.0,0.0
2023-24,CitizensPlan,5,शिवाजीनगर - घोलेरोड क्षेत्रीय कार्यालय एकूण बेरीज,,,0.0,0.0,0.0,0.0,0.0,0.0,0.0
2023-24,CitizensPlan,6,कोथरूड - बावधन क्षेत्रीय कार्यालय एकूण बेरीज,10,,15.0,10.0,0.0,0.0,0.0,35.0,60.0
2023-24,CitizensPlan,7,धनकवडी - सहकारनगर क्षेत्रीय कार्यालय एकूण बेरीज,,,10.0,15.0,0.0,0.0,0.0,25.0,50.0
2023-24,CitizensPlan,8,सिंहगडरोड क्षेत्रीय कार्यालय एकूण बेरीज,,,0.0,0.0,0.0,0.0,0.0,0.0,0.0
2023-24,CitizensPlan,9,वारजे - कर्वेनगर क्षेत्रीय कार्यालय एकूण बेरीज,25,,0.0,15.0,15.0,0.0,50.0,105.0,185.0
2023-24,CitizensPlan,10,हडपसर - मुंढवा क्षेत्रीय कार्यालय एकूण बेरीज,75,,20.0,10.0,0.0,5.0,70.0,180.0,285.0
2023-24,CitizensPlan,11,वानवडी - रामटेकडी क्षेत्रीय कार्यालय एकूण बेरीज,,,0.0,0.0,0.0,0.0,10.0,10.0,20.0
2023-24,CitizensPlan,12,कोंढवा - येवलेवाडी क्षेत्रीय कार्यालय एकूण बेरीज,,,0.0,0.0,0.0,0.0,0.0,0.0,0.0
2023-24,CitizensPlan,13,कसबा - विश्रामबागवाडा क्षेत्रीय कार्यालय एकूण बेरीज,,,0.0,0.0,0.0,0.0,0.0,0.0,0.0
2023-24,CitizensPlan,14,भवानीपेठ क्षेत्रीय कार्यालय एकूण बेरीज,,,0.0,0.0,0.0,0.0,0.0,0.0,0.0
2023-24,CitizensPlan,15,बिबवेवाडी क्षेत्रीय कार्यालय एकूण बेरीज,25,,35.0,5.0,0.0,0.0,15.0,80.0,135.0
2023-24,CitizensNonPlan,1,"03, 04, 05, 06, 07",नगररोड - वडगावशेरी क्षेत्रीय कार्यालय एकूण बेरीज,,0.0,0.0,0.0,0.0,0.0,0.0,0.0
2023-24,CitizensNonPlan,2,"01, 02, 08, 09",येरवडा - कळस - धानोरी क्षेत्रीय कार्यालय एकूण बेरीज,,75.0,20.0,55.0,30.0,0.0,120.0,300.0
2023-24,CitizensNonPlan,3,"19, 20, 21",ढोलेपाटील रोड क्षेत्रीय कार्यालय एकूण बेरीज,,27.5,20.0,17.5,120.5,7.0,32.5,225.0
2023-24,CitizensNonPlan,4,"11, 12, 13, 14",औंध - बाणेर क्षेत्रीय कार्यालय एकूण बेरीज,,50.0,35.0,55.0,45.0,15.0,75.0,275.0
2023-24,CitizensNonPlan,5,"10, 15, 16",शिवाजीनगर - घोलेरोड क्षेत्रीय कार्यालय एकूण बेरीज,,40.0,50.0,45.0,55.0,0.0,35.0,225.0
2023-24,CitizensNonPlan,6,"30, 31, 32, 33",कोथरूड - बावधन क्षेत्रीय कार्यालय एकूण बेरीज,,100.0,30.0,70.0,35.0,0.0,30.0,265.0
2023-24,CitizensNonPlan,7,"38, 50, 55, 56",धनकवडी - सहकारनगर क्षेत्रीय कार्यालय एकूण बेरीज,,50.0,55.0,20.0,35.0,0.0,115.0,275.0
2023-24,CitizensNonPlan,8,"51, 52, 53, 54",सिंहगडरोड क्षेत्रीय कार्यालय एकूण बेरीज,,120.0,35.0,50.0,25.0,0.0,70.0,300.0
2023-24,CitizensNonPlan,9,"34, 35, 36",वारजे - कर्वेनगर क्षेत्रीय कार्यालय एकूण बेरीज,,25.0,30.0,35.0,15.0,0.0,15.0,120.0
2023-24,CitizensNonPlan,10,"22, 23, 24, 25, 45",हडपसर - मुंढवा क्षेत्रीय कार्यालय एकूण बेरीज,,45.0,55.0,10.0,40.0,0.0,45.0,195.0
2023-24,CitizensNonPlan,11,"26, 42, 43, 44",वानवडी - रामटेकडी क्षेत्रीय कार्यालय एकूण बेरीज,,115.0,5.0,15.0,30.0,0.0,125.0,290.0
2023-24,CitizensNonPlan,12,"46, 47, 49",कोंढवा - येवलेवाडी क्षेत्रीय कार्यालय एकूण बेरीज,,102.0,33.0,4.0,0.0,0.0,86.0,225.0
2023-24,CitizensNonPlan,13,"17, 18, 29, 37",कसबा - विश्रामबागवाडा क्षेत्रीय कार्यालय एकूण बेरीज,,58.5,49.5,58.0,69.0,0.0,65.0,300.0
2023-24,CitizensNonPlan,14,"27, 28, 39",भवानीपेठ क्षेत्रीय कार्यालय एकूण बेरीज,,57.5,32.5,10.0,32.5,0.0,92.5,225.0
2023-24,CitizensNonPlan,15,"40, 41, 48, 57, 58",बिबवेवाडी क्षेत्रीय कार्यालय एकूण बेरीज,,60.0,45.0,30.0,10.0,0.0,150.0,295.0
2024-25,WardOfficePlan,1,"3, 4, 5, 42**",नगररोड - वडगावशेरी क्षेत्रीय कार्यालय एकूण बेरीज,,185.0,85.0,10.0,0.0,0.0,100.0,380.0
2024-25,WardOfficePlan,2,"1, 2, 6",येरवडा - कळस - धानोरी क्षेत्रीय कार्यालय एकूण बेरीज,,0.0,0.0,0.0,0.0,0.0,0.0,0.0
2024-25,WardOfficePlan,3,"20, 21",ढोलेपाटील क्षेत्रीय कार्यालय एकूण बेरीज,,0.0,0.0,10.0,0.0,0.0,0.0,10.0
2024-25,WardOfficePlan,4,"8, 9",औंध - बाणेर क्षेत्रीय कार्यालय एकूण बेरीज,,0.0,0.0,0.0,0.0,0.0,0.0,0.0
2024-25,WardOfficePlan,5,"7, 14",शिवाजीनगर - घोले रोड क्षेत्रीय कार्यालय एकूण बेरीज,,0.0,0.0,0.0,0.0,0.0,0.0,0.0
2024-25,WardOfficePlan,6,"10, 11, 12",कोथरूड - बावधन क्षेत्रीय कार्यालय एकूण बेरीज,,0.0,0.0,0.0,0.0,0.0,0.0,0.0
2024-25,WardOfficePlan,7,"35, 39, 40, 42**",धनकवडी - सहकारनगर क्षेत्रीय कार्यालय एकूण बेरीज,,105.0,80.0,10.0,0.0,10.0,100.0,305.0
2024-25,WardOfficePlan,8,"30, 33, 34, 42**",सिंहगड रोड क्षेत्रीय कार्यालय एकूण बेरीज,,75.0,10.0,23.0,0.0,0.0,10.0,118.0
2024-25,WardOfficePlan,9,"13, 31, 32, 42**",वारजे - कर्वेनगर क्षेत्रीय कार्यालय एकूण बेरीज,,135.0,100.0,65.0,35.0,0.0,90.0,425.0
2024-25,WardOfficePlan,10,"22, 23, 26, 42**",हडपसर - मुंढवा क्षेत्रीय कार्यालय एकूण बेरीज,,131.0,64.0,10.0,0.0,0.0,180.0,385.0
2024-25,WardOfficePlan,11,"24***, 25, 27",वानवडी - रामटेकडी क्षेत्रीय कार्यालय एकूण बेरीज,,60.0,0.0,0.0,5.0,0.0,70.0,135.0
2024-25,WardOfficePlan,12,"38, 41, 42**",कोंढवा - येवलेवाडी क्षेत्रीय कार्यालय एकूण बेरीज,,177.0,119.0,0.0,0.0,0.0,104.0,400.0
2024-25,WardOfficePlan,13,"15, 16, 29",कसबा - विश्रामबागवाडा क्षेत्रीय कार्यालय एकूण बेरीज,,0.0,0.0,0.0,0.0,0.0,0.0,0.0
2024-25,WardOfficePlan,14,"17, 18, 19",भवानी पेठ क्षेत्रीय कार्यालय एकूण बेरीज,,0.0,0.0,0.0,0.0,0.0,0.0,0.0
2024-25,WardOfficePlan,15,"28, 36, 37***",बिबवेवाडी क्षेत्रीय कार्यालय एकूण बेरीज,,85.0,45.0,0.0,30.0,0.0,105.0,265.0
2024-25,WardOfficeNonPlan,1,"3, 4, 5, 42**",नगररोड - वडगावशेरी क्षेत्रीय कार्यालय एकूण बेरीज,,50.0,125.0,60.0,70.0,0.0,240.0,545.0
2024-25,WardOfficeNonPlan,2,"1, 2, 6",येरवडा - कळस - धानोरी क्षेत्रीय कार्यालय एकूण बेरीज,,225.0,90.0,140.0,115.0,0.0,330.0,900.0
2024-25,WardOfficeNonPlan,3,"20, 21",ढोलेपाटील क्षेत्रीय कार्यालय एकूण बेरीज,,135.0,60.0,82.0,143.0,0.0,170.0,590.0
2024-25,WardOfficeNonPlan,4,"8, 9",औंध - बाणेर क्षेत्रीय कार्यालय एकूण बेरीज,,118.0,114.0,126.0,120.0,0.0,122.0,600.0
2024-25,WardOfficeNonPlan,5,"7, 14",शिवाजीनगर - घोले रोड क्षेत्रीय कार्यालय एकूण बेरीज,,120.0,120.0,120.0,120.0,0.0,120.0,600.0
2024-25,WardOfficeNonPlan,6,"10, 11, 12",कोथरूड - बावधन क्षेत्रीय कार्यालय एकूण बेरीज,,180.0,150.0,150.0,155.0,0.0,265.0,900.0
2024-25,WardOfficeNonPlan,7,"35, 39, 40, 42**",धनकवडी - सहकारनगर क्षेत्रीय कार्यालय एकूण बेरीज,,165.0,80.0,140.0,75.0,0.0,160.0,620.0
2024-25,WardOfficeNonPlan,8,"30, 33, 34, 42**",सिंहगड रोड क्षेत्रीय कार्यालय एकूण बेरीज,,192.0,125.0,124.0,130.0,0.0,236.0,807.0
2024-25,WardOfficeNonPlan,9,"13, 31, 32, 42**",वारजे - कर्वेनगर क्षेत्रीय कार्यालय एकूण बेरीज,,95.0,90.0,100.0,85.0,0.0,130.0,500.0
2024-25,WardOfficeNonPlan,10,"22, 23, 26, 42**",हडपसर - मुंढवा क्षेत्रीय कार्यालय एकूण बेरीज,,88.0,125.0,112.0,0.0,0.0,215.0,540.0
2024-25,WardOfficeNonPlan,11,"24***, 25, 27",वानवडी - रामटेकडी क्षेत्रीय कार्यालय एकूण बेरीज,,185.0,75.0,135.0,100.0,0.0,195.0,690.0
2024-25,WardOfficeNonPlan,12,"38, 41, 42**",कोंढवा - येवलेवाडी क्षेत्रीय कार्यालय एकूण बेरीज,,46.0,0.0,53.0,20.0,0.0,106.0,225.0
2024-25,WardOfficeNonPlan,13,"15, 16, 29",कसबा - विश्रामबागवाडा क्षेत्रीय कार्यालय एकूण बेरीज,,246.0,87.0,217.0,176.0,0.0,174.0,900.0
2024-25,WardOfficeNonPlan,14,"17, 18, 19",भवानी पेठ क्षेत्रीय कार्यालय एकूण बेरीज,,175.0,110.0,250.0,120.0,0.0,245.0,900.0
2024-25,WardOfficeNonPlan,15,"28, 36, 37***",बिबवेवाडी क्षेत्रीय कार्यालय एकूण बेरीज,,130.0,75.0,80.0,30.0,0.0,245.0,560.0
2024-25,CitizensPlan,1,"3, 4, 5, 42**",नगररोड - वडगावशेरी क्षेत्रीय कार्यालय एकूण बेरीज,,31.0,17.0,0.0,0.0,0.0,69.0,117.0
2024-25,CitizensPlan,2,"1, 2, 6",येरवडा - कळस - धानोरी क्षेत्रीय कार्यालय एकूण बेरीज,,0.0,0.0,0.0,0.0,0.0,0.0,0.0
2024-25,CitizensPlan,3,"20, 21",ढोलेपाटील क्षेत्रीय कार्यालय एकूण बेरीज,,0.0,0.0,0.0,0.0,0.0,0.0,0.0
2024-25,CitizensPlan,4,"8, 9",औंध - बाणेर क्षेत्रीय कार्यालय एकूण बेरीज,,0.0,0.0,0.0,0.0,0.0,0.0,0.0
2024-25,CitizensPlan,5,"7, 14",शिवाजीनगर - घोले रोड क्षेत्रीय कार्यालय एकूण बेरीज,,0.0,0.0,0.0,0.0,0.0,0.0,0.0
2024-25,CitizensPlan,6,"10, 11, 12",कोथरूड - बावधन क्षेत्रीय कार्यालय एकूण बेरीज,,0.0,0.0,0.0,0.0,0.0,0.0,0.0
2024-25,CitizensPlan,7,"35, 39, 40, 42**",धनकवडी - सहकारनगर क्षेत्रीय कार्यालय एकूण बेरीज,,18.0,35.0,35.0,5.0,0.0,30.0,123.0
2024-25,CitizensPlan,8,"30, 33, 34, 42**",सिंहगड रोड क्षेत्रीय कार्यालय एकूण बेरीज,,43.0,37.0,10.0,0.0,0.0,20.0,110.0
2024-25,CitizensPlan,9,"13, 31, 32, 42**",वारजे - कर्वेनगर क्षेत्रीय कार्यालय एकूण बेरीज,,49.0,25.0,0.0,15.0,0.0,55.0,144.0
2024-25,CitizensPlan,10,"22, 23, 26, 42**",हडपसर - मुंढवा क्षेत्रीय कार्यालय एकूण बेरीज,,65.0,69.0,5.0,0.0,0.0,69.0,208.0
2024-25,CitizensPlan,11,"24***, 25, 27",वानवडी - रामटेकडी क्षेत्रीय कार्यालय एकूण बेरीज,,0.0,5.0,0.0,0.0,0.0,50.0,55.0
2024-25,CitizensPlan,12,"38, 41, 42**",कोंढवा - येवलेवाडी क्षेत्रीय कार्यालय एकूण बेरीज,,67.0,24.0,0.0,0.0,0.0,57.0,148.0
2024-25,CitizensPlan,13,"15, 16, 29",कसबा - विश्रामबागवाडा क्षेत्रीय कार्यालय एकूण बेरीज,,0.0,0.0,0.0,0.0,0.0,0.0,0.0
2024-25,CitizensPlan,14,"17, 18, 19",भवानी पेठ क्षेत्रीय कार्यालय एकूण बेरीज,,0.0,0.0,0.0,0.0,0.0,0.0,0.0
2024-25,CitizensPlan,15,"28, 36, 37***",बिबवेवाडी क्षेत्रीय कार्यालय एकूण बेरीज,,15.0,10.0,55.0,10.0,0.0,45.0,135.0
2024-25,CitizensNonPlan,1,"3, 4, 5, 42**",नगररोड - वडगावशेरी क्षेत्रीय कार्यालय एकूण बेरीज,,40.0,15.0,0.0,13.0,0.0,123.0,191.0
2024-25,CitizensNonPlan,2,"1, 2, 6",येरवडा - कळस - धानोरी क्षेत्रीय कार्यालय एकूण बेरीज,,75.0,0.0,75.0,30.0,0.0,120.0,300.0
2024-25,CitizensNonPlan,3,"20, 21",ढोलेपाटील क्षेत्रीय कार्यालय एकूण बेरीज,,54.0,32.0,28.0,34.0,3.0,49.0,200.0
2024-25,CitizensNonPlan,4,"8, 9",औंध - बाणेर क्षेत्रीय कार्यालय एकूण बेरीज,,45.0,40.0,40.0,30.0,0.0,45.0,200.0
2024-25,CitizensNonPlan,5,"7, 14",शिवाजीनगर - घोले रोड क्षेत्रीय कार्यालय एकूण बेरीज,,40.0,40.0,40.0,40.0,0.0,40.0,200.0
2024-25,CitizensNonPlan,6,"10, 11, 12",कोथरूड - बावधन क्षेत्रीय कार्यालय एकूण बेरीज,,55.0,45.0,75.0,55.0,0.0,70.0,300.0
2024-25,CitizensNonPlan,7,"35, 39, 40, 42**",धनकवडी - सहकारनगर क्षेत्रीय कार्यालय एकूण बेरीज,,70.0,25.0,20.0,5.0,0.0,65.0,185.0
2024-25,CitizensNonPlan,8,"30, 33, 34, 42**",सिंहगड रोड क्षेत्रीय कार्यालय एकूण बेरीज,,65.0,13.0,51.0,24.0,0.0,45.0,198.0
2024-25,CitizensNonPlan,9,"13, 31, 32, 42**",वारजे - कर्वेनगर क्षेत्रीय कार्यालय एकूण बेरीज,,45.0,30.0,30.0,10.0,0.0,49.0,164.0
2024-25,CitizensNonPlan,10,"22, 23, 26, 42**",हडपसर - मुंढवा क्षेत्रीय कार्यालय एकूण बेरीज,,55.0,0.0,5.0,0.0,0.0,40.0,100.0
2024-25,CitizensNonPlan,11,"24***, 25, 27",वानवडी - रामटेकडी क्षेत्रीय कार्यालय एकूण बेरीज,,100.0,10.0,45.0,20.0,0.0,45.0,220.0
2024-25,CitizensNonPlan,12,"38, 41, 42**",कोंढवा - येवलेवाडी क्षेत्रीय कार्यालय एकूण बेरीज,,8.0,17.0,10.0,0.0,0.0,25.0,60.0
2024-25,CitizensNonPlan,13,"15, 16, 29",कसबा - विश्रामबागवाडा क्षेत्रीय कार्यालय एकूण बेरीज,,78.0,18.0,64.0,57.0,3.0,80.0,300.0
2024-25,CitizensNonPlan,14,"17, 18, 19",भवानी पेठ क्षेत्रीय कार्यालय एकूण बेरीज,,35.0,80.0,30.0,40.0,0.0,115.0,300.0
2024-25,CitizensNonPlan,15,"28, 36, 37***",बिबवेवाडी क्षेत्रीय कार्यालय एकूण बेरीज,,25.0,5.0,10.0,30.0,0.0,70.0,140.0
2025-26,WardOfficePlan,1,"3, 4, 5, 42**",नगररोड - वडगावशेरी क्षेत्रीय कार्यालय एकूण बेरीज,,155.0,95.0,10.0,0.0,0.0,210.0,470.0
2025-26,WardOfficePlan,2,"1, 2, 6",येरवडा - कळस - धानोरी क्षेत्रीय कार्यालय एकूण बेरीज,,0.0,0.0,0.0,0.0,0.0,0.0,0.0
2025-26,WardOfficePlan,3,"20, 21",ढोलेपाटील क्षेत्रीय कार्यालय एकूण बेरीज,,0.0,0.0,0.0,0.0,0.0,0.0,0.0
2025-26,WardOfficePlan,4,"8, 9",औंध - बाणेर क्षेत्रीय कार्यालय एकूण बेरीज,,0.0,0.0,0.0,0.0,0.0,0.0,0.0
2025-26,WardOfficePlan,5,"7, 14",शिवाजीनगर - घोले रोड क्षेत्रीय कार्यालय एकूण बेरीज,,0.0,0.0,0.0,0.0,0.0,0.0,0.0
2025-26,WardOfficePlan,6,"10, 11, 12",कोथरूड - बावधन क्षेत्रीय कार्यालय एकूण बेरीज,,0.0,0.0,0.0,0.0,0.0,0.0,0.0
2025-26,WardOfficePlan,7,"35, 39, 40, 42**",धनकवडी - सहकारनगर क्षेत्रीय कार्यालय एकूण बेरीज,,95.0,120.0,110.0,10.0,10.0,280.0,625.0
2025-26,WardOfficePlan,8,"30, 33, 34, 42**",सिंहगड रोड क्षेत्रीय कार्यालय एकूण बेरीज,,175.0,0.0,20.0,20.0,0.0,50.0,265.0
2025-26,WardOfficePlan,9,"13, 31, 32, 42**",वारजे - कर्वेनगर क्षेत्रीय कार्यालय एकूण बेरीज,,35.0,15.0,85.0,15.0,0.0,50.0,200.0
2025-26,WardOfficePlan,10,"22, 23, 26, 42**",हडपसर - मुंढवा क्षेत्रीय कार्यालय एकूण बेरीज,,142.0,103.0,13.0,0.0,0.0,58.0,316.0
2025-26,WardOfficePlan,11,"24***, 25, 27",वानवडी - रामटेकडी क्षेत्रीय कार्यालय एकूण बेरीज,,45.0,0.0,0.0,0.0,0.0,40.0,85.0
2025-26,WardOfficePlan,12,"38, 41, 42**",कोंढवा - येवलेवाडी क्षेत्रीय कार्यालय एकूण बेरीज,,155.0,0.0,4.0,0.0,0.0,105.0,264.0
2025-26,WardOfficePlan,13,"15, 16, 29",कसबा - विश्रामबागवाडा क्षेत्रीय कार्यालय एकूण बेरीज,,0.0,0.0,0.0,0.0,0.0,0.0,0.0
2025-26,WardOfficePlan,14,"17, 18, 19",भवानी पेठ क्षेत्रीय कार्यालय एकूण बेरीज,,0.0,0.0,0.0,0.0,0.0,0.0,0.0
2025-26,WardOfficePlan,15,"28, 36, 37***",बिबवेवाडी क्षेत्रीय कार्यालय एकूण बेरीज,,50.0,90.0,45.0,20.0,0.0,70.0,275.0
2025-26,WardOfficeNonPlan,1,"3, 4, 5, 42**",नगररोड - वडगावशेरी क्षेत्रीय कार्यालय एकूण बेरीज,,90.0,90.0,50.0,60.0,0.0,165.0,455.0
2025-26,WardOfficeNonPlan,2,"1, 2, 6",येरवडा - कळस - धानोरी क्षेत्रीय कार्यालय एकूण बेरीज,,205.0,105.0,150.0,130.0,0.0,310.0,900.0
2025-26,WardOfficeNonPlan,3,"20, 21",ढोलेपाटील क्षेत्रीय कार्यालय एकूण बेरीज,,145.0,85.0,85.0,145.0,0.0,140.0,600.0
2025-26,WardOfficeNonPlan,4,"8, 9",औंध - बाणेर क्षेत्रीय कार्यालय एकूण बेरीज,,120.0,120.0,120.0,120.0,0.0,120.0,600.0
2025-26,WardOfficeNonPlan,5,"7, 14",शिवाजीनगर - घोले रोड क्षेत्रीय कार्यालय एकूण बेरीज,,120.0,120.0,120.0,120.0,0.0,120.0,600.0
2025-26,WardOfficeNonPlan,6,"10, 11, 12",कोथरूड - बावधन क्षेत्रीय कार्यालय एकूण बेरीज,,200.0,150.0,140.0,155.0,0.0,255.0,900.0
2025-26,WardOfficeNonPlan,7,"35, 39, 40, 42**",धनकवडी - सहकारनगर क्षेत्रीय कार्यालय एकूण बेरीज,,135.0,0.0,55.0,25.0,0.0,85.0,300.0
2025-26,WardOfficeNonPlan,8,"30, 33, 34, 42**",सिंहगड रोड क्षेत्रीय कार्यालय एकूण बेरीज,,131.0,120.0,156.0,83.0,0.0,170.0,660.0
2025-26,WardOfficeNonPlan,9,"13, 31, 32, 42**",वारजे - कर्वेनगर क्षेत्रीय कार्यालय एकूण बेरीज,,270.0,30.0,105.0,95.0,0.0,225.0,725.0
2025-26,WardOfficeNonPlan,10,"22, 23, 26, 42**",हडपसर - मुंढवा क्षेत्रीय कार्यालय एकूण बेरीज,,120.0,132.0,42.5,3.0,0.0,311.5,609.0
2025-26,WardOfficeNonPlan,11,"24***, 25, 27",वानवडी - रामटेकडी क्षेत्रीय कार्यालय एकूण बेरीज,,235.0,80.0,90.0,55.0,0.0,280.0,740.0
2025-26,WardOfficeNonPlan,12,"38, 41, 42**",कोंढवा - येवलेवाडी क्षेत्रीय कार्यालय एकूण बेरीज,,62.0,115.0,55.0,20.0,0.0,109.0,361.0
2025-26,WardOfficeNonPlan,13,"15, 16, 29",कसबा - विश्रामबागवाडा क्षेत्रीय कार्यालय एकूण बेरीज,,230.0,90.0,220.0,180.0,0.0,180.0,900.0
2025-26,WardOfficeNonPlan,14,"17, 18, 19",भवानी पेठ क्षेत्रीय कार्यालय एकूण बेरीज,,135.0,180.0,190.0,85.0,0.0,310.0,900.0
2025-26,WardOfficeNonPlan,15,"28, 36, 37***",बिबवेवाडी क्षेत्रीय कार्यालय एकूण बेरीज,,145.0,80.0,85.0,45.0,0.0,195.0,550.0
2025-26,CitizensPlan,1,"3, 4, 5, 42**",नगररोड - वडगावशेरी क्षेत्रीय कार्यालय एकूण बेरीज,,28.0,42.0,0.0,0.0,0.0,85.0,155.0
2025-26,CitizensPlan,2,"1, 2, 6",येरवडा - कळस - धानोरी क्षेत्रीय कार्यालय एकूण बेरीज,,0.0,0.0,0.0,0.0,0.0,0.0,0.0
2025-26,CitizensPlan,3,"20, 21",ढोलेपाटील क्षेत्रीय कार्यालय एकूण बेरीज,,0.0,0.0,0.0,0.0,0.0,0.0,0.0
2025-26,CitizensPlan,4,"8, 9",औंध - बाणेर क्षेत्रीय कार्यालय एकूण बेरीज,,0.0,0.0,0.0,0.0,0.0,0.0,0.0
2025-26,CitizensPlan,5,"7, 14",शिवाजीनगर - घोले रोड क्षेत्रीय कार्यालय एकूण बेरीज,,0.0,0.0,0.0,0.0,0.0,0.0,0.0
2025-26,CitizensPlan,6,"10, 11, 12",कोथरूड - बावधन क्षेत्रीय कार्यालय एकूण बेरीज,,0.0,0.0,0.0,0.0,0.0,0.0,0.0
2025-26,CitizensPlan,7,"35, 39, 40, 42**",धनकवडी - सहकारनगर क्षेत्रीय कार्यालय एकूण बेरीज,,48.0,55.0,50.0,0.0,0.0,10.0,163.0
2025-26,CitizensPlan,8,"30, 33, 34, 42**",सिंहगड रोड क्षेत्रीय कार्यालय एकूण बेरीज,,59.0,15.0,0.0,0.0,5.0,25.0,104.0
2025-26,CitizensPlan,9,"13, 31, 32, 42**",वारजे - कर्वेनगर क्षेत्रीय कार्यालय एकूण बेरीज,,45.0,15.0,35.0,5.0,0.0,10.0,110.0
2025-26,CitizensPlan,10,"22, 23, 26, 42**",हडपसर - मुंढवा क्षेत्रीय कार्यालय एकूण बेरीज,,10.0,10.0,20.0,0.0,0.0,0.0,40.0
2025-26,CitizensPlan,11,"24***, 25, 27",वानवडी - रामटेकडी क्षेत्रीय कार्यालय एकूण बेरीज,,30.0,0.0,0.0,0.0,0.0,45.0,75.0
2025-26,CitizensPlan,12,"38, 41, 42**",कोंढवा - येवलेवाडी क्षेत्रीय कार्यालय एकूण बेरीज,,48.0,0.0,0.0,0.0,0.0,40.0,88.0
2025-26,CitizensPlan,13,"15, 16, 29",कसबा - विश्रामबागवाडा क्षेत्रीय कार्यालय एकूण बेरीज,,0.0,0.0,0.0,0.0,0.0,0.0,0.0
2025-26,CitizensPlan,14,"17, 18, 19",भवानी पेठ क्षेत्रीय कार्यालय एकूण बेरीज,,0.0,0.0,0.0,0.0,0.0,0.0,0.0
2025-26,CitizensPlan,15,"28, 36, 37***",बिबवेवाडी क्षेत्रीय कार्यालय एकूण बेरीज,,5.0,15.0,32.0,5.0,0.0,15.0,72.0
2025-26,CitizensNonPlan,1,"3, 4, 5, 42**",नगररोड - वडगावशेरी क्षेत्रीय कार्यालय एकूण बेरीज,,30.0,35.0,5.0,15.0,0.0,68.0,153.0
2025-26,CitizensNonPlan,2,"1, 2, 6",येरवडा - कळस - धानोरी क्षेत्रीय कार्यालय एकूण बेरीज,,80.0,35.0,45.0,55.0,0.0,85.0,300.0
2025-26,CitizensNonPlan,3,"20, 21",ढोलेपाटील क्षेत्रीय कार्यालय एकूण बेरीज,,35.0,17.5,52.5,55.0,0.0,40.0,200.0
2025-26,CitizensNonPlan,4,"8, 9",औंध - बाणेर क्षेत्रीय कार्यालय एकूण बेरीज,,60.0,0.0,50.0,30.0,0.0,60.0,200.0
2025-26,CitizensNonPlan,5,"7, 14",शिवाजीनगर - घोले रोड क्षेत्रीय कार्यालय एकूण बेरीज,,40.0,40.0,40.0,40.0,0.0,40.0,200.0
2025-26,CitizensNonPlan,6,"10, 11, 12",कोथरूड - बावधन क्षेत्रीय कार्यालय एकूण बेरीज,,65.0,30.0,60.0,60.0,0.0,85.0,300.0
2025-26,CitizensNonPlan,7,"35, 39, 40, 42**",धनकवडी - सहकारनगर क्षेत्रीय कार्यालय एकूण बेरीज,,40.0,0.0,20.0,15.0,0.0,70.0,145.0
2025-26,CitizensNonPlan,8,"30, 33, 34, 42**",सिंहगड रोड क्षेत्रीय कार्यालय एकूण बेरीज,,66.0,35.0,10.0,15.0,0.0,78.0,204.0
2025-26,CitizensNonPlan,9,"13, 31, 32, 42**",वारजे - कर्वेनगर क्षेत्रीय कार्यालय एकूण बेरीज,,30.0,33.0,10.0,30.0,0.0,95.0,198.0
2025-26,CitizensNonPlan,10,"22, 23, 26, 42**",हडपसर - मुंढवा क्षेत्रीय कार्यालय एकूण बेरीज,,80.0,75.0,30.0,0.0,0.0,83.0,268.0
2025-26,CitizensNonPlan,11,"24***, 25, 27",वानवडी - रामटेकडी क्षेत्रीय कार्यालय एकूण बेरीज,,65.0,20.0,30.0,25.0,0.0,60.0,200.0
2025-26,CitizensNonPlan,12,"38, 41, 42**",कोंढवा - येवलेवाडी क्षेत्रीय कार्यालय एकूण बेरीज,,25.0,41.0,12.0,0.0,0.0,42.0,120.0
2025-26,CitizensNonPlan,13,"15, 16, 29",कसबा - विश्रामबागवाडा क्षेत्रीय कार्यालय एकूण बेरीज,,64.0,46.0,62.5,60.0,4.5,63.0,300.0
2025-26,CitizensNonPlan,14,"17, 18, 19",भवानी पेठ क्षेत्रीय कार्यालय एकूण बेरीज,,40.0,85.0,35.0,35.0,0.0,105.0,300.0
2025-26,CitizensNonPlan,15,"28, 36, 37***",बिबवेवाडी क्षेत्रीय कार्यालय एकूण बेरीज,,38.0,35.0,35.0,35.0,0.0,60.0,203.0
