zone_no,zone_name,zone_code,fiscal_year,measure,amount_rs_thousand,amount_rs_lakh,line_present_in_book,source_book,source_page,source_url
I,Thiruvottiyur,NA,2011-2012,ACTUAL,0,0.00,yes,bb2013-14.pdf,47,https://chennaicorporation.gov.in/budget/budgetImages/budget%202013-14.pdf
II,Manali,NB,2011-2012,ACTUAL,0,0.00,yes,bb2013-14.pdf,48,https://chennaicorporation.gov.in/budget/budgetImages/budget%202013-14.pdf
III,Madhavaram,NC,2011-2012,ACTUAL,1245,12.45,yes,bb2013-14.pdf,49,https://chennaicorporation.gov.in/budget/budgetImages/budget%202013-14.pdf
IV,Tondiarpet,ND,2011-2012,ACTUAL,0,0.00,yes,bb2013-14.pdf,50,https://chennaicorporation.gov.in/budget/budgetImages/budget%202013-14.pdf
V,Royapuram,NE,2011-2012,ACTUAL,0,0.00,yes,bb2013-14.pdf,51,https://chennaicorporation.gov.in/budget/budgetImages/budget%202013-14.pdf
VI,Thiru-Vi-Ka Nagar,NF,2011-2012,ACTUAL,0,0.00,yes,bb2013-14.pdf,52,https://chennaicorporation.gov.in/budget/budgetImages/budget%202013-14.pdf
VII,Ambattur,NG,2011-2012,ACTUAL,0,0.00,yes,bb2013-14.pdf,53,https://chennaicorporation.gov.in/budget/budgetImages/budget%202013-14.pdf
VIII,Anna Nagar,NH,2011-2012,ACTUAL,0,0.00,yes,bb2013-14.pdf,54,https://chennaicorporation.gov.in/budget/budgetImages/budget%202013-14.pdf
IX,Teynampet,NJ,2011-2012,ACTUAL,0,0.00,yes,bb2013-14.pdf,55,https://chennaicorporation.gov.in/budget/budgetImages/budget%202013-14.pdf
X,Kodambakkam,NK,2011-2012,ACTUAL,0,0.00,yes,bb2013-14.pdf,56,https://chennaicorporation.gov.in/budget/budgetImages/budget%202013-14.pdf
XI,Valasaravakkam,NL,2011-2012,ACTUAL,10794,107.94,yes,bb2013-14.pdf,57,https://chennaicorporation.gov.in/budget/budgetImages/budget%202013-14.pdf
XII,Alandur,NM,2011-2012,ACTUAL,8677,86.77,yes,bb2013-14.pdf,58,https://chennaicorporation.gov.in/budget/budgetImages/budget%202013-14.pdf
XIII,Adyar,NN,2011-2012,ACTUAL,0,0.00,yes,bb2013-14.pdf,59,https://chennaicorporation.gov.in/budget/budgetImages/budget%202013-14.pdf
XIV,Perungudi,NP,2011-2012,ACTUAL,0,0.00,yes,bb2013-14.pdf,60,https://chennaicorporation.gov.in/budget/budgetImages/budget%202013-14.pdf
XV,Sholinganallur,NQ,2011-2012,ACTUAL,0,0.00,yes,bb2013-14.pdf,61,https://chennaicorporation.gov.in/budget/budgetImages/budget%202013-14.pdf
I,Thiruvottiyur,NA,2012-2013,RE,30000,300.00,yes,bb2013-14.pdf,47,https://chennaicorporation.gov.in/budget/budgetImages/budget%202013-14.pdf
II,Manali,NB,2012-2013,RE,6500,65.00,yes,bb2013-14.pdf,48,https://chennaicorporation.gov.in/budget/budgetImages/budget%202013-14.pdf
III,Madhavaram,NC,2012-2013,RE,10000,100.00,yes,bb2013-14.pdf,49,https://chennaicorporation.gov.in/budget/budgetImages/budget%202013-14.pdf
IV,Tondiarpet,ND,2012-2013,RE,15000,150.00,yes,bb2013-14.pdf,50,https://chennaicorporation.gov.in/budget/budgetImages/budget%202013-14.pdf
V,Royapuram,NE,2012-2013,RE,15000,150.00,yes,bb2013-14.pdf,51,https://chennaicorporation.gov.in/budget/budgetImages/budget%202013-14.pdf
VI,Thiru-Vi-Ka Nagar,NF,2012-2013,RE,10000,100.00,yes,bb2013-14.pdf,52,https://chennaicorporation.gov.in/budget/budgetImages/budget%202013-14.pdf
VII,Ambattur,NG,2012-2013,RE,15000,150.00,yes,bb2013-14.pdf,53,https://chennaicorporation.gov.in/budget/budgetImages/budget%202013-14.pdf
VIII,Anna Nagar,NH,2012-2013,RE,25000,250.00,yes,bb2013-14.pdf,54,https://chennaicorporation.gov.in/budget/budgetImages/budget%202013-14.pdf
IX,Teynampet,NJ,2012-2013,RE,12500,125.00,yes,bb2013-14.pdf,55,https://chennaicorporation.gov.in/budget/budgetImages/budget%202013-14.pdf
X,Kodambakkam,NK,2012-2013,RE,20000,200.00,yes,bb2013-14.pdf,56,https://chennaicorporation.gov.in/budget/budgetImages/budget%202013-14.pdf
XI,Valasaravakkam,NL,2012-2013,RE,60000,600.00,yes,bb2013-14.pdf,57,https://chennaicorporation.gov.in/budget/budgetImages/budget%202013-14.pdf
XII,Alandur,NM,2012-2013,RE,31500,315.00,yes,bb2013-14.pdf,58,https://chennaicorporation.gov.in/budget/budgetImages/budget%202013-14.pdf
XIII,Adyar,NN,2012-2013,RE,15000,150.00,yes,bb2013-14.pdf,59,https://chennaicorporation.gov.in/budget/budgetImages/budget%202013-14.pdf
XIV,Perungudi,NP,2012-2013,RE,25000,250.00,yes,bb2013-14.pdf,60,https://chennaicorporation.gov.in/budget/budgetImages/budget%202013-14.pdf
XV,Sholinganallur,NQ,2012-2013,RE,5000,50.00,yes,bb2013-14.pdf,61,https://chennaicorporation.gov.in/budget/budgetImages/budget%202013-14.pdf
I,Thiruvottiyur,NA,2013-2014,BE,40000,400.00,yes,bb2013-14.pdf,47,https://chennaicorporation.gov.in/budget/budgetImages/budget%202013-14.pdf
II,Manali,NB,2013-2014,BE,10000,100.00,yes,bb2013-14.pdf,48,https://chennaicorporation.gov.in/budget/budgetImages/budget%202013-14.pdf
III,Madhavaram,NC,2013-2014,BE,10000,100.00,yes,bb2013-14.pdf,49,https://chennaicorporation.gov.in/budget/budgetImages/budget%202013-14.pdf
IV,Tondiarpet,ND,2013-2014,BE,15000,150.00,yes,bb2013-14.pdf,50,https://chennaicorporation.gov.in/budget/budgetImages/budget%202013-14.pdf
V,Royapuram,NE,2013-2014,BE,15000,150.00,yes,bb2013-14.pdf,51,https://chennaicorporation.gov.in/budget/budgetImages/budget%202013-14.pdf
VI,Thiru-Vi-Ka Nagar,NF,2013-2014,BE,10000,100.00,yes,bb2013-14.pdf,52,https://chennaicorporation.gov.in/budget/budgetImages/budget%202013-14.pdf
VII,Ambattur,NG,2013-2014,BE,20000,200.00,yes,bb2013-14.pdf,53,https://chennaicorporation.gov.in/budget/budgetImages/budget%202013-14.pdf
VIII,Anna Nagar,NH,2013-2014,BE,30000,300.00,yes,bb2013-14.pdf,54,https://chennaicorporation.gov.in/budget/budgetImages/budget%202013-14.pdf
IX,Teynampet,NJ,2013-2014,BE,10000,100.00,yes,bb2013-14.pdf,55,https://chennaicorporation.gov.in/budget/budgetImages/budget%202013-14.pdf
X,Kodambakkam,NK,2013-2014,BE,10000,100.00,yes,bb2013-14.pdf,56,https://chennaicorporation.gov.in/budget/budgetImages/budget%202013-14.pdf
XI,Valasaravakkam,NL,2013-2014,BE,30000,300.00,yes,bb2013-14.pdf,57,https://chennaicorporation.gov.in/budget/budgetImages/budget%202013-14.pdf
XII,Alandur,NM,2013-2014,BE,30000,300.00,yes,bb2013-14.pdf,58,https://chennaicorporation.gov.in/budget/budgetImages/budget%202013-14.pdf
XIII,Adyar,NN,2013-2014,BE,20000,200.00,yes,bb2013-14.pdf,59,https://chennaicorporation.gov.in/budget/budgetImages/budget%202013-14.pdf
XIV,Perungudi,NP,2013-2014,BE,20000,200.00,yes,bb2013-14.pdf,60,https://chennaicorporation.gov.in/budget/budgetImages/budget%202013-14.pdf
XV,Sholinganallur,NQ,2013-2014,BE,10000,100.00,yes,bb2013-14.pdf,61,https://chennaicorporation.gov.in/budget/budgetImages/budget%202013-14.pdf
I,Thiruvottiyur,NA,2012-2013,ACTUAL,22851,228.51,yes,bb2014-15.pdf,47,https://chennaicorporation.gov.in/budget/budgetImages/budget%202014-15.pdf
II,Manali,NB,2012-2013,ACTUAL,6661,66.61,yes,bb2014-15.pdf,48,https://chennaicorporation.gov.in/budget/budgetImages/budget%202014-15.pdf
III,Madhavaram,NC,2012-2013,ACTUAL,7682,76.82,yes,bb2014-15.pdf,49,https://chennaicorporation.gov.in/budget/budgetImages/budget%202014-15.pdf
IV,Tondiarpet,ND,2012-2013,ACTUAL,8450,84.50,yes,bb2014-15.pdf,50,https://chennaicorporation.gov.in/budget/budgetImages/budget%202014-15.pdf
V,Royapuram,NE,2012-2013,ACTUAL,11892,118.92,yes,bb2014-15.pdf,51,https://chennaicorporation.gov.in/budget/budgetImages/budget%202014-15.pdf
VI,Thiru-Vi-Ka Nagar,NF,2012-2013,ACTUAL,9795,97.95,yes,bb2014-15.pdf,52,https://chennaicorporation.gov.in/budget/budgetImages/budget%202014-15.pdf
VII,Ambattur,NG,2012-2013,ACTUAL,13724,137.24,yes,bb2014-15.pdf,53,https://chennaicorporation.gov.in/budget/budgetImages/budget%202014-15.pdf
VIII,Anna Nagar,NH,2012-2013,ACTUAL,24898,248.98,yes,bb2014-15.pdf,54,https://chennaicorporation.gov.in/budget/budgetImages/budget%202014-15.pdf
IX,Teynampet,NJ,2012-2013,ACTUAL,9978,99.78,yes,bb2014-15.pdf,55,https://chennaicorporation.gov.in/budget/budgetImages/budget%202014-15.pdf
X,Kodambakkam,NK,2012-2013,ACTUAL,14351,143.51,yes,bb2014-15.pdf,56,https://chennaicorporation.gov.in/budget/budgetImages/budget%202014-15.pdf
XI,Valasaravakkam,NL,2012-2013,ACTUAL,54107,541.07,yes,bb2014-15.pdf,57,https://chennaicorporation.gov.in/budget/budgetImages/budget%202014-15.pdf
XII,Alandur,NM,2012-2013,ACTUAL,30339,303.39,yes,bb2014-15.pdf,58,https://chennaicorporation.gov.in/budget/budgetImages/budget%202014-15.pdf
XIII,Adyar,NN,2012-2013,ACTUAL,10534,105.34,yes,bb2014-15.pdf,59,https://chennaicorporation.gov.in/budget/budgetImages/budget%202014-15.pdf
XIV,Perungudi,NP,2012-2013,ACTUAL,23278,232.78,yes,bb2014-15.pdf,60,https://chennaicorporation.gov.in/budget/budgetImages/budget%202014-15.pdf
XV,Sholinganallur,NQ,2012-2013,ACTUAL,3453,34.53,yes,bb2014-15.pdf,61,https://chennaicorporation.gov.in/budget/budgetImages/budget%202014-15.pdf
I,Thiruvottiyur,NA,2013-2014,RE,40000,400.00,yes,bb2014-15.pdf,47,https://chennaicorporation.gov.in/budget/budgetImages/budget%202014-15.pdf
II,Manali,NB,2013-2014,RE,40000,400.00,yes,bb2014-15.pdf,48,https://chennaicorporation.gov.in/budget/budgetImages/budget%202014-15.pdf
III,Madhavaram,NC,2013-2014,RE,20000,200.00,yes,bb2014-15.pdf,49,https://chennaicorporation.gov.in/budget/budgetImages/budget%202014-15.pdf
IV,Tondiarpet,ND,2013-2014,RE,25000,250.00,yes,bb2014-15.pdf,50,https://chennaicorporation.gov.in/budget/budgetImages/budget%202014-15.pdf
V,Royapuram,NE,2013-2014,RE,45000,450.00,yes,bb2014-15.pdf,51,https://chennaicorporation.gov.in/budget/budgetImages/budget%202014-15.pdf
VI,Thiru-Vi-Ka Nagar,NF,2013-2014,RE,18000,180.00,yes,bb2014-15.pdf,52,https://chennaicorporation.gov.in/budget/budgetImages/budget%202014-15.pdf
VII,Ambattur,NG,2013-2014,RE,10000,100.00,yes,bb2014-15.pdf,53,https://chennaicorporation.gov.in/budget/budgetImages/budget%202014-15.pdf
VIII,Anna Nagar,NH,2013-2014,RE,50000,500.00,yes,bb2014-15.pdf,54,https://chennaicorporation.gov.in/budget/budgetImages/budget%202014-15.pdf
IX,Teynampet,NJ,2013-2014,RE,20000,200.00,yes,bb2014-15.pdf,55,https://chennaicorporation.gov.in/budget/budgetImages/budget%202014-15.pdf
X,Kodambakkam,NK,2013-2014,RE,50000,500.00,yes,bb2014-15.pdf,56,https://chennaicorporation.gov.in/budget/budgetImages/budget%202014-15.pdf
XI,Valasaravakkam,NL,2013-2014,RE,80000,800.00,yes,bb2014-15.pdf,57,https://chennaicorporation.gov.in/budget/budgetImages/budget%202014-15.pdf
XII,Alandur,NM,2013-2014,RE,70000,700.00,yes,bb2014-15.pdf,58,https://chennaicorporation.gov.in/budget/budgetImages/budget%202014-15.pdf
XIII,Adyar,NN,2013-2014,RE,10000,100.00,yes,bb2014-15.pdf,59,https://chennaicorporation.gov.in/budget/budgetImages/budget%202014-15.pdf
XIV,Perungudi,NP,2013-2014,RE,80000,800.00,yes,bb2014-15.pdf,60,https://chennaicorporation.gov.in/budget/budgetImages/budget%202014-15.pdf
XV,Sholinganallur,NQ,2013-2014,RE,50000,500.00,yes,bb2014-15.pdf,61,https://chennaicorporation.gov.in/budget/budgetImages/budget%202014-15.pdf
I,Thiruvottiyur,NA,2014-2015,BE,30000,300.00,yes,bb2014-15.pdf,47,https://chennaicorporation.gov.in/budget/budgetImages/budget%202014-15.pdf
II,Manali,NB,2014-2015,BE,35000,350.00,yes,bb2014-15.pdf,48,https://chennaicorporation.gov.in/budget/budgetImages/budget%202014-15.pdf
III,Madhavaram,NC,2014-2015,BE,20000,200.00,yes,bb2014-15.pdf,49,https://chennaicorporation.gov.in/budget/budgetImages/budget%202014-15.pdf
IV,Tondiarpet,ND,2014-2015,BE,20000,200.00,yes,bb2014-15.pdf,50,https://chennaicorporation.gov.in/budget/budgetImages/budget%202014-15.pdf
V,Royapuram,NE,2014-2015,BE,50000,500.00,yes,bb2014-15.pdf,51,https://chennaicorporation.gov.in/budget/budgetImages/budget%202014-15.pdf
VI,Thiru-Vi-Ka Nagar,NF,2014-2015,BE,20000,200.00,yes,bb2014-15.pdf,52,https://chennaicorporation.gov.in/budget/budgetImages/budget%202014-15.pdf
VII,Ambattur,NG,2014-2015,BE,100000,1000.00,yes,bb2014-15.pdf,53,https://chennaicorporation.gov.in/budget/budgetImages/budget%202014-15.pdf
VIII,Anna Nagar,NH,2014-2015,BE,50000,500.00,yes,bb2014-15.pdf,54,https://chennaicorporation.gov.in/budget/budgetImages/budget%202014-15.pdf
IX,Teynampet,NJ,2014-2015,BE,30000,300.00,yes,bb2014-15.pdf,55,https://chennaicorporation.gov.in/budget/budgetImages/budget%202014-15.pdf
X,Kodambakkam,NK,2014-2015,BE,30000,300.00,yes,bb2014-15.pdf,56,https://chennaicorporation.gov.in/budget/budgetImages/budget%202014-15.pdf
XI,Valasaravakkam,NL,2014-2015,BE,50000,500.00,yes,bb2014-15.pdf,57,https://chennaicorporation.gov.in/budget/budgetImages/budget%202014-15.pdf
XII,Alandur,NM,2014-2015,BE,100000,1000.00,yes,bb2014-15.pdf,58,https://chennaicorporation.gov.in/budget/budgetImages/budget%202014-15.pdf
XIII,Adyar,NN,2014-2015,BE,20000,200.00,yes,bb2014-15.pdf,59,https://chennaicorporation.gov.in/budget/budgetImages/budget%202014-15.pdf
XIV,Perungudi,NP,2014-2015,BE,50000,500.00,yes,bb2014-15.pdf,60,https://chennaicorporation.gov.in/budget/budgetImages/budget%202014-15.pdf
XV,Sholinganallur,NQ,2014-2015,BE,50000,500.00,yes,bb2014-15.pdf,61,https://chennaicorporation.gov.in/budget/budgetImages/budget%202014-15.pdf
I,Thiruvottiyur,NA,2013-2014,ACTUAL,41172,411.72,yes,bb2015-16.pdf,47,https://chennaicorporation.gov.in/budget/Budget_2015-16/CONTENT2015-16.pdf
II,Manali,NB,2013-2014,ACTUAL,41345,413.45,yes,bb2015-16.pdf,48,https://chennaicorporation.gov.in/budget/Budget_2015-16/CONTENT2015-16.pdf
III,Madhavaram,NC,2013-2014,ACTUAL,14734,147.34,yes,bb2015-16.pdf,49,https://chennaicorporation.gov.in/budget/Budget_2015-16/CONTENT2015-16.pdf
IV,Tondiarpet,ND,2013-2014,ACTUAL,20158,201.58,yes,bb2015-16.pdf,50,https://chennaicorporation.gov.in/budget/Budget_2015-16/CONTENT2015-16.pdf
V,Royapuram,NE,2013-2014,ACTUAL,31236,312.36,yes,bb2015-16.pdf,51,https://chennaicorporation.gov.in/budget/Budget_2015-16/CONTENT2015-16.pdf
VI,Thiru-Vi-Ka Nagar,NF,2013-2014,ACTUAL,17810,178.10,yes,bb2015-16.pdf,52,https://chennaicorporation.gov.in/budget/Budget_2015-16/CONTENT2015-16.pdf
VII,Ambattur,NG,2013-2014,ACTUAL,6041,60.41,yes,bb2015-16.pdf,53,https://chennaicorporation.gov.in/budget/Budget_2015-16/CONTENT2015-16.pdf
VIII,Anna Nagar,NH,2013-2014,ACTUAL,45615,456.15,yes,bb2015-16.pdf,54,https://chennaicorporation.gov.in/budget/Budget_2015-16/CONTENT2015-16.pdf
IX,Teynampet,NJ,2013-2014,ACTUAL,17214,172.14,yes,bb2015-16.pdf,55,https://chennaicorporation.gov.in/budget/Budget_2015-16/CONTENT2015-16.pdf
X,Kodambakkam,NK,2013-2014,ACTUAL,73620,736.20,yes,bb2015-16.pdf,56,https://chennaicorporation.gov.in/budget/Budget_2015-16/CONTENT2015-16.pdf
XI,Valasaravakkam,NL,2013-2014,ACTUAL,79828,798.28,yes,bb2015-16.pdf,57,https://chennaicorporation.gov.in/budget/Budget_2015-16/CONTENT2015-16.pdf
XII,Alandur,NM,2013-2014,ACTUAL,56756,567.56,yes,bb2015-16.pdf,58,https://chennaicorporation.gov.in/budget/Budget_2015-16/CONTENT2015-16.pdf
XIII,Adyar,NN,2013-2014,ACTUAL,11144,111.44,yes,bb2015-16.pdf,59,https://chennaicorporation.gov.in/budget/Budget_2015-16/CONTENT2015-16.pdf
XIV,Perungudi,NP,2013-2014,ACTUAL,79775,797.75,yes,bb2015-16.pdf,60,https://chennaicorporation.gov.in/budget/Budget_2015-16/CONTENT2015-16.pdf
XV,Sholinganallur,NQ,2013-2014,ACTUAL,30276,302.76,yes,bb2015-16.pdf,61,https://chennaicorporation.gov.in/budget/Budget_2015-16/CONTENT2015-16.pdf
I,Thiruvottiyur,NA,2014-2015,RE,8000,80.00,yes,bb2015-16.pdf,47,https://chennaicorporation.gov.in/budget/Budget_2015-16/CONTENT2015-16.pdf
II,Manali,NB,2014-2015,RE,50000,500.00,yes,bb2015-16.pdf,48,https://chennaicorporation.gov.in/budget/Budget_2015-16/CONTENT2015-16.pdf
III,Madhavaram,NC,2014-2015,RE,17000,170.00,yes,bb2015-16.pdf,49,https://chennaicorporation.gov.in/budget/Budget_2015-16/CONTENT2015-16.pdf
IV,Tondiarpet,ND,2014-2015,RE,50000,500.00,yes,bb2015-16.pdf,50,https://chennaicorporation.gov.in/budget/Budget_2015-16/CONTENT2015-16.pdf
V,Royapuram,NE,2014-2015,RE,50000,500.00,yes,bb2015-16.pdf,51,https://chennaicorporation.gov.in/budget/Budget_2015-16/CONTENT2015-16.pdf
VI,Thiru-Vi-Ka Nagar,NF,2014-2015,RE,25000,250.00,yes,bb2015-16.pdf,52,https://chennaicorporation.gov.in/budget/Budget_2015-16/CONTENT2015-16.pdf
VII,Ambattur,NG,2014-2015,RE,10000,100.00,yes,bb2015-16.pdf,53,https://chennaicorporation.gov.in/budget/Budget_2015-16/CONTENT2015-16.pdf
VIII,Anna Nagar,NH,2014-2015,RE,60000,600.00,yes,bb2015-16.pdf,54,https://chennaicorporation.gov.in/budget/Budget_2015-16/CONTENT2015-16.pdf
IX,Teynampet,NJ,2014-2015,RE,60000,600.00,yes,bb2015-16.pdf,55,https://chennaicorporation.gov.in/budget/Budget_2015-16/CONTENT2015-16.pdf
X,Kodambakkam,NK,2014-2015,RE,90000,900.00,yes,bb2015-16.pdf,56,https://chennaicorporation.gov.in/budget/Budget_2015-16/CONTENT2015-16.pdf
XI,Valasaravakkam,NL,2014-2015,RE,40000,400.00,yes,bb2015-16.pdf,57,https://chennaicorporation.gov.in/budget/Budget_2015-16/CONTENT2015-16.pdf
XII,Alandur,NM,2014-2015,RE,140000,1400.00,yes,bb2015-16.pdf,58,https://chennaicorporation.gov.in/budget/Budget_2015-16/CONTENT2015-16.pdf
XIII,Adyar,NN,2014-2015,RE,25000,250.00,yes,bb2015-16.pdf,59,https://chennaicorporation.gov.in/budget/Budget_2015-16/CONTENT2015-16.pdf
XIV,Perungudi,NP,2014-2015,RE,130000,1300.00,yes,bb2015-16.pdf,60,https://chennaicorporation.gov.in/budget/Budget_2015-16/CONTENT2015-16.pdf
XV,Sholinganallur,NQ,2014-2015,RE,30000,300.00,yes,bb2015-16.pdf,61,https://chennaicorporation.gov.in/budget/Budget_2015-16/CONTENT2015-16.pdf
I,Thiruvottiyur,NA,2015-2016,BE,20000,200.00,yes,bb2015-16.pdf,47,https://chennaicorporation.gov.in/budget/Budget_2015-16/CONTENT2015-16.pdf
II,Manali,NB,2015-2016,BE,20000,200.00,yes,bb2015-16.pdf,48,https://chennaicorporation.gov.in/budget/Budget_2015-16/CONTENT2015-16.pdf
III,Madhavaram,NC,2015-2016,BE,20000,200.00,yes,bb2015-16.pdf,49,https://chennaicorporation.gov.in/budget/Budget_2015-16/CONTENT2015-16.pdf
IV,Tondiarpet,ND,2015-2016,BE,20000,200.00,yes,bb2015-16.pdf,50,https://chennaicorporation.gov.in/budget/Budget_2015-16/CONTENT2015-16.pdf
V,Royapuram,NE,2015-2016,BE,20000,200.00,yes,bb2015-16.pdf,51,https://chennaicorporation.gov.in/budget/Budget_2015-16/CONTENT2015-16.pdf
VI,Thiru-Vi-Ka Nagar,NF,2015-2016,BE,20000,200.00,yes,bb2015-16.pdf,52,https://chennaicorporation.gov.in/budget/Budget_2015-16/CONTENT2015-16.pdf
VII,Ambattur,NG,2015-2016,BE,20000,200.00,yes,bb2015-16.pdf,53,https://chennaicorporation.gov.in/budget/Budget_2015-16/CONTENT2015-16.pdf
VIII,Anna Nagar,NH,2015-2016,BE,20000,200.00,yes,bb2015-16.pdf,54,https://chennaicorporation.gov.in/budget/Budget_2015-16/CONTENT2015-16.pdf
IX,Teynampet,NJ,2015-2016,BE,20000,200.00,yes,bb2015-16.pdf,55,https://chennaicorporation.gov.in/budget/Budget_2015-16/CONTENT2015-16.pdf
X,Kodambakkam,NK,2015-2016,BE,20000,200.00,yes,bb2015-16.pdf,56,https://chennaicorporation.gov.in/budget/Budget_2015-16/CONTENT2015-16.pdf
XI,Valasaravakkam,NL,2015-2016,BE,20000,200.00,yes,bb2015-16.pdf,57,https://chennaicorporation.gov.in/budget/Budget_2015-16/CONTENT2015-16.pdf
XII,Alandur,NM,2015-2016,BE,20000,200.00,yes,bb2015-16.pdf,58,https://chennaicorporation.gov.in/budget/Budget_2015-16/CONTENT2015-16.pdf
XIII,Adyar,NN,2015-2016,BE,20000,200.00,yes,bb2015-16.pdf,59,https://chennaicorporation.gov.in/budget/Budget_2015-16/CONTENT2015-16.pdf
XIV,Perungudi,NP,2015-2016,BE,20000,200.00,yes,bb2015-16.pdf,60,https://chennaicorporation.gov.in/budget/Budget_2015-16/CONTENT2015-16.pdf
XV,Sholinganallur,NQ,2015-2016,BE,20000,200.00,yes,bb2015-16.pdf,61,https://chennaicorporation.gov.in/budget/Budget_2015-16/CONTENT2015-16.pdf
I,Thiruvottiyur,NA,2014-2015,ACTUAL,9652,96.52,yes,be2016-17.pdf,72,https://chennaicorporation.gov.in/budget/Budget_2016-17/Budget%20Estimate%202016-2017.pdf
II,Manali,NB,2014-2015,ACTUAL,35751,357.51,yes,be2016-17.pdf,74,https://chennaicorporation.gov.in/budget/Budget_2016-17/Budget%20Estimate%202016-2017.pdf
III,Madhavaram,NC,2014-2015,ACTUAL,8049,80.49,yes,be2016-17.pdf,76,https://chennaicorporation.gov.in/budget/Budget_2016-17/Budget%20Estimate%202016-2017.pdf
IV,Tondiarpet,ND,2014-2015,ACTUAL,36031,360.31,yes,be2016-17.pdf,78,https://chennaicorporation.gov.in/budget/Budget_2016-17/Budget%20Estimate%202016-2017.pdf
V,Royapuram,NE,2014-2015,ACTUAL,58836,588.36,yes,be2016-17.pdf,80,https://chennaicorporation.gov.in/budget/Budget_2016-17/Budget%20Estimate%202016-2017.pdf
VI,Thiru-Vi-Ka Nagar,NF,2014-2015,ACTUAL,24782,247.82,yes,be2016-17.pdf,82,https://chennaicorporation.gov.in/budget/Budget_2016-17/Budget%20Estimate%202016-2017.pdf
VII,Ambattur,NG,2014-2015,ACTUAL,6094,60.94,yes,be2016-17.pdf,84,https://chennaicorporation.gov.in/budget/Budget_2016-17/Budget%20Estimate%202016-2017.pdf
VIII,Anna Nagar,NH,2014-2015,ACTUAL,41287,412.87,yes,be2016-17.pdf,86,https://chennaicorporation.gov.in/budget/Budget_2016-17/Budget%20Estimate%202016-2017.pdf
IX,Teynampet,NJ,2014-2015,ACTUAL,53117,531.17,yes,be2016-17.pdf,88,https://chennaicorporation.gov.in/budget/Budget_2016-17/Budget%20Estimate%202016-2017.pdf
X,Kodambakkam,NK,2014-2015,ACTUAL,92728,927.28,yes,be2016-17.pdf,90,https://chennaicorporation.gov.in/budget/Budget_2016-17/Budget%20Estimate%202016-2017.pdf
XI,Valasaravakkam,NL,2014-2015,ACTUAL,39195,391.95,yes,be2016-17.pdf,92,https://chennaicorporation.gov.in/budget/Budget_2016-17/Budget%20Estimate%202016-2017.pdf
XII,Alandur,NM,2014-2015,ACTUAL,116765,1167.65,yes,be2016-17.pdf,94,https://chennaicorporation.gov.in/budget/Budget_2016-17/Budget%20Estimate%202016-2017.pdf
XIII,Adyar,NN,2014-2015,ACTUAL,16899,168.99,yes,be2016-17.pdf,96,https://chennaicorporation.gov.in/budget/Budget_2016-17/Budget%20Estimate%202016-2017.pdf
XIV,Perungudi,NP,2014-2015,ACTUAL,129914,1299.14,yes,be2016-17.pdf,98,https://chennaicorporation.gov.in/budget/Budget_2016-17/Budget%20Estimate%202016-2017.pdf
XV,Sholinganallur,NQ,2014-2015,ACTUAL,20501,205.01,yes,be2016-17.pdf,100,https://chennaicorporation.gov.in/budget/Budget_2016-17/Budget%20Estimate%202016-2017.pdf
I,Thiruvottiyur,NA,2015-2016,RE,0,0.00,yes,be2016-17.pdf,72,https://chennaicorporation.gov.in/budget/Budget_2016-17/Budget%20Estimate%202016-2017.pdf
II,Manali,NB,2015-2016,RE,0,0.00,yes,be2016-17.pdf,74,https://chennaicorporation.gov.in/budget/Budget_2016-17/Budget%20Estimate%202016-2017.pdf
III,Madhavaram,NC,2015-2016,RE,0,0.00,yes,be2016-17.pdf,76,https://chennaicorporation.gov.in/budget/Budget_2016-17/Budget%20Estimate%202016-2017.pdf
IV,Tondiarpet,ND,2015-2016,RE,0,0.00,yes,be2016-17.pdf,78,https://chennaicorporation.gov.in/budget/Budget_2016-17/Budget%20Estimate%202016-2017.pdf
V,Royapuram,NE,2015-2016,RE,0,0.00,yes,be2016-17.pdf,80,https://chennaicorporation.gov.in/budget/Budget_2016-17/Budget%20Estimate%202016-2017.pdf
VI,Thiru-Vi-Ka Nagar,NF,2015-2016,RE,0,0.00,yes,be2016-17.pdf,82,https://chennaicorporation.gov.in/budget/Budget_2016-17/Budget%20Estimate%202016-2017.pdf
VII,Ambattur,NG,2015-2016,RE,0,0.00,yes,be2016-17.pdf,84,https://chennaicorporation.gov.in/budget/Budget_2016-17/Budget%20Estimate%202016-2017.pdf
VIII,Anna Nagar,NH,2015-2016,RE,0,0.00,yes,be2016-17.pdf,86,https://chennaicorporation.gov.in/budget/Budget_2016-17/Budget%20Estimate%202016-2017.pdf
IX,Teynampet,NJ,2015-2016,RE,0,0.00,yes,be2016-17.pdf,88,https://chennaicorporation.gov.in/budget/Budget_2016-17/Budget%20Estimate%202016-2017.pdf
X,Kodambakkam,NK,2015-2016,RE,0,0.00,yes,be2016-17.pdf,90,https://chennaicorporation.gov.in/budget/Budget_2016-17/Budget%20Estimate%202016-2017.pdf
XI,Valasaravakkam,NL,2015-2016,RE,0,0.00,yes,be2016-17.pdf,92,https://chennaicorporation.gov.in/budget/Budget_2016-17/Budget%20Estimate%202016-2017.pdf
XII,Alandur,NM,2015-2016,RE,0,0.00,yes,be2016-17.pdf,94,https://chennaicorporation.gov.in/budget/Budget_2016-17/Budget%20Estimate%202016-2017.pdf
XIII,Adyar,NN,2015-2016,RE,0,0.00,yes,be2016-17.pdf,96,https://chennaicorporation.gov.in/budget/Budget_2016-17/Budget%20Estimate%202016-2017.pdf
XIV,Perungudi,NP,2015-2016,RE,0,0.00,yes,be2016-17.pdf,98,https://chennaicorporation.gov.in/budget/Budget_2016-17/Budget%20Estimate%202016-2017.pdf
XV,Sholinganallur,NQ,2015-2016,RE,0,0.00,yes,be2016-17.pdf,100,https://chennaicorporation.gov.in/budget/Budget_2016-17/Budget%20Estimate%202016-2017.pdf
I,Thiruvottiyur,NA,2016-2017,BE,20000,200.00,yes,be2016-17.pdf,72,https://chennaicorporation.gov.in/budget/Budget_2016-17/Budget%20Estimate%202016-2017.pdf
II,Manali,NB,2016-2017,BE,30000,300.00,yes,be2016-17.pdf,74,https://chennaicorporation.gov.in/budget/Budget_2016-17/Budget%20Estimate%202016-2017.pdf
III,Madhavaram,NC,2016-2017,BE,20000,200.00,yes,be2016-17.pdf,76,https://chennaicorporation.gov.in/budget/Budget_2016-17/Budget%20Estimate%202016-2017.pdf
IV,Tondiarpet,ND,2016-2017,BE,60000,600.00,yes,be2016-17.pdf,78,https://chennaicorporation.gov.in/budget/Budget_2016-17/Budget%20Estimate%202016-2017.pdf
V,Royapuram,NE,2016-2017,BE,30000,300.00,yes,be2016-17.pdf,80,https://chennaicorporation.gov.in/budget/Budget_2016-17/Budget%20Estimate%202016-2017.pdf
VI,Thiru-Vi-Ka Nagar,NF,2016-2017,BE,30000,300.00,yes,be2016-17.pdf,82,https://chennaicorporation.gov.in/budget/Budget_2016-17/Budget%20Estimate%202016-2017.pdf
VII,Ambattur,NG,2016-2017,BE,20000,200.00,yes,be2016-17.pdf,84,https://chennaicorporation.gov.in/budget/Budget_2016-17/Budget%20Estimate%202016-2017.pdf
VIII,Anna Nagar,NH,2016-2017,BE,40000,400.00,yes,be2016-17.pdf,86,https://chennaicorporation.gov.in/budget/Budget_2016-17/Budget%20Estimate%202016-2017.pdf
IX,Teynampet,NJ,2016-2017,BE,40000,400.00,yes,be2016-17.pdf,88,https://chennaicorporation.gov.in/budget/Budget_2016-17/Budget%20Estimate%202016-2017.pdf
X,Kodambakkam,NK,2016-2017,BE,30000,300.00,yes,be2016-17.pdf,90,https://chennaicorporation.gov.in/budget/Budget_2016-17/Budget%20Estimate%202016-2017.pdf
XI,Valasaravakkam,NL,2016-2017,BE,30000,300.00,yes,be2016-17.pdf,92,https://chennaicorporation.gov.in/budget/Budget_2016-17/Budget%20Estimate%202016-2017.pdf
XII,Alandur,NM,2016-2017,BE,40000,400.00,yes,be2016-17.pdf,94,https://chennaicorporation.gov.in/budget/Budget_2016-17/Budget%20Estimate%202016-2017.pdf
XIII,Adyar,NN,2016-2017,BE,30000,300.00,yes,be2016-17.pdf,96,https://chennaicorporation.gov.in/budget/Budget_2016-17/Budget%20Estimate%202016-2017.pdf
XIV,Perungudi,NP,2016-2017,BE,30000,300.00,yes,be2016-17.pdf,98,https://chennaicorporation.gov.in/budget/Budget_2016-17/Budget%20Estimate%202016-2017.pdf
XV,Sholinganallur,NQ,2016-2017,BE,30000,300.00,yes,be2016-17.pdf,100,https://chennaicorporation.gov.in/budget/Budget_2016-17/Budget%20Estimate%202016-2017.pdf
I,Thiruvottiyur,NA,2015-2016,ACTUAL,14250,142.50,yes,cap2017-18.pdf,52,https://chennaicorporation.gov.in/budget/Budget_2017-18/capital.pdf
II,Manali,NB,2015-2016,ACTUAL,24785,247.85,yes,cap2017-18.pdf,54,https://chennaicorporation.gov.in/budget/Budget_2017-18/capital.pdf
III,Madhavaram,NC,2015-2016,ACTUAL,31280,312.80,yes,cap2017-18.pdf,56,https://chennaicorporation.gov.in/budget/Budget_2017-18/capital.pdf
IV,Tondiarpet,ND,2015-2016,ACTUAL,51448,514.48,yes,cap2017-18.pdf,58,https://chennaicorporation.gov.in/budget/Budget_2017-18/capital.pdf
V,Royapuram,NE,2015-2016,ACTUAL,46785,467.85,yes,cap2017-18.pdf,60,https://chennaicorporation.gov.in/budget/Budget_2017-18/capital.pdf
VI,Thiru-Vi-Ka Nagar,NF,2015-2016,ACTUAL,29600,296.00,yes,cap2017-18.pdf,63,https://chennaicorporation.gov.in/budget/Budget_2017-18/capital.pdf
VII,Ambattur,NG,2015-2016,ACTUAL,9034,90.34,yes,cap2017-18.pdf,66,https://chennaicorporation.gov.in/budget/Budget_2017-18/capital.pdf
VIII,Anna Nagar,NH,2015-2016,ACTUAL,40016,400.16,yes,cap2017-18.pdf,68,https://chennaicorporation.gov.in/budget/Budget_2017-18/capital.pdf
IX,Teynampet,NJ,2015-2016,ACTUAL,38030,380.30,yes,cap2017-18.pdf,70,https://chennaicorporation.gov.in/budget/Budget_2017-18/capital.pdf
X,Kodambakkam,NK,2015-2016,ACTUAL,19973,199.73,yes,cap2017-18.pdf,72,https://chennaicorporation.gov.in/budget/Budget_2017-18/capital.pdf
XI,Valasaravakkam,NL,2015-2016,ACTUAL,28599,285.99,yes,cap2017-18.pdf,74,https://chennaicorporation.gov.in/budget/Budget_2017-18/capital.pdf
XII,Alandur,NM,2015-2016,ACTUAL,39199,391.99,yes,cap2017-18.pdf,76,https://chennaicorporation.gov.in/budget/Budget_2017-18/capital.pdf
XIII,Adyar,NN,2015-2016,ACTUAL,32866,328.66,yes,cap2017-18.pdf,78,https://chennaicorporation.gov.in/budget/Budget_2017-18/capital.pdf
XIV,Perungudi,NP,2015-2016,ACTUAL,34825,348.25,yes,cap2017-18.pdf,80,https://chennaicorporation.gov.in/budget/Budget_2017-18/capital.pdf
XV,Sholinganallur,NQ,2015-2016,ACTUAL,24912,249.12,yes,cap2017-18.pdf,82,https://chennaicorporation.gov.in/budget/Budget_2017-18/capital.pdf
I,Thiruvottiyur,NA,2016-2017,RE,20000,200.00,yes,cap2017-18.pdf,52,https://chennaicorporation.gov.in/budget/Budget_2017-18/capital.pdf
II,Manali,NB,2016-2017,RE,40000,400.00,yes,cap2017-18.pdf,54,https://chennaicorporation.gov.in/budget/Budget_2017-18/capital.pdf
III,Madhavaram,NC,2016-2017,RE,30000,300.00,yes,cap2017-18.pdf,56,https://chennaicorporation.gov.in/budget/Budget_2017-18/capital.pdf
IV,Tondiarpet,ND,2016-2017,RE,60000,600.00,yes,cap2017-18.pdf,58,https://chennaicorporation.gov.in/budget/Budget_2017-18/capital.pdf
V,Royapuram,NE,2016-2017,RE,50000,500.00,yes,cap2017-18.pdf,60,https://chennaicorporation.gov.in/budget/Budget_2017-18/capital.pdf
VI,Thiru-Vi-Ka Nagar,NF,2016-2017,RE,30000,300.00,yes,cap2017-18.pdf,63,https://chennaicorporation.gov.in/budget/Budget_2017-18/capital.pdf
VII,Ambattur,NG,2016-2017,RE,20000,200.00,yes,cap2017-18.pdf,66,https://chennaicorporation.gov.in/budget/Budget_2017-18/capital.pdf
VIII,Anna Nagar,NH,2016-2017,RE,80000,800.00,yes,cap2017-18.pdf,68,https://chennaicorporation.gov.in/budget/Budget_2017-18/capital.pdf
IX,Teynampet,NJ,2016-2017,RE,60000,600.00,yes,cap2017-18.pdf,70,https://chennaicorporation.gov.in/budget/Budget_2017-18/capital.pdf
X,Kodambakkam,NK,2016-2017,RE,50000,500.00,yes,cap2017-18.pdf,72,https://chennaicorporation.gov.in/budget/Budget_2017-18/capital.pdf
XI,Valasaravakkam,NL,2016-2017,RE,30000,300.00,yes,cap2017-18.pdf,74,https://chennaicorporation.gov.in/budget/Budget_2017-18/capital.pdf
XII,Alandur,NM,2016-2017,RE,60000,600.00,yes,cap2017-18.pdf,76,https://chennaicorporation.gov.in/budget/Budget_2017-18/capital.pdf
XIII,Adyar,NN,2016-2017,RE,30000,300.00,yes,cap2017-18.pdf,78,https://chennaicorporation.gov.in/budget/Budget_2017-18/capital.pdf
XIV,Perungudi,NP,2016-2017,RE,50000,500.00,yes,cap2017-18.pdf,80,https://chennaicorporation.gov.in/budget/Budget_2017-18/capital.pdf
XV,Sholinganallur,NQ,2016-2017,RE,50000,500.00,yes,cap2017-18.pdf,82,https://chennaicorporation.gov.in/budget/Budget_2017-18/capital.pdf
I,Thiruvottiyur,NA,2017-2018,BE,20000,200.00,yes,cap2017-18.pdf,52,https://chennaicorporation.gov.in/budget/Budget_2017-18/capital.pdf
II,Manali,NB,2017-2018,BE,22500,225.00,yes,cap2017-18.pdf,54,https://chennaicorporation.gov.in/budget/Budget_2017-18/capital.pdf
III,Madhavaram,NC,2017-2018,BE,7500,75.00,yes,cap2017-18.pdf,56,https://chennaicorporation.gov.in/budget/Budget_2017-18/capital.pdf
IV,Tondiarpet,ND,2017-2018,BE,15000,150.00,yes,cap2017-18.pdf,58,https://chennaicorporation.gov.in/budget/Budget_2017-18/capital.pdf
V,Royapuram,NE,2017-2018,BE,10000,100.00,yes,cap2017-18.pdf,60,https://chennaicorporation.gov.in/budget/Budget_2017-18/capital.pdf
VI,Thiru-Vi-Ka Nagar,NF,2017-2018,BE,89100,891.00,yes,cap2017-18.pdf,63,https://chennaicorporation.gov.in/budget/Budget_2017-18/capital.pdf
VII,Ambattur,NG,2017-2018,BE,24500,245.00,yes,cap2017-18.pdf,66,https://chennaicorporation.gov.in/budget/Budget_2017-18/capital.pdf
VIII,Anna Nagar,NH,2017-2018,BE,250000,2500.00,yes,cap2017-18.pdf,68,https://chennaicorporation.gov.in/budget/Budget_2017-18/capital.pdf
IX,Teynampet,NJ,2017-2018,BE,150000,1500.00,yes,cap2017-18.pdf,70,https://chennaicorporation.gov.in/budget/Budget_2017-18/capital.pdf
X,Kodambakkam,NK,2017-2018,BE,55000,550.00,yes,cap2017-18.pdf,72,https://chennaicorporation.gov.in/budget/Budget_2017-18/capital.pdf
XI,Valasaravakkam,NL,2017-2018,BE,13000,130.00,yes,cap2017-18.pdf,74,https://chennaicorporation.gov.in/budget/Budget_2017-18/capital.pdf
XII,Alandur,NM,2017-2018,BE,15000,150.00,yes,cap2017-18.pdf,76,https://chennaicorporation.gov.in/budget/Budget_2017-18/capital.pdf
XIII,Adyar,NN,2017-2018,BE,10000,100.00,yes,cap2017-18.pdf,78,https://chennaicorporation.gov.in/budget/Budget_2017-18/capital.pdf
XIV,Perungudi,NP,2017-2018,BE,15000,150.00,yes,cap2017-18.pdf,80,https://chennaicorporation.gov.in/budget/Budget_2017-18/capital.pdf
XV,Sholinganallur,NQ,2017-2018,BE,10000,100.00,yes,cap2017-18.pdf,82,https://chennaicorporation.gov.in/budget/Budget_2017-18/capital.pdf
I,Thiruvottiyur,NA,2016-2017,ACTUAL,19625,196.25,yes,cap2018-19.pdf,53,https://chennaicorporation.gov.in/budget/Budget_2018-19/CAPITAL.pdf
II,Manali,NB,2016-2017,ACTUAL,37369,373.69,yes,cap2018-19.pdf,55,https://chennaicorporation.gov.in/budget/Budget_2018-19/CAPITAL.pdf
III,Madhavaram,NC,2016-2017,ACTUAL,24810,248.10,yes,cap2018-19.pdf,57,https://chennaicorporation.gov.in/budget/Budget_2018-19/CAPITAL.pdf
IV,Tondiarpet,ND,2016-2017,ACTUAL,59939,599.39,yes,cap2018-19.pdf,59,https://chennaicorporation.gov.in/budget/Budget_2018-19/CAPITAL.pdf
V,Royapuram,NE,2016-2017,ACTUAL,43144,431.44,yes,cap2018-19.pdf,61,https://chennaicorporation.gov.in/budget/Budget_2018-19/CAPITAL.pdf
VI,Thiru-Vi-Ka Nagar,NF,2016-2017,ACTUAL,27099,270.99,yes,cap2018-19.pdf,63,https://chennaicorporation.gov.in/budget/Budget_2018-19/CAPITAL.pdf
VII,Ambattur,NG,2016-2017,ACTUAL,9785,97.85,yes,cap2018-19.pdf,65,https://chennaicorporation.gov.in/budget/Budget_2018-19/CAPITAL.pdf
VIII,Anna Nagar,NH,2016-2017,ACTUAL,79940,799.40,yes,cap2018-19.pdf,67,https://chennaicorporation.gov.in/budget/Budget_2018-19/CAPITAL.pdf
IX,Teynampet,NJ,2016-2017,ACTUAL,58697,586.97,yes,cap2018-19.pdf,69,https://chennaicorporation.gov.in/budget/Budget_2018-19/CAPITAL.pdf
X,Kodambakkam,NK,2016-2017,ACTUAL,49293,492.93,yes,cap2018-19.pdf,71,https://chennaicorporation.gov.in/budget/Budget_2018-19/CAPITAL.pdf
XI,Valasaravakkam,NL,2016-2017,ACTUAL,29387,293.87,yes,cap2018-19.pdf,73,https://chennaicorporation.gov.in/budget/Budget_2018-19/CAPITAL.pdf
XII,Alandur,NM,2016-2017,ACTUAL,57826,578.26,yes,cap2018-19.pdf,75,https://chennaicorporation.gov.in/budget/Budget_2018-19/CAPITAL.pdf
XIII,Adyar,NN,2016-2017,ACTUAL,29994,299.94,yes,cap2018-19.pdf,77,https://chennaicorporation.gov.in/budget/Budget_2018-19/CAPITAL.pdf
XIV,Perungudi,NP,2016-2017,ACTUAL,39206,392.06,yes,cap2018-19.pdf,79,https://chennaicorporation.gov.in/budget/Budget_2018-19/CAPITAL.pdf
XV,Sholinganallur,NQ,2016-2017,ACTUAL,30081,300.81,yes,cap2018-19.pdf,81,https://chennaicorporation.gov.in/budget/Budget_2018-19/CAPITAL.pdf
I,Thiruvottiyur,NA,2017-2018,RE,9000,90.00,yes,cap2018-19.pdf,53,https://chennaicorporation.gov.in/budget/Budget_2018-19/CAPITAL.pdf
II,Manali,NB,2017-2018,RE,7500,75.00,yes,cap2018-19.pdf,55,https://chennaicorporation.gov.in/budget/Budget_2018-19/CAPITAL.pdf
III,Madhavaram,NC,2017-2018,RE,7500,75.00,yes,cap2018-19.pdf,57,https://chennaicorporation.gov.in/budget/Budget_2018-19/CAPITAL.pdf
IV,Tondiarpet,ND,2017-2018,RE,30000,300.00,yes,cap2018-19.pdf,59,https://chennaicorporation.gov.in/budget/Budget_2018-19/CAPITAL.pdf
V,Royapuram,NE,2017-2018,RE,20000,200.00,yes,cap2018-19.pdf,61,https://chennaicorporation.gov.in/budget/Budget_2018-19/CAPITAL.pdf
VI,Thiru-Vi-Ka Nagar,NF,2017-2018,RE,45000,450.00,yes,cap2018-19.pdf,63,https://chennaicorporation.gov.in/budget/Budget_2018-19/CAPITAL.pdf
VII,Ambattur,NG,2017-2018,RE,10000,100.00,yes,cap2018-19.pdf,65,https://chennaicorporation.gov.in/budget/Budget_2018-19/CAPITAL.pdf
VIII,Anna Nagar,NH,2017-2018,RE,90000,900.00,yes,cap2018-19.pdf,67,https://chennaicorporation.gov.in/budget/Budget_2018-19/CAPITAL.pdf
IX,Teynampet,NJ,2017-2018,RE,60000,600.00,yes,cap2018-19.pdf,69,https://chennaicorporation.gov.in/budget/Budget_2018-19/CAPITAL.pdf
X,Kodambakkam,NK,2017-2018,RE,70000,700.00,yes,cap2018-19.pdf,71,https://chennaicorporation.gov.in/budget/Budget_2018-19/CAPITAL.pdf
XI,Valasaravakkam,NL,2017-2018,RE,70000,700.00,yes,cap2018-19.pdf,73,https://chennaicorporation.gov.in/budget/Budget_2018-19/CAPITAL.pdf
XII,Alandur,NM,2017-2018,RE,17500,175.00,yes,cap2018-19.pdf,75,https://chennaicorporation.gov.in/budget/Budget_2018-19/CAPITAL.pdf
XIII,Adyar,NN,2017-2018,RE,75000,750.00,yes,cap2018-19.pdf,77,https://chennaicorporation.gov.in/budget/Budget_2018-19/CAPITAL.pdf
XIV,Perungudi,NP,2017-2018,RE,80000,800.00,yes,cap2018-19.pdf,79,https://chennaicorporation.gov.in/budget/Budget_2018-19/CAPITAL.pdf
XV,Sholinganallur,NQ,2017-2018,RE,12000,120.00,yes,cap2018-19.pdf,81,https://chennaicorporation.gov.in/budget/Budget_2018-19/CAPITAL.pdf
I,Thiruvottiyur,NA,2018-2019,BE,20000,200.00,yes,cap2018-19.pdf,53,https://chennaicorporation.gov.in/budget/Budget_2018-19/CAPITAL.pdf
II,Manali,NB,2018-2019,BE,10000,100.00,yes,cap2018-19.pdf,55,https://chennaicorporation.gov.in/budget/Budget_2018-19/CAPITAL.pdf
III,Madhavaram,NC,2018-2019,BE,30000,300.00,yes,cap2018-19.pdf,57,https://chennaicorporation.gov.in/budget/Budget_2018-19/CAPITAL.pdf
IV,Tondiarpet,ND,2018-2019,BE,20000,200.00,yes,cap2018-19.pdf,59,https://chennaicorporation.gov.in/budget/Budget_2018-19/CAPITAL.pdf
V,Royapuram,NE,2018-2019,BE,30000,300.00,yes,cap2018-19.pdf,61,https://chennaicorporation.gov.in/budget/Budget_2018-19/CAPITAL.pdf
VI,Thiru-Vi-Ka Nagar,NF,2018-2019,BE,45000,450.00,yes,cap2018-19.pdf,63,https://chennaicorporation.gov.in/budget/Budget_2018-19/CAPITAL.pdf
VII,Ambattur,NG,2018-2019,BE,0,0.00,yes,cap2018-19.pdf,65,https://chennaicorporation.gov.in/budget/Budget_2018-19/CAPITAL.pdf
VIII,Anna Nagar,NH,2018-2019,BE,50000,500.00,yes,cap2018-19.pdf,67,https://chennaicorporation.gov.in/budget/Budget_2018-19/CAPITAL.pdf
IX,Teynampet,NJ,2018-2019,BE,20000,200.00,yes,cap2018-19.pdf,69,https://chennaicorporation.gov.in/budget/Budget_2018-19/CAPITAL.pdf
X,Kodambakkam,NK,2018-2019,BE,40000,400.00,yes,cap2018-19.pdf,71,https://chennaicorporation.gov.in/budget/Budget_2018-19/CAPITAL.pdf
XI,Valasaravakkam,NL,2018-2019,BE,10000,100.00,yes,cap2018-19.pdf,73,https://chennaicorporation.gov.in/budget/Budget_2018-19/CAPITAL.pdf
XII,Alandur,NM,2018-2019,BE,20000,200.00,yes,cap2018-19.pdf,75,https://chennaicorporation.gov.in/budget/Budget_2018-19/CAPITAL.pdf
XIII,Adyar,NN,2018-2019,BE,10000,100.00,yes,cap2018-19.pdf,77,https://chennaicorporation.gov.in/budget/Budget_2018-19/CAPITAL.pdf
XIV,Perungudi,NP,2018-2019,BE,20000,200.00,yes,cap2018-19.pdf,79,https://chennaicorporation.gov.in/budget/Budget_2018-19/CAPITAL.pdf
XV,Sholinganallur,NQ,2018-2019,BE,20000,200.00,yes,cap2018-19.pdf,81,https://chennaicorporation.gov.in/budget/Budget_2018-19/CAPITAL.pdf
I,Thiruvottiyur,NA,2017-2018,ACTUAL,1090,10.90,yes,glance2019-20.pdf,50,https://chennaicorporation.gov.in/budget/Budget_2019-20/Budget_at_glance.pdf
II,Manali,NB,2017-2018,ACTUAL,5151,51.51,yes,glance2019-20.pdf,52,https://chennaicorporation.gov.in/budget/Budget_2019-20/Budget_at_glance.pdf
III,Madhavaram,NC,2017-2018,ACTUAL,7490,74.90,yes,glance2019-20.pdf,54,https://chennaicorporation.gov.in/budget/Budget_2019-20/Budget_at_glance.pdf
IV,Tondiarpet,ND,2017-2018,ACTUAL,30456,304.56,yes,glance2019-20.pdf,56,https://chennaicorporation.gov.in/budget/Budget_2019-20/Budget_at_glance.pdf
V,Royapuram,NE,2017-2018,ACTUAL,14735,147.35,yes,glance2019-20.pdf,58,https://chennaicorporation.gov.in/budget/Budget_2019-20/Budget_at_glance.pdf
VI,Thiru-Vi-Ka Nagar,NF,2017-2018,ACTUAL,15345,153.45,yes,glance2019-20.pdf,60,https://chennaicorporation.gov.in/budget/Budget_2019-20/Budget_at_glance.pdf
VII,Ambattur,NG,2017-2018,ACTUAL,0,0.00,no,glance2019-20.pdf,,https://chennaicorporation.gov.in/budget/Budget_2019-20/Budget_at_glance.pdf
VIII,Anna Nagar,NH,2017-2018,ACTUAL,70764,707.64,yes,glance2019-20.pdf,64,https://chennaicorporation.gov.in/budget/Budget_2019-20/Budget_at_glance.pdf
IX,Teynampet,NJ,2017-2018,ACTUAL,46231,462.31,yes,glance2019-20.pdf,66,https://chennaicorporation.gov.in/budget/Budget_2019-20/Budget_at_glance.pdf
X,Kodambakkam,NK,2017-2018,ACTUAL,46351,463.51,yes,glance2019-20.pdf,68,https://chennaicorporation.gov.in/budget/Budget_2019-20/Budget_at_glance.pdf
XI,Valasaravakkam,NL,2017-2018,ACTUAL,58793,587.93,yes,glance2019-20.pdf,71,https://chennaicorporation.gov.in/budget/Budget_2019-20/Budget_at_glance.pdf
XII,Alandur,NM,2017-2018,ACTUAL,13455,134.55,yes,glance2019-20.pdf,73,https://chennaicorporation.gov.in/budget/Budget_2019-20/Budget_at_glance.pdf
XIII,Adyar,NN,2017-2018,ACTUAL,55506,555.06,yes,glance2019-20.pdf,75,https://chennaicorporation.gov.in/budget/Budget_2019-20/Budget_at_glance.pdf
XIV,Perungudi,NP,2017-2018,ACTUAL,15594,155.94,yes,glance2019-20.pdf,77,https://chennaicorporation.gov.in/budget/Budget_2019-20/Budget_at_glance.pdf
XV,Sholinganallur,NQ,2017-2018,ACTUAL,11643,116.43,yes,glance2019-20.pdf,79,https://chennaicorporation.gov.in/budget/Budget_2019-20/Budget_at_glance.pdf
I,Thiruvottiyur,NA,2018-2019,RE,3000,30.00,yes,glance2019-20.pdf,50,https://chennaicorporation.gov.in/budget/Budget_2019-20/Budget_at_glance.pdf
II,Manali,NB,2018-2019,RE,5000,50.00,yes,glance2019-20.pdf,52,https://chennaicorporation.gov.in/budget/Budget_2019-20/Budget_at_glance.pdf
III,Madhavaram,NC,2018-2019,RE,30000,300.00,yes,glance2019-20.pdf,54,https://chennaicorporation.gov.in/budget/Budget_2019-20/Budget_at_glance.pdf
IV,Tondiarpet,ND,2018-2019,RE,20000,200.00,yes,glance2019-20.pdf,56,https://chennaicorporation.gov.in/budget/Budget_2019-20/Budget_at_glance.pdf
V,Royapuram,NE,2018-2019,RE,20000,200.00,yes,glance2019-20.pdf,58,https://chennaicorporation.gov.in/budget/Budget_2019-20/Budget_at_glance.pdf
VI,Thiru-Vi-Ka Nagar,NF,2018-2019,RE,40000,400.00,yes,glance2019-20.pdf,60,https://chennaicorporation.gov.in/budget/Budget_2019-20/Budget_at_glance.pdf
VII,Ambattur,NG,2018-2019,RE,0,0.00,no,glance2019-20.pdf,,https://chennaicorporation.gov.in/budget/Budget_2019-20/Budget_at_glance.pdf
VIII,Anna Nagar,NH,2018-2019,RE,5000,50.00,yes,glance2019-20.pdf,64,https://chennaicorporation.gov.in/budget/Budget_2019-20/Budget_at_glance.pdf
IX,Teynampet,NJ,2018-2019,RE,10000,100.00,yes,glance2019-20.pdf,66,https://chennaicorporation.gov.in/budget/Budget_2019-20/Budget_at_glance.pdf
X,Kodambakkam,NK,2018-2019,RE,40000,400.00,yes,glance2019-20.pdf,68,https://chennaicorporation.gov.in/budget/Budget_2019-20/Budget_at_glance.pdf
XI,Valasaravakkam,NL,2018-2019,RE,7000,70.00,yes,glance2019-20.pdf,71,https://chennaicorporation.gov.in/budget/Budget_2019-20/Budget_at_glance.pdf
XII,Alandur,NM,2018-2019,RE,10000,100.00,yes,glance2019-20.pdf,73,https://chennaicorporation.gov.in/budget/Budget_2019-20/Budget_at_glance.pdf
XIII,Adyar,NN,2018-2019,RE,7500,75.00,yes,glance2019-20.pdf,75,https://chennaicorporation.gov.in/budget/Budget_2019-20/Budget_at_glance.pdf
XIV,Perungudi,NP,2018-2019,RE,1000,10.00,yes,glance2019-20.pdf,77,https://chennaicorporation.gov.in/budget/Budget_2019-20/Budget_at_glance.pdf
XV,Sholinganallur,NQ,2018-2019,RE,3000,30.00,yes,glance2019-20.pdf,79,https://chennaicorporation.gov.in/budget/Budget_2019-20/Budget_at_glance.pdf
I,Thiruvottiyur,NA,2019-2020,BE,20000,200.00,yes,glance2019-20.pdf,50,https://chennaicorporation.gov.in/budget/Budget_2019-20/Budget_at_glance.pdf
II,Manali,NB,2019-2020,BE,20000,200.00,yes,glance2019-20.pdf,52,https://chennaicorporation.gov.in/budget/Budget_2019-20/Budget_at_glance.pdf
III,Madhavaram,NC,2019-2020,BE,20000,200.00,yes,glance2019-20.pdf,54,https://chennaicorporation.gov.in/budget/Budget_2019-20/Budget_at_glance.pdf
IV,Tondiarpet,ND,2019-2020,BE,20000,200.00,yes,glance2019-20.pdf,56,https://chennaicorporation.gov.in/budget/Budget_2019-20/Budget_at_glance.pdf
V,Royapuram,NE,2019-2020,BE,20000,200.00,yes,glance2019-20.pdf,58,https://chennaicorporation.gov.in/budget/Budget_2019-20/Budget_at_glance.pdf
VI,Thiru-Vi-Ka Nagar,NF,2019-2020,BE,20000,200.00,yes,glance2019-20.pdf,60,https://chennaicorporation.gov.in/budget/Budget_2019-20/Budget_at_glance.pdf
VII,Ambattur,NG,2019-2020,BE,0,0.00,no,glance2019-20.pdf,,https://chennaicorporation.gov.in/budget/Budget_2019-20/Budget_at_glance.pdf
VIII,Anna Nagar,NH,2019-2020,BE,20000,200.00,yes,glance2019-20.pdf,64,https://chennaicorporation.gov.in/budget/Budget_2019-20/Budget_at_glance.pdf
IX,Teynampet,NJ,2019-2020,BE,20000,200.00,yes,glance2019-20.pdf,66,https://chennaicorporation.gov.in/budget/Budget_2019-20/Budget_at_glance.pdf
X,Kodambakkam,NK,2019-2020,BE,20000,200.00,yes,glance2019-20.pdf,68,https://chennaicorporation.gov.in/budget/Budget_2019-20/Budget_at_glance.pdf
XI,Valasaravakkam,NL,2019-2020,BE,20000,200.00,yes,glance2019-20.pdf,71,https://chennaicorporation.gov.in/budget/Budget_2019-20/Budget_at_glance.pdf
XII,Alandur,NM,2019-2020,BE,20000,200.00,yes,glance2019-20.pdf,73,https://chennaicorporation.gov.in/budget/Budget_2019-20/Budget_at_glance.pdf
XIII,Adyar,NN,2019-2020,BE,20000,200.00,yes,glance2019-20.pdf,75,https://chennaicorporation.gov.in/budget/Budget_2019-20/Budget_at_glance.pdf
XIV,Perungudi,NP,2019-2020,BE,20000,200.00,yes,glance2019-20.pdf,77,https://chennaicorporation.gov.in/budget/Budget_2019-20/Budget_at_glance.pdf
XV,Sholinganallur,NQ,2019-2020,BE,20000,200.00,yes,glance2019-20.pdf,79,https://chennaicorporation.gov.in/budget/Budget_2019-20/Budget_at_glance.pdf
I,Thiruvottiyur,NA,2018-2019,ACTUAL,2039,20.39,yes,cap2020-21.pdf,47,https://chennaicorporation.gov.in/budget/Budget_2020-21/Capital.pdf
II,Manali,NB,2018-2019,ACTUAL,4866,48.66,yes,cap2020-21.pdf,49,https://chennaicorporation.gov.in/budget/Budget_2020-21/Capital.pdf
III,Madhavaram,NC,2018-2019,ACTUAL,27739,277.39,yes,cap2020-21.pdf,51,https://chennaicorporation.gov.in/budget/Budget_2020-21/Capital.pdf
IV,Tondiarpet,ND,2018-2019,ACTUAL,17795,177.95,yes,cap2020-21.pdf,53,https://chennaicorporation.gov.in/budget/Budget_2020-21/Capital.pdf
V,Royapuram,NE,2018-2019,ACTUAL,21211,212.11,yes,cap2020-21.pdf,55,https://chennaicorporation.gov.in/budget/Budget_2020-21/Capital.pdf
VI,Thiru-Vi-Ka Nagar,NF,2018-2019,ACTUAL,35479,354.79,yes,cap2020-21.pdf,57,https://chennaicorporation.gov.in/budget/Budget_2020-21/Capital.pdf
VII,Ambattur,NG,2018-2019,ACTUAL,0,0.00,no,cap2020-21.pdf,,https://chennaicorporation.gov.in/budget/Budget_2020-21/Capital.pdf
VIII,Anna Nagar,NH,2018-2019,ACTUAL,953,9.53,yes,cap2020-21.pdf,61,https://chennaicorporation.gov.in/budget/Budget_2020-21/Capital.pdf
IX,Teynampet,NJ,2018-2019,ACTUAL,5884,58.84,yes,cap2020-21.pdf,63,https://chennaicorporation.gov.in/budget/Budget_2020-21/Capital.pdf
X,Kodambakkam,NK,2018-2019,ACTUAL,41890,418.90,yes,cap2020-21.pdf,65,https://chennaicorporation.gov.in/budget/Budget_2020-21/Capital.pdf
XI,Valasaravakkam,NL,2018-2019,ACTUAL,6071,60.71,yes,cap2020-21.pdf,67,https://chennaicorporation.gov.in/budget/Budget_2020-21/Capital.pdf
XII,Alandur,NM,2018-2019,ACTUAL,8810,88.10,yes,cap2020-21.pdf,69,https://chennaicorporation.gov.in/budget/Budget_2020-21/Capital.pdf
XIII,Adyar,NN,2018-2019,ACTUAL,8221,82.21,yes,cap2020-21.pdf,71,https://chennaicorporation.gov.in/budget/Budget_2020-21/Capital.pdf
XIV,Perungudi,NP,2018-2019,ACTUAL,742,7.42,yes,cap2020-21.pdf,73,https://chennaicorporation.gov.in/budget/Budget_2020-21/Capital.pdf
XV,Sholinganallur,NQ,2018-2019,ACTUAL,0,0.00,yes,cap2020-21.pdf,75,https://chennaicorporation.gov.in/budget/Budget_2020-21/Capital.pdf
I,Thiruvottiyur,NA,2019-2020,RE,5000,50.00,yes,cap2020-21.pdf,47,https://chennaicorporation.gov.in/budget/Budget_2020-21/Capital.pdf
II,Manali,NB,2019-2020,RE,10000,100.00,yes,cap2020-21.pdf,49,https://chennaicorporation.gov.in/budget/Budget_2020-21/Capital.pdf
III,Madhavaram,NC,2019-2020,RE,5000,50.00,yes,cap2020-21.pdf,51,https://chennaicorporation.gov.in/budget/Budget_2020-21/Capital.pdf
IV,Tondiarpet,ND,2019-2020,RE,10000,100.00,yes,cap2020-21.pdf,53,https://chennaicorporation.gov.in/budget/Budget_2020-21/Capital.pdf
V,Royapuram,NE,2019-2020,RE,22000,220.00,yes,cap2020-21.pdf,55,https://chennaicorporation.gov.in/budget/Budget_2020-21/Capital.pdf
VI,Thiru-Vi-Ka Nagar,NF,2019-2020,RE,20000,200.00,yes,cap2020-21.pdf,57,https://chennaicorporation.gov.in/budget/Budget_2020-21/Capital.pdf
VII,Ambattur,NG,2019-2020,RE,0,0.00,no,cap2020-21.pdf,,https://chennaicorporation.gov.in/budget/Budget_2020-21/Capital.pdf
VIII,Anna Nagar,NH,2019-2020,RE,5000,50.00,yes,cap2020-21.pdf,61,https://chennaicorporation.gov.in/budget/Budget_2020-21/Capital.pdf
IX,Teynampet,NJ,2019-2020,RE,5000,50.00,yes,cap2020-21.pdf,63,https://chennaicorporation.gov.in/budget/Budget_2020-21/Capital.pdf
X,Kodambakkam,NK,2019-2020,RE,15000,150.00,yes,cap2020-21.pdf,65,https://chennaicorporation.gov.in/budget/Budget_2020-21/Capital.pdf
XI,Valasaravakkam,NL,2019-2020,RE,7500,75.00,yes,cap2020-21.pdf,67,https://chennaicorporation.gov.in/budget/Budget_2020-21/Capital.pdf
XII,Alandur,NM,2019-2020,RE,1500,15.00,yes,cap2020-21.pdf,69,https://chennaicorporation.gov.in/budget/Budget_2020-21/Capital.pdf
XIII,Adyar,NN,2019-2020,RE,30000,300.00,yes,cap2020-21.pdf,71,https://chennaicorporation.gov.in/budget/Budget_2020-21/Capital.pdf
XIV,Perungudi,NP,2019-2020,RE,5000,50.00,yes,cap2020-21.pdf,73,https://chennaicorporation.gov.in/budget/Budget_2020-21/Capital.pdf
XV,Sholinganallur,NQ,2019-2020,RE,4100,41.00,yes,cap2020-21.pdf,75,https://chennaicorporation.gov.in/budget/Budget_2020-21/Capital.pdf
I,Thiruvottiyur,NA,2020-2021,BE,10000,100.00,yes,cap2020-21.pdf,47,https://chennaicorporation.gov.in/budget/Budget_2020-21/Capital.pdf
II,Manali,NB,2020-2021,BE,10000,100.00,yes,cap2020-21.pdf,49,https://chennaicorporation.gov.in/budget/Budget_2020-21/Capital.pdf
III,Madhavaram,NC,2020-2021,BE,5000,50.00,yes,cap2020-21.pdf,51,https://chennaicorporation.gov.in/budget/Budget_2020-21/Capital.pdf
IV,Tondiarpet,ND,2020-2021,BE,10000,100.00,yes,cap2020-21.pdf,53,https://chennaicorporation.gov.in/budget/Budget_2020-21/Capital.pdf
V,Royapuram,NE,2020-2021,BE,25000,250.00,yes,cap2020-21.pdf,55,https://chennaicorporation.gov.in/budget/Budget_2020-21/Capital.pdf
VI,Thiru-Vi-Ka Nagar,NF,2020-2021,BE,20000,200.00,yes,cap2020-21.pdf,57,https://chennaicorporation.gov.in/budget/Budget_2020-21/Capital.pdf
VII,Ambattur,NG,2020-2021,BE,0,0.00,no,cap2020-21.pdf,,https://chennaicorporation.gov.in/budget/Budget_2020-21/Capital.pdf
VIII,Anna Nagar,NH,2020-2021,BE,10000,100.00,yes,cap2020-21.pdf,61,https://chennaicorporation.gov.in/budget/Budget_2020-21/Capital.pdf
IX,Teynampet,NJ,2020-2021,BE,10000,100.00,yes,cap2020-21.pdf,63,https://chennaicorporation.gov.in/budget/Budget_2020-21/Capital.pdf
X,Kodambakkam,NK,2020-2021,BE,15000,150.00,yes,cap2020-21.pdf,65,https://chennaicorporation.gov.in/budget/Budget_2020-21/Capital.pdf
XI,Valasaravakkam,NL,2020-2021,BE,7500,75.00,yes,cap2020-21.pdf,67,https://chennaicorporation.gov.in/budget/Budget_2020-21/Capital.pdf
XII,Alandur,NM,2020-2021,BE,2000,20.00,yes,cap2020-21.pdf,69,https://chennaicorporation.gov.in/budget/Budget_2020-21/Capital.pdf
XIII,Adyar,NN,2020-2021,BE,30000,300.00,yes,cap2020-21.pdf,71,https://chennaicorporation.gov.in/budget/Budget_2020-21/Capital.pdf
XIV,Perungudi,NP,2020-2021,BE,5000,50.00,yes,cap2020-21.pdf,73,https://chennaicorporation.gov.in/budget/Budget_2020-21/Capital.pdf
XV,Sholinganallur,NQ,2020-2021,BE,5000,50.00,yes,cap2020-21.pdf,75,https://chennaicorporation.gov.in/budget/Budget_2020-21/Capital.pdf
I,Thiruvottiyur,NA,2019-2020,ACTUAL,3168,31.68,yes,glance2021-22.pdf,52,https://chennaicorporation.gov.in/budget/Budget_2021-22/BUDGET%20AT%20A%20GLANCE.pdf
II,Manali,NB,2019-2020,ACTUAL,2059,20.59,yes,glance2021-22.pdf,54,https://chennaicorporation.gov.in/budget/Budget_2021-22/BUDGET%20AT%20A%20GLANCE.pdf
III,Madhavaram,NC,2019-2020,ACTUAL,3899,38.99,yes,glance2021-22.pdf,56,https://chennaicorporation.gov.in/budget/Budget_2021-22/BUDGET%20AT%20A%20GLANCE.pdf
IV,Tondiarpet,ND,2019-2020,ACTUAL,5600,56.00,yes,glance2021-22.pdf,58,https://chennaicorporation.gov.in/budget/Budget_2021-22/BUDGET%20AT%20A%20GLANCE.pdf
V,Royapuram,NE,2019-2020,ACTUAL,10398,103.98,yes,glance2021-22.pdf,60,https://chennaicorporation.gov.in/budget/Budget_2021-22/BUDGET%20AT%20A%20GLANCE.pdf
VI,Thiru-Vi-Ka Nagar,NF,2019-2020,ACTUAL,6002,60.02,yes,glance2021-22.pdf,62,https://chennaicorporation.gov.in/budget/Budget_2021-22/BUDGET%20AT%20A%20GLANCE.pdf
VII,Ambattur,NG,2019-2020,ACTUAL,0,0.00,no,glance2021-22.pdf,,https://chennaicorporation.gov.in/budget/Budget_2021-22/BUDGET%20AT%20A%20GLANCE.pdf
VIII,Anna Nagar,NH,2019-2020,ACTUAL,2951,29.51,yes,glance2021-22.pdf,66,https://chennaicorporation.gov.in/budget/Budget_2021-22/BUDGET%20AT%20A%20GLANCE.pdf
IX,Teynampet,NJ,2019-2020,ACTUAL,517,5.17,yes,glance2021-22.pdf,68,https://chennaicorporation.gov.in/budget/Budget_2021-22/BUDGET%20AT%20A%20GLANCE.pdf
X,Kodambakkam,NK,2019-2020,ACTUAL,13110,131.10,yes,glance2021-22.pdf,70,https://chennaicorporation.gov.in/budget/Budget_2021-22/BUDGET%20AT%20A%20GLANCE.pdf
XI,Valasaravakkam,NL,2019-2020,ACTUAL,2475,24.75,yes,glance2021-22.pdf,72,https://chennaicorporation.gov.in/budget/Budget_2021-22/BUDGET%20AT%20A%20GLANCE.pdf
XII,Alandur,NM,2019-2020,ACTUAL,1391,13.91,yes,glance2021-22.pdf,74,https://chennaicorporation.gov.in/budget/Budget_2021-22/BUDGET%20AT%20A%20GLANCE.pdf
XIII,Adyar,NN,2019-2020,ACTUAL,23632,236.32,yes,glance2021-22.pdf,76,https://chennaicorporation.gov.in/budget/Budget_2021-22/BUDGET%20AT%20A%20GLANCE.pdf
XIV,Perungudi,NP,2019-2020,ACTUAL,0,0.00,yes,glance2021-22.pdf,78,https://chennaicorporation.gov.in/budget/Budget_2021-22/BUDGET%20AT%20A%20GLANCE.pdf
XV,Sholinganallur,NQ,2019-2020,ACTUAL,4011,40.11,yes,glance2021-22.pdf,80,https://chennaicorporation.gov.in/budget/Budget_2021-22/BUDGET%20AT%20A%20GLANCE.pdf
I,Thiruvottiyur,NA,2020-2021,RE,10000,100.00,yes,glance2021-22.pdf,52,https://chennaicorporation.gov.in/budget/Budget_2021-22/BUDGET%20AT%20A%20GLANCE.pdf
II,Manali,NB,2020-2021,RE,5000,50.00,yes,glance2021-22.pdf,54,https://chennaicorporation.gov.in/budget/Budget_2021-22/BUDGET%20AT%20A%20GLANCE.pdf
III,Madhavaram,NC,2020-2021,RE,10000,100.00,yes,glance2021-22.pdf,56,https://chennaicorporation.gov.in/budget/Budget_2021-22/BUDGET%20AT%20A%20GLANCE.pdf
IV,Tondiarpet,ND,2020-2021,RE,5000,50.00,yes,glance2021-22.pdf,58,https://chennaicorporation.gov.in/budget/Budget_2021-22/BUDGET%20AT%20A%20GLANCE.pdf
V,Royapuram,NE,2020-2021,RE,5000,50.00,yes,glance2021-22.pdf,60,https://chennaicorporation.gov.in/budget/Budget_2021-22/BUDGET%20AT%20A%20GLANCE.pdf
VI,Thiru-Vi-Ka Nagar,NF,2020-2021,RE,10000,100.00,yes,glance2021-22.pdf,62,https://chennaicorporation.gov.in/budget/Budget_2021-22/BUDGET%20AT%20A%20GLANCE.pdf
VII,Ambattur,NG,2020-2021,RE,0,0.00,no,glance2021-22.pdf,,https://chennaicorporation.gov.in/budget/Budget_2021-22/BUDGET%20AT%20A%20GLANCE.pdf
VIII,Anna Nagar,NH,2020-2021,RE,10000,100.00,yes,glance2021-22.pdf,66,https://chennaicorporation.gov.in/budget/Budget_2021-22/BUDGET%20AT%20A%20GLANCE.pdf
IX,Teynampet,NJ,2020-2021,RE,10000,100.00,yes,glance2021-22.pdf,68,https://chennaicorporation.gov.in/budget/Budget_2021-22/BUDGET%20AT%20A%20GLANCE.pdf
X,Kodambakkam,NK,2020-2021,RE,10000,100.00,yes,glance2021-22.pdf,70,https://chennaicorporation.gov.in/budget/Budget_2021-22/BUDGET%20AT%20A%20GLANCE.pdf
XI,Valasaravakkam,NL,2020-2021,RE,7500,75.00,yes,glance2021-22.pdf,72,https://chennaicorporation.gov.in/budget/Budget_2021-22/BUDGET%20AT%20A%20GLANCE.pdf
XII,Alandur,NM,2020-2021,RE,2000,20.00,yes,glance2021-22.pdf,74,https://chennaicorporation.gov.in/budget/Budget_2021-22/BUDGET%20AT%20A%20GLANCE.pdf
XIII,Adyar,NN,2020-2021,RE,10000,100.00,yes,glance2021-22.pdf,76,https://chennaicorporation.gov.in/budget/Budget_2021-22/BUDGET%20AT%20A%20GLANCE.pdf
XIV,Perungudi,NP,2020-2021,RE,5000,50.00,yes,glance2021-22.pdf,78,https://chennaicorporation.gov.in/budget/Budget_2021-22/BUDGET%20AT%20A%20GLANCE.pdf
XV,Sholinganallur,NQ,2020-2021,RE,5000,50.00,yes,glance2021-22.pdf,80,https://chennaicorporation.gov.in/budget/Budget_2021-22/BUDGET%20AT%20A%20GLANCE.pdf
I,Thiruvottiyur,NA,2021-2022,BE,10000,100.00,yes,glance2021-22.pdf,52,https://chennaicorporation.gov.in/budget/Budget_2021-22/BUDGET%20AT%20A%20GLANCE.pdf
II,Manali,NB,2021-2022,BE,10000,100.00,yes,glance2021-22.pdf,54,https://chennaicorporation.gov.in/budget/Budget_2021-22/BUDGET%20AT%20A%20GLANCE.pdf
III,Madhavaram,NC,2021-2022,BE,10000,100.00,yes,glance2021-22.pdf,56,https://chennaicorporation.gov.in/budget/Budget_2021-22/BUDGET%20AT%20A%20GLANCE.pdf
IV,Tondiarpet,ND,2021-2022,BE,10000,100.00,yes,glance2021-22.pdf,58,https://chennaicorporation.gov.in/budget/Budget_2021-22/BUDGET%20AT%20A%20GLANCE.pdf
V,Royapuram,NE,2021-2022,BE,10000,100.00,yes,glance2021-22.pdf,60,https://chennaicorporation.gov.in/budget/Budget_2021-22/BUDGET%20AT%20A%20GLANCE.pdf
VI,Thiru-Vi-Ka Nagar,NF,2021-2022,BE,10000,100.00,yes,glance2021-22.pdf,62,https://chennaicorporation.gov.in/budget/Budget_2021-22/BUDGET%20AT%20A%20GLANCE.pdf
VII,Ambattur,NG,2021-2022,BE,0,0.00,no,glance2021-22.pdf,,https://chennaicorporation.gov.in/budget/Budget_2021-22/BUDGET%20AT%20A%20GLANCE.pdf
VIII,Anna Nagar,NH,2021-2022,BE,10000,100.00,yes,glance2021-22.pdf,66,https://chennaicorporation.gov.in/budget/Budget_2021-22/BUDGET%20AT%20A%20GLANCE.pdf
IX,Teynampet,NJ,2021-2022,BE,10000,100.00,yes,glance2021-22.pdf,68,https://chennaicorporation.gov.in/budget/Budget_2021-22/BUDGET%20AT%20A%20GLANCE.pdf
X,Kodambakkam,NK,2021-2022,BE,10000,100.00,yes,glance2021-22.pdf,70,https://chennaicorporation.gov.in/budget/Budget_2021-22/BUDGET%20AT%20A%20GLANCE.pdf
XI,Valasaravakkam,NL,2021-2022,BE,7500,75.00,yes,glance2021-22.pdf,72,https://chennaicorporation.gov.in/budget/Budget_2021-22/BUDGET%20AT%20A%20GLANCE.pdf
XII,Alandur,NM,2021-2022,BE,2000,20.00,yes,glance2021-22.pdf,74,https://chennaicorporation.gov.in/budget/Budget_2021-22/BUDGET%20AT%20A%20GLANCE.pdf
XIII,Adyar,NN,2021-2022,BE,20000,200.00,yes,glance2021-22.pdf,76,https://chennaicorporation.gov.in/budget/Budget_2021-22/BUDGET%20AT%20A%20GLANCE.pdf
XIV,Perungudi,NP,2021-2022,BE,5000,50.00,yes,glance2021-22.pdf,78,https://chennaicorporation.gov.in/budget/Budget_2021-22/BUDGET%20AT%20A%20GLANCE.pdf
XV,Sholinganallur,NQ,2021-2022,BE,5000,50.00,yes,glance2021-22.pdf,80,https://chennaicorporation.gov.in/budget/Budget_2021-22/BUDGET%20AT%20A%20GLANCE.pdf
I,Thiruvottiyur,NA,2020-2021,ACTUAL,1853,18.53,yes,glance2022-23.pdf,52,https://chennaicorporation.gov.in/gcc/Budget_2022-2023/GLANCE.pdf
II,Manali,NB,2020-2021,ACTUAL,4540,45.40,yes,glance2022-23.pdf,54,https://chennaicorporation.gov.in/gcc/Budget_2022-2023/GLANCE.pdf
III,Madhavaram,NC,2020-2021,ACTUAL,6794,67.94,yes,glance2022-23.pdf,56,https://chennaicorporation.gov.in/gcc/Budget_2022-2023/GLANCE.pdf
IV,Tondiarpet,ND,2020-2021,ACTUAL,1192,11.92,yes,glance2022-23.pdf,58,https://chennaicorporation.gov.in/gcc/Budget_2022-2023/GLANCE.pdf
V,Royapuram,NE,2020-2021,ACTUAL,2995,29.95,yes,glance2022-23.pdf,60,https://chennaicorporation.gov.in/gcc/Budget_2022-2023/GLANCE.pdf
VI,Thiru-Vi-Ka Nagar,NF,2020-2021,ACTUAL,2090,20.90,yes,glance2022-23.pdf,62,https://chennaicorporation.gov.in/gcc/Budget_2022-2023/GLANCE.pdf
VII,Ambattur,NG,2020-2021,ACTUAL,0,0.00,no,glance2022-23.pdf,,https://chennaicorporation.gov.in/gcc/Budget_2022-2023/GLANCE.pdf
VIII,Anna Nagar,NH,2020-2021,ACTUAL,757,7.57,yes,glance2022-23.pdf,66,https://chennaicorporation.gov.in/gcc/Budget_2022-2023/GLANCE.pdf
IX,Teynampet,NJ,2020-2021,ACTUAL,2370,23.70,yes,glance2022-23.pdf,68,https://chennaicorporation.gov.in/gcc/Budget_2022-2023/GLANCE.pdf
X,Kodambakkam,NK,2020-2021,ACTUAL,8188,81.88,yes,glance2022-23.pdf,70,https://chennaicorporation.gov.in/gcc/Budget_2022-2023/GLANCE.pdf
XI,Valasaravakkam,NL,2020-2021,ACTUAL,7968,79.68,yes,glance2022-23.pdf,72,https://chennaicorporation.gov.in/gcc/Budget_2022-2023/GLANCE.pdf
XII,Alandur,NM,2020-2021,ACTUAL,1855,18.55,yes,glance2022-23.pdf,74,https://chennaicorporation.gov.in/gcc/Budget_2022-2023/GLANCE.pdf
XIII,Adyar,NN,2020-2021,ACTUAL,10085,100.85,yes,glance2022-23.pdf,76,https://chennaicorporation.gov.in/gcc/Budget_2022-2023/GLANCE.pdf
XIV,Perungudi,NP,2020-2021,ACTUAL,1411,14.11,yes,glance2022-23.pdf,78,https://chennaicorporation.gov.in/gcc/Budget_2022-2023/GLANCE.pdf
XV,Sholinganallur,NQ,2020-2021,ACTUAL,1592,15.92,yes,glance2022-23.pdf,80,https://chennaicorporation.gov.in/gcc/Budget_2022-2023/GLANCE.pdf
I,Thiruvottiyur,NA,2021-2022,RE,4000,40.00,yes,glance2022-23.pdf,52,https://chennaicorporation.gov.in/gcc/Budget_2022-2023/GLANCE.pdf
II,Manali,NB,2021-2022,RE,1000,10.00,yes,glance2022-23.pdf,54,https://chennaicorporation.gov.in/gcc/Budget_2022-2023/GLANCE.pdf
III,Madhavaram,NC,2021-2022,RE,3000,30.00,yes,glance2022-23.pdf,56,https://chennaicorporation.gov.in/gcc/Budget_2022-2023/GLANCE.pdf
IV,Tondiarpet,ND,2021-2022,RE,1200,12.00,yes,glance2022-23.pdf,58,https://chennaicorporation.gov.in/gcc/Budget_2022-2023/GLANCE.pdf
V,Royapuram,NE,2021-2022,RE,7000,70.00,yes,glance2022-23.pdf,60,https://chennaicorporation.gov.in/gcc/Budget_2022-2023/GLANCE.pdf
VI,Thiru-Vi-Ka Nagar,NF,2021-2022,RE,1000,10.00,yes,glance2022-23.pdf,62,https://chennaicorporation.gov.in/gcc/Budget_2022-2023/GLANCE.pdf
VII,Ambattur,NG,2021-2022,RE,0,0.00,no,glance2022-23.pdf,,https://chennaicorporation.gov.in/gcc/Budget_2022-2023/GLANCE.pdf
VIII,Anna Nagar,NH,2021-2022,RE,1000,10.00,yes,glance2022-23.pdf,66,https://chennaicorporation.gov.in/gcc/Budget_2022-2023/GLANCE.pdf
IX,Teynampet,NJ,2021-2022,RE,1000,10.00,yes,glance2022-23.pdf,68,https://chennaicorporation.gov.in/gcc/Budget_2022-2023/GLANCE.pdf
X,Kodambakkam,NK,2021-2022,RE,6000,60.00,yes,glance2022-23.pdf,70,https://chennaicorporation.gov.in/gcc/Budget_2022-2023/GLANCE.pdf
XI,Valasaravakkam,NL,2021-2022,RE,3000,30.00,yes,glance2022-23.pdf,72,https://chennaicorporation.gov.in/gcc/Budget_2022-2023/GLANCE.pdf
XII,Alandur,NM,2021-2022,RE,1500,15.00,yes,glance2022-23.pdf,74,https://chennaicorporation.gov.in/gcc/Budget_2022-2023/GLANCE.pdf
XIII,Adyar,NN,2021-2022,RE,1000,10.00,yes,glance2022-23.pdf,76,https://chennaicorporation.gov.in/gcc/Budget_2022-2023/GLANCE.pdf
XIV,Perungudi,NP,2021-2022,RE,1000,10.00,yes,glance2022-23.pdf,78,https://chennaicorporation.gov.in/gcc/Budget_2022-2023/GLANCE.pdf
XV,Sholinganallur,NQ,2021-2022,RE,5500,55.00,yes,glance2022-23.pdf,80,https://chennaicorporation.gov.in/gcc/Budget_2022-2023/GLANCE.pdf
I,Thiruvottiyur,NA,2022-2023,BE,5000,50.00,yes,glance2022-23.pdf,52,https://chennaicorporation.gov.in/gcc/Budget_2022-2023/GLANCE.pdf
II,Manali,NB,2022-2023,BE,5000,50.00,yes,glance2022-23.pdf,54,https://chennaicorporation.gov.in/gcc/Budget_2022-2023/GLANCE.pdf
III,Madhavaram,NC,2022-2023,BE,5000,50.00,yes,glance2022-23.pdf,56,https://chennaicorporation.gov.in/gcc/Budget_2022-2023/GLANCE.pdf
IV,Tondiarpet,ND,2022-2023,BE,5000,50.00,yes,glance2022-23.pdf,58,https://chennaicorporation.gov.in/gcc/Budget_2022-2023/GLANCE.pdf
V,Royapuram,NE,2022-2023,BE,7000,70.00,yes,glance2022-23.pdf,60,https://chennaicorporation.gov.in/gcc/Budget_2022-2023/GLANCE.pdf
VI,Thiru-Vi-Ka Nagar,NF,2022-2023,BE,3000,30.00,yes,glance2022-23.pdf,62,https://chennaicorporation.gov.in/gcc/Budget_2022-2023/GLANCE.pdf
VII,Ambattur,NG,2022-2023,BE,0,0.00,no,glance2022-23.pdf,,https://chennaicorporation.gov.in/gcc/Budget_2022-2023/GLANCE.pdf
VIII,Anna Nagar,NH,2022-2023,BE,5000,50.00,yes,glance2022-23.pdf,66,https://chennaicorporation.gov.in/gcc/Budget_2022-2023/GLANCE.pdf
IX,Teynampet,NJ,2022-2023,BE,5000,50.00,yes,glance2022-23.pdf,68,https://chennaicorporation.gov.in/gcc/Budget_2022-2023/GLANCE.pdf
X,Kodambakkam,NK,2022-2023,BE,8000,80.00,yes,glance2022-23.pdf,70,https://chennaicorporation.gov.in/gcc/Budget_2022-2023/GLANCE.pdf
XI,Valasaravakkam,NL,2022-2023,BE,5000,50.00,yes,glance2022-23.pdf,72,https://chennaicorporation.gov.in/gcc/Budget_2022-2023/GLANCE.pdf
XII,Alandur,NM,2022-2023,BE,2000,20.00,yes,glance2022-23.pdf,74,https://chennaicorporation.gov.in/gcc/Budget_2022-2023/GLANCE.pdf
XIII,Adyar,NN,2022-2023,BE,5000,50.00,yes,glance2022-23.pdf,76,https://chennaicorporation.gov.in/gcc/Budget_2022-2023/GLANCE.pdf
XIV,Perungudi,NP,2022-2023,BE,5000,50.00,yes,glance2022-23.pdf,78,https://chennaicorporation.gov.in/gcc/Budget_2022-2023/GLANCE.pdf
XV,Sholinganallur,NQ,2022-2023,BE,5000,50.00,yes,glance2022-23.pdf,80,https://chennaicorporation.gov.in/gcc/Budget_2022-2023/GLANCE.pdf
I,Thiruvottiyur,NA,2021-2022,ACTUAL,0,0.00,yes,glance2023-24.pdf,49,https://chennaicorporation.gov.in/gcc/Budget_2023-2024/Glance.pdf
II,Manali,NB,2021-2022,ACTUAL,0,0.00,yes,glance2023-24.pdf,51,https://chennaicorporation.gov.in/gcc/Budget_2023-2024/Glance.pdf
III,Madhavaram,NC,2021-2022,ACTUAL,1828,18.28,yes,glance2023-24.pdf,53,https://chennaicorporation.gov.in/gcc/Budget_2023-2024/Glance.pdf
IV,Tondiarpet,ND,2021-2022,ACTUAL,745,7.45,yes,glance2023-24.pdf,55,https://chennaicorporation.gov.in/gcc/Budget_2023-2024/Glance.pdf
V,Royapuram,NE,2021-2022,ACTUAL,6109,61.09,yes,glance2023-24.pdf,57,https://chennaicorporation.gov.in/gcc/Budget_2023-2024/Glance.pdf
VI,Thiru-Vi-Ka Nagar,NF,2021-2022,ACTUAL,0,0.00,yes,glance2023-24.pdf,59,https://chennaicorporation.gov.in/gcc/Budget_2023-2024/Glance.pdf
VII,Ambattur,NG,2021-2022,ACTUAL,0,0.00,no,glance2023-24.pdf,,https://chennaicorporation.gov.in/gcc/Budget_2023-2024/Glance.pdf
VIII,Anna Nagar,NH,2021-2022,ACTUAL,0,0.00,yes,glance2023-24.pdf,63,https://chennaicorporation.gov.in/gcc/Budget_2023-2024/Glance.pdf
IX,Teynampet,NJ,2021-2022,ACTUAL,0,0.00,yes,glance2023-24.pdf,65,https://chennaicorporation.gov.in/gcc/Budget_2023-2024/Glance.pdf
X,Kodambakkam,NK,2021-2022,ACTUAL,5419,54.19,yes,glance2023-24.pdf,67,https://chennaicorporation.gov.in/gcc/Budget_2023-2024/Glance.pdf
XI,Valasaravakkam,NL,2021-2022,ACTUAL,1633,16.33,yes,glance2023-24.pdf,69,https://chennaicorporation.gov.in/gcc/Budget_2023-2024/Glance.pdf
XII,Alandur,NM,2021-2022,ACTUAL,1200,12.00,yes,glance2023-24.pdf,71,https://chennaicorporation.gov.in/gcc/Budget_2023-2024/Glance.pdf
XIII,Adyar,NN,2021-2022,ACTUAL,89,0.89,yes,glance2023-24.pdf,73,https://chennaicorporation.gov.in/gcc/Budget_2023-2024/Glance.pdf
XIV,Perungudi,NP,2021-2022,ACTUAL,0,0.00,yes,glance2023-24.pdf,75,https://chennaicorporation.gov.in/gcc/Budget_2023-2024/Glance.pdf
XV,Sholinganallur,NQ,2021-2022,ACTUAL,5382,53.82,yes,glance2023-24.pdf,77,https://chennaicorporation.gov.in/gcc/Budget_2023-2024/Glance.pdf
I,Thiruvottiyur,NA,2022-2023,RE,4000,40.00,yes,glance2023-24.pdf,49,https://chennaicorporation.gov.in/gcc/Budget_2023-2024/Glance.pdf
II,Manali,NB,2022-2023,RE,0,0.00,yes,glance2023-24.pdf,51,https://chennaicorporation.gov.in/gcc/Budget_2023-2024/Glance.pdf
III,Madhavaram,NC,2022-2023,RE,700,7.00,yes,glance2023-24.pdf,53,https://chennaicorporation.gov.in/gcc/Budget_2023-2024/Glance.pdf
IV,Tondiarpet,ND,2022-2023,RE,3000,30.00,yes,glance2023-24.pdf,55,https://chennaicorporation.gov.in/gcc/Budget_2023-2024/Glance.pdf
V,Royapuram,NE,2022-2023,RE,6000,60.00,yes,glance2023-24.pdf,57,https://chennaicorporation.gov.in/gcc/Budget_2023-2024/Glance.pdf
VI,Thiru-Vi-Ka Nagar,NF,2022-2023,RE,0,0.00,yes,glance2023-24.pdf,59,https://chennaicorporation.gov.in/gcc/Budget_2023-2024/Glance.pdf
VII,Ambattur,NG,2022-2023,RE,0,0.00,no,glance2023-24.pdf,,https://chennaicorporation.gov.in/gcc/Budget_2023-2024/Glance.pdf
VIII,Anna Nagar,NH,2022-2023,RE,0,0.00,yes,glance2023-24.pdf,63,https://chennaicorporation.gov.in/gcc/Budget_2023-2024/Glance.pdf
IX,Teynampet,NJ,2022-2023,RE,5000,50.00,yes,glance2023-24.pdf,65,https://chennaicorporation.gov.in/gcc/Budget_2023-2024/Glance.pdf
X,Kodambakkam,NK,2022-2023,RE,5000,50.00,yes,glance2023-24.pdf,67,https://chennaicorporation.gov.in/gcc/Budget_2023-2024/Glance.pdf
XI,Valasaravakkam,NL,2022-2023,RE,0,0.00,yes,glance2023-24.pdf,69,https://chennaicorporation.gov.in/gcc/Budget_2023-2024/Glance.pdf
XII,Alandur,NM,2022-2023,RE,800,8.00,yes,glance2023-24.pdf,71,https://chennaicorporation.gov.in/gcc/Budget_2023-2024/Glance.pdf
XIII,Adyar,NN,2022-2023,RE,0,0.00,yes,glance2023-24.pdf,73,https://chennaicorporation.gov.in/gcc/Budget_2023-2024/Glance.pdf
XIV,Perungudi,NP,2022-2023,RE,0,0.00,yes,glance2023-24.pdf,75,https://chennaicorporation.gov.in/gcc/Budget_2023-2024/Glance.pdf
XV,Sholinganallur,NQ,2022-2023,RE,200,2.00,yes,glance2023-24.pdf,77,https://chennaicorporation.gov.in/gcc/Budget_2023-2024/Glance.pdf
I,Thiruvottiyur,NA,2023-2024,BE,0,0.00,yes,glance2023-24.pdf,49,https://chennaicorporation.gov.in/gcc/Budget_2023-2024/Glance.pdf
II,Manali,NB,2023-2024,BE,0,0.00,yes,glance2023-24.pdf,51,https://chennaicorporation.gov.in/gcc/Budget_2023-2024/Glance.pdf
III,Madhavaram,NC,2023-2024,BE,0,0.00,yes,glance2023-24.pdf,53,https://chennaicorporation.gov.in/gcc/Budget_2023-2024/Glance.pdf
IV,Tondiarpet,ND,2023-2024,BE,0,0.00,yes,glance2023-24.pdf,55,https://chennaicorporation.gov.in/gcc/Budget_2023-2024/Glance.pdf
V,Royapuram,NE,2023-2024,BE,0,0.00,yes,glance2023-24.pdf,57,https://chennaicorporation.gov.in/gcc/Budget_2023-2024/Glance.pdf
VI,Thiru-Vi-Ka Nagar,NF,2023-2024,BE,0,0.00,yes,glance2023-24.pdf,59,https://chennaicorporation.gov.in/gcc/Budget_2023-2024/Glance.pdf
VII,Ambattur,NG,2023-2024,BE,0,0.00,no,glance2023-24.pdf,,https://chennaicorporation.gov.in/gcc/Budget_2023-2024/Glance.pdf
VIII,Anna Nagar,NH,2023-2024,BE,0,0.00,yes,glance2023-24.pdf,63,https://chennaicorporation.gov.in/gcc/Budget_2023-2024/Glance.pdf
IX,Teynampet,NJ,2023-2024,BE,0,0.00,yes,glance2023-24.pdf,65,https://chennaicorporation.gov.in/gcc/Budget_2023-2024/Glance.pdf
X,Kodambakkam,NK,2023-2024,BE,0,0.00,yes,glance2023-24.pdf,67,https://chennaicorporation.gov.in/gcc/Budget_2023-2024/Glance.pdf
XI,Valasaravakkam,NL,2023-2024,BE,0,0.00,yes,glance2023-24.pdf,69,https://chennaicorporation.gov.in/gcc/Budget_2023-2024/Glance.pdf
XII,Alandur,NM,2023-2024,BE,0,0.00,yes,glance2023-24.pdf,71,https://chennaicorporation.gov.in/gcc/Budget_2023-2024/Glance.pdf
XIII,Adyar,NN,2023-2024,BE,0,0.00,yes,glance2023-24.pdf,73,https://chennaicorporation.gov.in/gcc/Budget_2023-2024/Glance.pdf
XIV,Perungudi,NP,2023-2024,BE,0,0.00,yes,glance2023-24.pdf,75,https://chennaicorporation.gov.in/gcc/Budget_2023-2024/Glance.pdf
XV,Sholinganallur,NQ,2023-2024,BE,0,0.00,yes,glance2023-24.pdf,77,https://chennaicorporation.gov.in/gcc/Budget_2023-2024/Glance.pdf
I,Thiruvottiyur,NA,2022-2023,ACTUAL,0,0.00,no,glance2024-25.pdf,,https://chennaicorporation.gov.in/gcc/Budget_2024-2025/Glance.pdf
II,Manali,NB,2022-2023,ACTUAL,0,0.00,no,glance2024-25.pdf,,https://chennaicorporation.gov.in/gcc/Budget_2024-2025/Glance.pdf
III,Madhavaram,NC,2022-2023,ACTUAL,0,0.00,no,glance2024-25.pdf,,https://chennaicorporation.gov.in/gcc/Budget_2024-2025/Glance.pdf
IV,Tondiarpet,ND,2022-2023,ACTUAL,1921,19.21,yes,glance2024-25.pdf,64,https://chennaicorporation.gov.in/gcc/Budget_2024-2025/Glance.pdf
V,Royapuram,NE,2022-2023,ACTUAL,13041,130.41,yes,glance2024-25.pdf,66,https://chennaicorporation.gov.in/gcc/Budget_2024-2025/Glance.pdf
VI,Thiru-Vi-Ka Nagar,NF,2022-2023,ACTUAL,0,0.00,no,glance2024-25.pdf,,https://chennaicorporation.gov.in/gcc/Budget_2024-2025/Glance.pdf
VII,Ambattur,NG,2022-2023,ACTUAL,0,0.00,no,glance2024-25.pdf,,https://chennaicorporation.gov.in/gcc/Budget_2024-2025/Glance.pdf
VIII,Anna Nagar,NH,2022-2023,ACTUAL,1374,13.74,yes,glance2024-25.pdf,72,https://chennaicorporation.gov.in/gcc/Budget_2024-2025/Glance.pdf
IX,Teynampet,NJ,2022-2023,ACTUAL,4808,48.08,yes,glance2024-25.pdf,74,https://chennaicorporation.gov.in/gcc/Budget_2024-2025/Glance.pdf
X,Kodambakkam,NK,2022-2023,ACTUAL,2893,28.93,yes,glance2024-25.pdf,76,https://chennaicorporation.gov.in/gcc/Budget_2024-2025/Glance.pdf
XI,Valasaravakkam,NL,2022-2023,ACTUAL,0,0.00,no,glance2024-25.pdf,,https://chennaicorporation.gov.in/gcc/Budget_2024-2025/Glance.pdf
XII,Alandur,NM,2022-2023,ACTUAL,0,0.00,no,glance2024-25.pdf,,https://chennaicorporation.gov.in/gcc/Budget_2024-2025/Glance.pdf
XIII,Adyar,NN,2022-2023,ACTUAL,0,0.00,no,glance2024-25.pdf,,https://chennaicorporation.gov.in/gcc/Budget_2024-2025/Glance.pdf
XIV,Perungudi,NP,2022-2023,ACTUAL,1172,11.72,yes,glance2024-25.pdf,84,https://chennaicorporation.gov.in/gcc/Budget_2024-2025/Glance.pdf
XV,Sholinganallur,NQ,2022-2023,ACTUAL,145,1.45,yes,glance2024-25.pdf,86,https://chennaicorporation.gov.in/gcc/Budget_2024-2025/Glance.pdf
I,Thiruvottiyur,NA,2023-2024,RE,0,0.00,no,glance2024-25.pdf,,https://chennaicorporation.gov.in/gcc/Budget_2024-2025/Glance.pdf
II,Manali,NB,2023-2024,RE,0,0.00,no,glance2024-25.pdf,,https://chennaicorporation.gov.in/gcc/Budget_2024-2025/Glance.pdf
III,Madhavaram,NC,2023-2024,RE,0,0.00,no,glance2024-25.pdf,,https://chennaicorporation.gov.in/gcc/Budget_2024-2025/Glance.pdf
IV,Tondiarpet,ND,2023-2024,RE,0,0.00,yes,glance2024-25.pdf,64,https://chennaicorporation.gov.in/gcc/Budget_2024-2025/Glance.pdf
V,Royapuram,NE,2023-2024,RE,0,0.00,yes,glance2024-25.pdf,66,https://chennaicorporation.gov.in/gcc/Budget_2024-2025/Glance.pdf
VI,Thiru-Vi-Ka Nagar,NF,2023-2024,RE,0,0.00,no,glance2024-25.pdf,,https://chennaicorporation.gov.in/gcc/Budget_2024-2025/Glance.pdf
VII,Ambattur,NG,2023-2024,RE,0,0.00,no,glance2024-25.pdf,,https://chennaicorporation.gov.in/gcc/Budget_2024-2025/Glance.pdf
VIII,Anna Nagar,NH,2023-2024,RE,0,0.00,yes,glance2024-25.pdf,72,https://chennaicorporation.gov.in/gcc/Budget_2024-2025/Glance.pdf
IX,Teynampet,NJ,2023-2024,RE,0,0.00,yes,glance2024-25.pdf,74,https://chennaicorporation.gov.in/gcc/Budget_2024-2025/Glance.pdf
X,Kodambakkam,NK,2023-2024,RE,0,0.00,yes,glance2024-25.pdf,76,https://chennaicorporation.gov.in/gcc/Budget_2024-2025/Glance.pdf
XI,Valasaravakkam,NL,2023-2024,RE,0,0.00,no,glance2024-25.pdf,,https://chennaicorporation.gov.in/gcc/Budget_2024-2025/Glance.pdf
XII,Alandur,NM,2023-2024,RE,0,0.00,no,glance2024-25.pdf,,https://chennaicorporation.gov.in/gcc/Budget_2024-2025/Glance.pdf
XIII,Adyar,NN,2023-2024,RE,0,0.00,no,glance2024-25.pdf,,https://chennaicorporation.gov.in/gcc/Budget_2024-2025/Glance.pdf
XIV,Perungudi,NP,2023-2024,RE,6000,60.00,yes,glance2024-25.pdf,84,https://chennaicorporation.gov.in/gcc/Budget_2024-2025/Glance.pdf
XV,Sholinganallur,NQ,2023-2024,RE,4670,46.70,yes,glance2024-25.pdf,86,https://chennaicorporation.gov.in/gcc/Budget_2024-2025/Glance.pdf
I,Thiruvottiyur,NA,2024-2025,BE,0,0.00,no,glance2024-25.pdf,,https://chennaicorporation.gov.in/gcc/Budget_2024-2025/Glance.pdf
II,Manali,NB,2024-2025,BE,0,0.00,no,glance2024-25.pdf,,https://chennaicorporation.gov.in/gcc/Budget_2024-2025/Glance.pdf
III,Madhavaram,NC,2024-2025,BE,0,0.00,no,glance2024-25.pdf,,https://chennaicorporation.gov.in/gcc/Budget_2024-2025/Glance.pdf
IV,Tondiarpet,ND,2024-2025,BE,0,0.00,yes,glance2024-25.pdf,64,https://chennaicorporation.gov.in/gcc/Budget_2024-2025/Glance.pdf
V,Royapuram,NE,2024-2025,BE,0,0.00,yes,glance2024-25.pdf,66,https://chennaicorporation.gov.in/gcc/Budget_2024-2025/Glance.pdf
VI,Thiru-Vi-Ka Nagar,NF,2024-2025,BE,0,0.00,no,glance2024-25.pdf,,https://chennaicorporation.gov.in/gcc/Budget_2024-2025/Glance.pdf
VII,Ambattur,NG,2024-2025,BE,0,0.00,no,glance2024-25.pdf,,https://chennaicorporation.gov.in/gcc/Budget_2024-2025/Glance.pdf
VIII,Anna Nagar,NH,2024-2025,BE,0,0.00,yes,glance2024-25.pdf,72,https://chennaicorporation.gov.in/gcc/Budget_2024-2025/Glance.pdf
IX,Teynampet,NJ,2024-2025,BE,0,0.00,yes,glance2024-25.pdf,74,https://chennaicorporation.gov.in/gcc/Budget_2024-2025/Glance.pdf
X,Kodambakkam,NK,2024-2025,BE,0,0.00,yes,glance2024-25.pdf,76,https://chennaicorporation.gov.in/gcc/Budget_2024-2025/Glance.pdf
XI,Valasaravakkam,NL,2024-2025,BE,0,0.00,no,glance2024-25.pdf,,https://chennaicorporation.gov.in/gcc/Budget_2024-2025/Glance.pdf
XII,Alandur,NM,2024-2025,BE,0,0.00,no,glance2024-25.pdf,,https://chennaicorporation.gov.in/gcc/Budget_2024-2025/Glance.pdf
XIII,Adyar,NN,2024-2025,BE,0,0.00,no,glance2024-25.pdf,,https://chennaicorporation.gov.in/gcc/Budget_2024-2025/Glance.pdf
XIV,Perungudi,NP,2024-2025,BE,3000,30.00,yes,glance2024-25.pdf,84,https://chennaicorporation.gov.in/gcc/Budget_2024-2025/Glance.pdf
XV,Sholinganallur,NQ,2024-2025,BE,5000,50.00,yes,glance2024-25.pdf,86,https://chennaicorporation.gov.in/gcc/Budget_2024-2025/Glance.pdf
I,Thiruvottiyur,NA,2023-2024,ACTUAL,0,0.00,no,glance2025-26.pdf,,https://chennaicorporation.gov.in/gcc/Budget_2025-2026/Glance.pdf
II,Manali,NB,2023-2024,ACTUAL,0,0.00,no,glance2025-26.pdf,,https://chennaicorporation.gov.in/gcc/Budget_2025-2026/Glance.pdf
III,Madhavaram,NC,2023-2024,ACTUAL,0,0.00,no,glance2025-26.pdf,,https://chennaicorporation.gov.in/gcc/Budget_2025-2026/Glance.pdf
IV,Tondiarpet,ND,2023-2024,ACTUAL,0,0.00,no,glance2025-26.pdf,,https://chennaicorporation.gov.in/gcc/Budget_2025-2026/Glance.pdf
V,Royapuram,NE,2023-2024,ACTUAL,0,0.00,no,glance2025-26.pdf,,https://chennaicorporation.gov.in/gcc/Budget_2025-2026/Glance.pdf
VI,Thiru-Vi-Ka Nagar,NF,2023-2024,ACTUAL,0,0.00,yes,glance2025-26.pdf,84,https://chennaicorporation.gov.in/gcc/Budget_2025-2026/Glance.pdf
VII,Ambattur,NG,2023-2024,ACTUAL,0,0.00,no,glance2025-26.pdf,,https://chennaicorporation.gov.in/gcc/Budget_2025-2026/Glance.pdf
VIII,Anna Nagar,NH,2023-2024,ACTUAL,0,0.00,no,glance2025-26.pdf,,https://chennaicorporation.gov.in/gcc/Budget_2025-2026/Glance.pdf
IX,Teynampet,NJ,2023-2024,ACTUAL,0,0.00,yes,glance2025-26.pdf,93,https://chennaicorporation.gov.in/gcc/Budget_2025-2026/Glance.pdf
X,Kodambakkam,NK,2023-2024,ACTUAL,0,0.00,no,glance2025-26.pdf,,https://chennaicorporation.gov.in/gcc/Budget_2025-2026/Glance.pdf
XI,Valasaravakkam,NL,2023-2024,ACTUAL,0,0.00,yes,glance2025-26.pdf,99,https://chennaicorporation.gov.in/gcc/Budget_2025-2026/Glance.pdf
XII,Alandur,NM,2023-2024,ACTUAL,0,0.00,yes,glance2025-26.pdf,102,https://chennaicorporation.gov.in/gcc/Budget_2025-2026/Glance.pdf
XIII,Adyar,NN,2023-2024,ACTUAL,0,0.00,no,glance2025-26.pdf,,https://chennaicorporation.gov.in/gcc/Budget_2025-2026/Glance.pdf
XIV,Perungudi,NP,2023-2024,ACTUAL,5971,59.71,yes,glance2025-26.pdf,108,https://chennaicorporation.gov.in/gcc/Budget_2025-2026/Glance.pdf
XV,Sholinganallur,NQ,2023-2024,ACTUAL,1068,10.68,yes,glance2025-26.pdf,112,https://chennaicorporation.gov.in/gcc/Budget_2025-2026/Glance.pdf
I,Thiruvottiyur,NA,2024-2025,RE,0,0.00,no,glance2025-26.pdf,,https://chennaicorporation.gov.in/gcc/Budget_2025-2026/Glance.pdf
II,Manali,NB,2024-2025,RE,0,0.00,no,glance2025-26.pdf,,https://chennaicorporation.gov.in/gcc/Budget_2025-2026/Glance.pdf
III,Madhavaram,NC,2024-2025,RE,0,0.00,no,glance2025-26.pdf,,https://chennaicorporation.gov.in/gcc/Budget_2025-2026/Glance.pdf
IV,Tondiarpet,ND,2024-2025,RE,0,0.00,no,glance2025-26.pdf,,https://chennaicorporation.gov.in/gcc/Budget_2025-2026/Glance.pdf
V,Royapuram,NE,2024-2025,RE,0,0.00,no,glance2025-26.pdf,,https://chennaicorporation.gov.in/gcc/Budget_2025-2026/Glance.pdf
VI,Thiru-Vi-Ka Nagar,NF,2024-2025,RE,13000,130.00,yes,glance2025-26.pdf,84,https://chennaicorporation.gov.in/gcc/Budget_2025-2026/Glance.pdf
VII,Ambattur,NG,2024-2025,RE,0,0.00,no,glance2025-26.pdf,,https://chennaicorporation.gov.in/gcc/Budget_2025-2026/Glance.pdf
VIII,Anna Nagar,NH,2024-2025,RE,0,0.00,no,glance2025-26.pdf,,https://chennaicorporation.gov.in/gcc/Budget_2025-2026/Glance.pdf
IX,Teynampet,NJ,2024-2025,RE,41500,415.00,yes,glance2025-26.pdf,93,https://chennaicorporation.gov.in/gcc/Budget_2025-2026/Glance.pdf
X,Kodambakkam,NK,2024-2025,RE,0,0.00,no,glance2025-26.pdf,,https://chennaicorporation.gov.in/gcc/Budget_2025-2026/Glance.pdf
XI,Valasaravakkam,NL,2024-2025,RE,20000,200.00,yes,glance2025-26.pdf,99,https://chennaicorporation.gov.in/gcc/Budget_2025-2026/Glance.pdf
XII,Alandur,NM,2024-2025,RE,25000,250.00,yes,glance2025-26.pdf,102,https://chennaicorporation.gov.in/gcc/Budget_2025-2026/Glance.pdf
XIII,Adyar,NN,2024-2025,RE,0,0.00,no,glance2025-26.pdf,,https://chennaicorporation.gov.in/gcc/Budget_2025-2026/Glance.pdf
XIV,Perungudi,NP,2024-2025,RE,3000,30.00,yes,glance2025-26.pdf,108,https://chennaicorporation.gov.in/gcc/Budget_2025-2026/Glance.pdf
XV,Sholinganallur,NQ,2024-2025,RE,5000,50.00,yes,glance2025-26.pdf,112,https://chennaicorporation.gov.in/gcc/Budget_2025-2026/Glance.pdf
I,Thiruvottiyur,NA,2025-2026,BE,0,0.00,no,glance2025-26.pdf,,https://chennaicorporation.gov.in/gcc/Budget_2025-2026/Glance.pdf
II,Manali,NB,2025-2026,BE,0,0.00,no,glance2025-26.pdf,,https://chennaicorporation.gov.in/gcc/Budget_2025-2026/Glance.pdf
III,Madhavaram,NC,2025-2026,BE,0,0.00,no,glance2025-26.pdf,,https://chennaicorporation.gov.in/gcc/Budget_2025-2026/Glance.pdf
IV,Tondiarpet,ND,2025-2026,BE,0,0.00,no,glance2025-26.pdf,,https://chennaicorporation.gov.in/gcc/Budget_2025-2026/Glance.pdf
V,Royapuram,NE,2025-2026,BE,0,0.00,no,glance2025-26.pdf,,https://chennaicorporation.gov.in/gcc/Budget_2025-2026/Glance.pdf
VI,Thiru-Vi-Ka Nagar,NF,2025-2026,BE,10000,100.00,yes,glance2025-26.pdf,84,https://chennaicorporation.gov.in/gcc/Budget_2025-2026/Glance.pdf
VII,Ambattur,NG,2025-2026,BE,0,0.00,no,glance2025-26.pdf,,https://chennaicorporation.gov.in/gcc/Budget_2025-2026/Glance.pdf
VIII,Anna Nagar,NH,2025-2026,BE,0,0.00,no,glance2025-26.pdf,,https://chennaicorporation.gov.in/gcc/Budget_2025-2026/Glance.pdf
IX,Teynampet,NJ,2025-2026,BE,10000,100.00,yes,glance2025-26.pdf,93,https://chennaicorporation.gov.in/gcc/Budget_2025-2026/Glance.pdf
X,Kodambakkam,NK,2025-2026,BE,0,0.00,no,glance2025-26.pdf,,https://chennaicorporation.gov.in/gcc/Budget_2025-2026/Glance.pdf
XI,Valasaravakkam,NL,2025-2026,BE,29000,290.00,yes,glance2025-26.pdf,99,https://chennaicorporation.gov.in/gcc/Budget_2025-2026/Glance.pdf
XII,Alandur,NM,2025-2026,BE,20000,200.00,yes,glance2025-26.pdf,102,https://chennaicorporation.gov.in/gcc/Budget_2025-2026/Glance.pdf
XIII,Adyar,NN,2025-2026,BE,0,0.00,no,glance2025-26.pdf,,https://chennaicorporation.gov.in/gcc/Budget_2025-2026/Glance.pdf
XIV,Perungudi,NP,2025-2026,BE,0,0.00,yes,glance2025-26.pdf,108,https://chennaicorporation.gov.in/gcc/Budget_2025-2026/Glance.pdf
XV,Sholinganallur,NQ,2025-2026,BE,2000,20.00,yes,glance2025-26.pdf,112,https://chennaicorporation.gov.in/gcc/Budget_2025-2026/Glance.pdf
I,Thiruvottiyur,NA,2024-2025,ACTUAL,0,0.00,no,glance2026-27.pdf,,https://chennaicorporation.gov.in/gcc/Budget_2026-2027/Glance.pdf
II,Manali,NB,2024-2025,ACTUAL,0,0.00,no,glance2026-27.pdf,,https://chennaicorporation.gov.in/gcc/Budget_2026-2027/Glance.pdf
III,Madhavaram,NC,2024-2025,ACTUAL,0,0.00,no,glance2026-27.pdf,,https://chennaicorporation.gov.in/gcc/Budget_2026-2027/Glance.pdf
IV,Tondiarpet,ND,2024-2025,ACTUAL,0,0.00,no,glance2026-27.pdf,,https://chennaicorporation.gov.in/gcc/Budget_2026-2027/Glance.pdf
V,Royapuram,NE,2024-2025,ACTUAL,0,0.00,no,glance2026-27.pdf,,https://chennaicorporation.gov.in/gcc/Budget_2026-2027/Glance.pdf
VI,Thiru-Vi-Ka Nagar,NF,2024-2025,ACTUAL,11807,118.07,yes,glance2026-27.pdf,72,https://chennaicorporation.gov.in/gcc/Budget_2026-2027/Glance.pdf
VII,Ambattur,NG,2024-2025,ACTUAL,0,0.00,yes,glance2026-27.pdf,75,https://chennaicorporation.gov.in/gcc/Budget_2026-2027/Glance.pdf
VIII,Anna Nagar,NH,2024-2025,ACTUAL,0,0.00,yes,glance2026-27.pdf,78,https://chennaicorporation.gov.in/gcc/Budget_2026-2027/Glance.pdf
IX,Teynampet,NJ,2024-2025,ACTUAL,0,0.00,yes,glance2026-27.pdf,81,https://chennaicorporation.gov.in/gcc/Budget_2026-2027/Glance.pdf
X,Kodambakkam,NK,2024-2025,ACTUAL,0,0.00,no,glance2026-27.pdf,,https://chennaicorporation.gov.in/gcc/Budget_2026-2027/Glance.pdf
XI,Valasaravakkam,NL,2024-2025,ACTUAL,19564,195.64,yes,glance2026-27.pdf,88,https://chennaicorporation.gov.in/gcc/Budget_2026-2027/Glance.pdf
XII,Alandur,NM,2024-2025,ACTUAL,0,0.00,yes,glance2026-27.pdf,90,https://chennaicorporation.gov.in/gcc/Budget_2026-2027/Glance.pdf
XIII,Adyar,NN,2024-2025,ACTUAL,0,0.00,no,glance2026-27.pdf,,https://chennaicorporation.gov.in/gcc/Budget_2026-2027/Glance.pdf
XIV,Perungudi,NP,2024-2025,ACTUAL,948,9.48,yes,glance2026-27.pdf,96,https://chennaicorporation.gov.in/gcc/Budget_2026-2027/Glance.pdf
XV,Sholinganallur,NQ,2024-2025,ACTUAL,414,4.14,yes,glance2026-27.pdf,100,https://chennaicorporation.gov.in/gcc/Budget_2026-2027/Glance.pdf
I,Thiruvottiyur,NA,2025-2026,RE,0,0.00,no,glance2026-27.pdf,,https://chennaicorporation.gov.in/gcc/Budget_2026-2027/Glance.pdf
II,Manali,NB,2025-2026,RE,0,0.00,no,glance2026-27.pdf,,https://chennaicorporation.gov.in/gcc/Budget_2026-2027/Glance.pdf
III,Madhavaram,NC,2025-2026,RE,0,0.00,no,glance2026-27.pdf,,https://chennaicorporation.gov.in/gcc/Budget_2026-2027/Glance.pdf
IV,Tondiarpet,ND,2025-2026,RE,0,0.00,no,glance2026-27.pdf,,https://chennaicorporation.gov.in/gcc/Budget_2026-2027/Glance.pdf
V,Royapuram,NE,2025-2026,RE,0,0.00,no,glance2026-27.pdf,,https://chennaicorporation.gov.in/gcc/Budget_2026-2027/Glance.pdf
VI,Thiru-Vi-Ka Nagar,NF,2025-2026,RE,20000,200.00,yes,glance2026-27.pdf,72,https://chennaicorporation.gov.in/gcc/Budget_2026-2027/Glance.pdf
VII,Ambattur,NG,2025-2026,RE,8000,80.00,yes,glance2026-27.pdf,75,https://chennaicorporation.gov.in/gcc/Budget_2026-2027/Glance.pdf
VIII,Anna Nagar,NH,2025-2026,RE,38785,387.85,yes,glance2026-27.pdf,78,https://chennaicorporation.gov.in/gcc/Budget_2026-2027/Glance.pdf
IX,Teynampet,NJ,2025-2026,RE,25000,250.00,yes,glance2026-27.pdf,81,https://chennaicorporation.gov.in/gcc/Budget_2026-2027/Glance.pdf
X,Kodambakkam,NK,2025-2026,RE,0,0.00,no,glance2026-27.pdf,,https://chennaicorporation.gov.in/gcc/Budget_2026-2027/Glance.pdf
XI,Valasaravakkam,NL,2025-2026,RE,30000,300.00,yes,glance2026-27.pdf,88,https://chennaicorporation.gov.in/gcc/Budget_2026-2027/Glance.pdf
XII,Alandur,NM,2025-2026,RE,25000,250.00,yes,glance2026-27.pdf,90,https://chennaicorporation.gov.in/gcc/Budget_2026-2027/Glance.pdf
XIII,Adyar,NN,2025-2026,RE,0,0.00,no,glance2026-27.pdf,,https://chennaicorporation.gov.in/gcc/Budget_2026-2027/Glance.pdf
XIV,Perungudi,NP,2025-2026,RE,0,0.00,yes,glance2026-27.pdf,96,https://chennaicorporation.gov.in/gcc/Budget_2026-2027/Glance.pdf
XV,Sholinganallur,NQ,2025-2026,RE,2000,20.00,yes,glance2026-27.pdf,100,https://chennaicorporation.gov.in/gcc/Budget_2026-2027/Glance.pdf
I,Thiruvottiyur,NA,2026-2027,BE,0,0.00,no,glance2026-27.pdf,,https://chennaicorporation.gov.in/gcc/Budget_2026-2027/Glance.pdf
II,Manali,NB,2026-2027,BE,0,0.00,no,glance2026-27.pdf,,https://chennaicorporation.gov.in/gcc/Budget_2026-2027/Glance.pdf
III,Madhavaram,NC,2026-2027,BE,0,0.00,no,glance2026-27.pdf,,https://chennaicorporation.gov.in/gcc/Budget_2026-2027/Glance.pdf
IV,Tondiarpet,ND,2026-2027,BE,0,0.00,no,glance2026-27.pdf,,https://chennaicorporation.gov.in/gcc/Budget_2026-2027/Glance.pdf
V,Royapuram,NE,2026-2027,BE,0,0.00,no,glance2026-27.pdf,,https://chennaicorporation.gov.in/gcc/Budget_2026-2027/Glance.pdf
VI,Thiru-Vi-Ka Nagar,NF,2026-2027,BE,10000,100.00,yes,glance2026-27.pdf,72,https://chennaicorporation.gov.in/gcc/Budget_2026-2027/Glance.pdf
VII,Ambattur,NG,2026-2027,BE,5000,50.00,yes,glance2026-27.pdf,75,https://chennaicorporation.gov.in/gcc/Budget_2026-2027/Glance.pdf
VIII,Anna Nagar,NH,2026-2027,BE,5000,50.00,yes,glance2026-27.pdf,78,https://chennaicorporation.gov.in/gcc/Budget_2026-2027/Glance.pdf
IX,Teynampet,NJ,2026-2027,BE,20000,200.00,yes,glance2026-27.pdf,81,https://chennaicorporation.gov.in/gcc/Budget_2026-2027/Glance.pdf
X,Kodambakkam,NK,2026-2027,BE,0,0.00,no,glance2026-27.pdf,,https://chennaicorporation.gov.in/gcc/Budget_2026-2027/Glance.pdf
XI,Valasaravakkam,NL,2026-2027,BE,30000,300.00,yes,glance2026-27.pdf,88,https://chennaicorporation.gov.in/gcc/Budget_2026-2027/Glance.pdf
XII,Alandur,NM,2026-2027,BE,25000,250.00,yes,glance2026-27.pdf,90,https://chennaicorporation.gov.in/gcc/Budget_2026-2027/Glance.pdf
XIII,Adyar,NN,2026-2027,BE,0,0.00,no,glance2026-27.pdf,,https://chennaicorporation.gov.in/gcc/Budget_2026-2027/Glance.pdf
XIV,Perungudi,NP,2026-2027,BE,0,0.00,yes,glance2026-27.pdf,96,https://chennaicorporation.gov.in/gcc/Budget_2026-2027/Glance.pdf
XV,Sholinganallur,NQ,2026-2027,BE,5000,50.00,yes,glance2026-27.pdf,100,https://chennaicorporation.gov.in/gcc/Budget_2026-2027/Glance.pdf
