fy,dept,dept_name,acct,acct_name,act_y3,act_y2,orig_y1,rev_y1,est_comm,est_standing,est_board,fy_act_y3,fy_act_y2,fy_y1
2013-14,325,Branch Sewage Pumping Station,64505,STP Vasna/Pirana,0.00,0.07,670.00,300.00,400.00,400.00,,2010-11,2011-12,2012-13
2013-14,325,Branch Sewage Pumping Station,64511,100% cost drainage pipe line soc/GHB,0.00,0.00,5.00,5.00,5.00,5.00,,2010-11,2011-12,2012-13
2013-14,325,Branch Sewage Pumping Station,64513,25% cost drainage pipe line soc/GHB,0.59,2.31,20.00,10.00,10.00,10.00,,2010-11,2011-12,2012-13
2013-14,325,Branch Sewage Pumping Station,64514,15% cost drainage pipe line soc/GHB,5.92,12.34,20.00,40.00,20.00,20.00,,2010-11,2011-12,2012-13
2013-14,371,,78313,Drainage facility in chalis & slums,0.00,0.00,600.00,100.00,300.00,300.00,,2010-11,2011-12,2012-13
2013-14,951,Water Project,TOTAL,Water Project - department total,6552.87,2426.19,8487.00,1795.00,9235.00,10035.00,,2010-11,2011-12,2012-13
2013-14,951,Water Project,64505,STP Vasna/Pirana,0.00,0.00,71.57,0.00,0.00,0.00,,2010-11,2011-12,2012-13
2013-14,951,Water Project,64518,Drainage Project,2293.48,3144.47,7871.31,2505.00,9425.00,10225.00,,2010-11,2011-12,2012-13
2013-14,952,Drainage Project,TOTAL,Drainage Project - department total,2339.91,3208.57,8162.88,2615.05,9540.00,10540.00,,2010-11,2011-12,2012-13
2013-14,953,,64518,Drainage Project,0.00,0.00,70.00,0.00,0.00,0.00,,2010-11,2011-12,2012-13
2013-14,962,Zonal Capital Works,64507,Drainage - General,1446.57,1656.79,3522.97,1875.64,3604.05,3899.05,,2010-11,2011-12,2012-13
2013-14,962,Zonal Capital Works,64509,Storm Water Drain - General,478.84,462.24,1640.38,625.60,1034.71,1034.71,,2010-11,2011-12,2012-13
2013-14,962,Zonal Capital Works,78313,Drainage facility in chalis & slums,281.80,96.65,252.69,147.42,147.00,147.00,,2010-11,2011-12,2012-13
2013-14,962,Zonal Capital Works,TOTAL,Zonal Capital Works - department total,22369.85,17705.43,38200.00,23600.00,35200.00,37700.00,,2010-11,2011-12,2012-13
2013-14,967,JNNURM Project,64505,STP Vasna/Pirana,576.89,244.26,100.00,100.00,100.00,100.00,,2010-11,2011-12,2012-13
2013-14,967,JNNURM Project,64509,Storm Water Drain - General,5543.38,754.47,300.00,582.26,200.00,200.00,,2010-11,2011-12,2012-13
2013-14,967,JNNURM Project,64518,Drainage Project,11468.57,7381.52,8000.00,4500.00,4000.00,4000.00,,2010-11,2011-12,2012-13
2013-14,968,,64505,STP Vasna/Pirana,87.01,27.12,0.00,10.00,10.00,10.00,,2010-11,2011-12,2012-13
2013-14,968,,64507,Drainage - General,43.35,0.00,0.00,75.00,25.00,25.00,,2010-11,2011-12,2012-13
2013-14,968,,64509,Storm Water Drain - General,0.00,0.00,0.00,500.00,500.00,500.00,,2010-11,2011-12,2012-13
2013-14,968,,64518,Drainage Project,740.40,407.57,7700.00,5000.00,6000.00,6000.00,,2010-11,2011-12,2012-13
2013-14,968,,78313,Drainage facility in chalis & slums,77.40,167.47,50.00,70.00,70.00,70.00,,2010-11,2011-12,2012-13
2013-14,952,Drainage Project,TOTAL,Drainage Project - department total,39.26,0.00,0.00,0.00,0.00,0.00,,2010-11,2011-12,2012-13
2014-15,325,Branch Sewage Pumping Station,64505,STP Vasna/Pirana,0.07,91.42,400.00,350.00,500.00,500.00,500.00,2011-12,2012-13,2013-14
2014-15,325,Branch Sewage Pumping Station,64511,100% cost drainage pipe line soc/GHB,0.00,0.48,5.00,2.00,0.00,0.00,0.00,2011-12,2012-13,2013-14
2014-15,325,Branch Sewage Pumping Station,64513,25% cost drainage pipe line soc/GHB,2.31,21.40,10.00,25.00,0.00,0.00,0.00,2011-12,2012-13,2013-14
2014-15,325,Branch Sewage Pumping Station,64514,15% cost drainage pipe line soc/GHB,12.34,37.31,20.00,110.00,0.00,0.00,0.00,2011-12,2012-13,2013-14
2014-15,371,,78313,Drainage facility in chalis & slums,0.00,0.00,300.00,0.00,0.00,0.00,0.00,2011-12,2012-13,2013-14
2014-15,951,Water Project,TOTAL,Water Project - department total,2426.19,4547.67,10035.00,6150.00,4700.00,4900.00,4900.00,2011-12,2012-13,2013-14
2014-15,951,Water Project,64505,STP Vasna/Pirana,0.00,0.00,0.00,0.00,71.57,71.57,71.57,2011-12,2012-13,2013-14
2014-15,951,Water Project,64509,Storm Water Drain - General,0.00,0.00,0.00,700.00,0.00,500.00,500.00,2011-12,2012-13,2013-14
2014-15,951,Water Project,64518,Drainage Project,3144.47,3409.97,10225.00,6213.00,5828.43,8028.43,8028.43,2011-12,2012-13,2013-14
2014-15,952,Drainage Project,TOTAL,Drainage Project - department total,3208.57,3464.15,10540.00,6963.00,6000.00,8700.00,8700.00,2011-12,2012-13,2013-14
2014-15,962,Zonal Capital Works,64507,Drainage - General,1656.79,2068.47,3899.05,2766.84,4091.07,4766.07,4766.07,2011-12,2012-13,2013-14
2014-15,962,Zonal Capital Works,64509,Storm Water Drain - General,462.24,707.27,1034.71,797.06,1054.25,1354.25,1354.25,2011-12,2012-13,2013-14
2014-15,962,Zonal Capital Works,78313,Drainage facility in chalis & slums,96.65,116.36,147.00,201.51,218.34,218.34,218.34,2011-12,2012-13,2013-14
2014-15,962,Zonal Capital Works,TOTAL,Zonal Capital Works - department total,17705.43,23645.25,37700.00,23600.00,32000.00,35930.00,35930.00,2011-12,2012-13,2013-14
2014-15,967,JNNURM Project,64505,STP Vasna/Pirana,244.26,0.00,100.00,100.00,10000.00,10000.00,10000.00,2011-12,2012-13,2013-14
2014-15,967,JNNURM Project,64509,Storm Water Drain - General,754.47,282.01,200.00,200.00,0.00,0.00,0.00,2011-12,2012-13,2013-14
2014-15,967,JNNURM Project,64518,Drainage Project,7381.52,3762.28,4000.00,5500.00,4540.00,4540.00,4540.00,2011-12,2012-13,2013-14
2014-15,968,,64505,STP Vasna/Pirana,27.12,9.00,10.00,10.00,2500.00,2500.00,2500.00,2011-12,2012-13,2013-14
2014-15,968,,64507,Drainage - General,0.00,170.79,25.00,300.00,100.00,100.00,100.00,2011-12,2012-13,2013-14
2014-15,968,,64509,Storm Water Drain - General,0.00,12.56,500.00,800.00,1000.00,1000.00,1000.00,2011-12,2012-13,2013-14
2014-15,968,,64518,Drainage Project,407.57,2993.77,6000.00,2200.00,7500.00,7500.00,7500.00,2011-12,2012-13,2013-14
2014-15,968,,78313,Drainage facility in chalis & slums,167.47,53.91,70.00,0.00,50.00,50.00,50.00,2011-12,2012-13,2013-14
2015-16,325,Branch Sewage Pumping Station,64505,STP Vasna/Pirana,91.42,179.31,500.00,239.00,1738.50,1738.50,1738.50,2012-13,2013-14,2014-15
2015-16,325,Branch Sewage Pumping Station,64511,100% cost drainage pipe line soc/GHB,0.48,0.24,0.00,0.00,0.00,0.00,0.00,2012-13,2013-14,2014-15
2015-16,325,Branch Sewage Pumping Station,64513,25% cost drainage pipe line soc/GHB,21.40,9.16,0.00,0.00,0.00,0.00,0.00,2012-13,2013-14,2014-15
2015-16,325,Branch Sewage Pumping Station,64514,15% cost drainage pipe line soc/GHB,37.31,131.58,0.00,10.00,0.00,0.00,0.00,2012-13,2013-14,2014-15
2015-16,371,,78313,Drainage facility in chalis & slums,0.00,0.00,0.00,0.00,0.00,100.00,100.00,2012-13,2013-14,2014-15
2015-16,951,Water Project,TOTAL,Water Project - department total,4547.67,5973.78,4900.00,7548.27,9871.60,10821.60,10821.60,2012-13,2013-14,2014-15
2015-16,951,Water Project,64505,STP Vasna/Pirana,0.00,0.00,71.57,0.00,0.00,0.00,0.00,2012-13,2013-14,2014-15
2015-16,951,Water Project,64509,Storm Water Drain - General,0.00,670.72,500.00,0.00,1810.00,1910.00,1910.00,2012-13,2013-14,2014-15
2015-16,951,Water Project,64518,Drainage Project,3409.97,4696.47,8028.43,8233.29,10786.50,12736.50,12736.50,2012-13,2013-14,2014-15
2015-16,952,Drainage Project,TOTAL,Drainage Project - department total,3464.15,5367.19,8700.00,8233.29,17596.50,19646.50,19646.50,2012-13,2013-14,2014-15
2015-16,962,Zonal Capital Works,64507,Drainage - General,2068.47,2917.94,4766.07,2094.41,5049.97,5349.97,5349.97,2012-13,2013-14,2014-15
2015-16,962,Zonal Capital Works,64509,Storm Water Drain - General,707.27,637.08,1354.25,325.53,2173.15,2173.15,2173.15,2012-13,2013-14,2014-15
2015-16,962,Zonal Capital Works,64510,Drainage pipe line - prevent water-logging,0.00,0.00,0.00,0.00,1125.00,1125.00,1125.00,2012-13,2013-14,2014-15
2015-16,962,Zonal Capital Works,78313,Drainage facility in chalis & slums,116.36,183.48,218.34,145.49,127.35,127.35,127.35,2012-13,2013-14,2014-15
2015-16,962,Zonal Capital Works,TOTAL,Zonal Capital Works - department total,23645.25,20575.10,35930.00,14621.51,34000.00,35200.00,35200.00,2012-13,2013-14,2014-15
2015-16,967,JNNURM Project,64505,STP Vasna/Pirana,0.00,138.41,10000.00,243.61,0.00,0.00,0.00,2012-13,2013-14,2014-15
2015-16,967,JNNURM Project,64509,Storm Water Drain - General,282.01,21.10,0.00,10.00,0.00,0.00,0.00,2012-13,2013-14,2014-15
2015-16,967,JNNURM Project,64518,Drainage Project,3762.28,4889.12,4540.00,2600.00,2048.35,2048.35,2048.35,2012-13,2013-14,2014-15
2015-16,968,,64505,STP Vasna/Pirana,9.00,5.50,2500.00,0.00,0.00,0.00,0.00,2012-13,2013-14,2014-15
2015-16,968,,64507,Drainage - General,170.79,189.98,100.00,100.00,100.00,100.00,100.00,2012-13,2013-14,2014-15
2015-16,968,,64509,Storm Water Drain - General,12.56,70.51,1000.00,2698.60,2426.55,2426.55,2426.55,2012-13,2013-14,2014-15
2015-16,968,,64518,Drainage Project,2993.77,2209.03,7500.00,3122.08,3915.20,3915.20,3915.20,2012-13,2013-14,2014-15
2015-16,968,,78313,Drainage facility in chalis & slums,53.91,3.29,50.00,50.00,50.00,50.00,50.00,2012-13,2013-14,2014-15
2015-16,952,Drainage Project,TOTAL,Drainage Project - department total,0.00,0.00,0.00,0.00,5000.00,5000.00,5000.00,2012-13,2013-14,2014-15
2016-17,325,Branch Sewage Pumping Station,64505,STP Vasna/Pirana,179.31,41.19,1738.50,450.00,400.00,400.00,400.00,2013-14,2014-15,2015-16
2016-17,325,Branch Sewage Pumping Station,64511,100% cost drainage pipe line soc/GHB,0.24,0.00,0.00,0.00,0.00,0.00,0.00,2013-14,2014-15,2015-16
2016-17,325,Branch Sewage Pumping Station,64514,15% cost drainage pipe line soc/GHB,131.58,13.74,0.00,0.00,0.00,0.00,0.00,2013-14,2014-15,2015-16
2016-17,371,,78313,Drainage facility in chalis & slums,0.00,0.00,100.00,25.00,25.00,25.00,25.00,2013-14,2014-15,2015-16
2016-17,951,Water Project,TOTAL,Water Project - department total,5973.78,7975.71,10821.60,10000.00,11650.00,12350.00,12350.00,2013-14,2014-15,2015-16
2016-17,951,Water Project,64509,Storm Water Drain - General,670.72,210.17,1910.00,2600.00,2000.00,2000.00,2000.00,2013-14,2014-15,2015-16
2016-17,951,Water Project,64518,Drainage Project,4696.47,8413.23,12736.50,10000.00,11300.00,12600.00,12600.00,2013-14,2014-15,2015-16
2016-17,952,Drainage Project,TOTAL,Drainage Project - department total,5367.19,8653.40,19646.50,13600.00,20800.00,22100.00,22100.00,2013-14,2014-15,2015-16
2016-17,962,Zonal Capital Works,64507,Drainage - General,2917.94,2252.38,5349.97,2039.79,4468.31,4768.31,4768.31,2013-14,2014-15,2015-16
2016-17,962,Zonal Capital Works,64509,Storm Water Drain - General,637.08,342.44,2173.15,475.01,1349.09,1349.09,1349.09,2013-14,2014-15,2015-16
2016-17,962,Zonal Capital Works,64510,Drainage pipe line - prevent water-logging,0.00,0.00,1125.00,0.00,1000.00,1000.00,1000.00,2013-14,2014-15,2015-16
2016-17,962,Zonal Capital Works,78313,Drainage facility in chalis & slums,183.48,109.21,127.35,115.90,258.58,258.58,258.58,2013-14,2014-15,2015-16
2016-17,962,Zonal Capital Works,TOTAL,Zonal Capital Works - department total,20575.10,14566.15,35200.00,14935.00,36000.00,37100.00,37100.00,2013-14,2014-15,2015-16
2016-17,967,JNNURM Project,64505,STP Vasna/Pirana,138.41,32.50,0.00,250.00,3500.00,3500.00,3500.00,2013-14,2014-15,2015-16
2016-17,967,JNNURM Project,64509,Storm Water Drain - General,21.10,0.00,0.00,120.00,0.00,0.00,0.00,2013-14,2014-15,2015-16
2016-17,967,JNNURM Project,64518,Drainage Project,4889.12,1696.44,2048.35,2500.00,1000.00,1000.00,1000.00,2013-14,2014-15,2015-16
2016-17,968,,64505,STP Vasna/Pirana,5.50,0.00,0.00,0.00,0.00,0.00,0.00,2013-14,2014-15,2015-16
2016-17,968,,64507,Drainage - General,189.98,46.02,100.00,50.00,100.00,100.00,100.00,2013-14,2014-15,2015-16
2016-17,968,,64509,Storm Water Drain - General,70.51,1874.51,2426.55,5382.52,1521.80,1521.80,1521.80,2013-14,2014-15,2015-16
2016-17,968,,64518,Drainage Project,2209.03,2349.66,3915.20,4081.89,6427.12,6427.12,6427.12,2013-14,2014-15,2015-16
2016-17,968,,78313,Drainage facility in chalis & slums,3.29,0.28,50.00,10.00,25.00,25.00,25.00,2013-14,2014-15,2015-16
2016-17,969,,64505,STP Vasna/Pirana,0.00,0.00,0.00,500.00,3000.00,3000.00,3000.00,2013-14,2014-15,2015-16
2016-17,952,Drainage Project,TOTAL,Drainage Project - department total,0.00,0.00,5000.00,2000.00,5000.00,5000.00,5000.00,2013-14,2014-15,2015-16
2017-18,325,Branch Sewage Pumping Station,64505,STP Vasna/Pirana,41.19,359.75,400.00,455.00,975.00,975.00,975.00,2014-15,2015-16,2016-17
2017-18,325,Branch Sewage Pumping Station,64514,15% cost drainage pipe line soc/GHB,13.74,8.36,0.00,0.00,0.00,0.00,0.00,2014-15,2015-16,2016-17
2017-18,371,,78313,Drainage facility in chalis & slums,0.00,0.00,25.00,10.00,25.00,25.00,25.00,2014-15,2015-16,2016-17
2017-18,951,Water Project,TOTAL,Water Project - department total,7975.71,8016.51,12350.00,4490.00,12550.00,16175.00,16175.00,2014-15,2015-16,2016-17
2017-18,951,Water Project,64509,Storm Water Drain - General,210.17,2499.90,2000.00,837.00,2000.00,2400.00,2400.00,2014-15,2015-16,2016-17
2017-18,951,Water Project,64518,Drainage Project,8413.23,9973.92,12600.00,6600.00,12000.00,12225.00,12225.00,2014-15,2015-16,2016-17
2017-18,952,Drainage Project,TOTAL,Drainage Project - department total,8653.40,12516.56,22100.00,9437.00,22400.00,23025.00,23025.00,2014-15,2015-16,2016-17
2017-18,962,Zonal Capital Works,64507,Drainage - General,2252.38,1961.39,4768.31,2172.34,4910.60,4910.60,4910.60,2014-15,2015-16,2016-17
2017-18,962,Zonal Capital Works,64509,Storm Water Drain - General,342.44,457.01,1349.09,472.93,1624.11,1624.11,1624.11,2014-15,2015-16,2016-17
2017-18,962,Zonal Capital Works,64510,Drainage pipe line - prevent water-logging,0.00,0.00,1000.00,0.00,950.00,950.00,950.00,2014-15,2015-16,2016-17
2017-18,962,Zonal Capital Works,78313,Drainage facility in chalis & slums,109.21,105.53,258.58,110.00,336.94,336.94,336.94,2014-15,2015-16,2016-17
2017-18,962,Zonal Capital Works,TOTAL,Zonal Capital Works - department total,14566.15,12600.64,37100.00,14500.00,37000.00,37000.00,37000.00,2014-15,2015-16,2016-17
2017-18,967,JNNURM Project,64505,STP Vasna/Pirana,32.50,0.00,3500.00,0.00,962.00,962.00,962.00,2014-15,2015-16,2016-17
2017-18,967,JNNURM Project,64509,Storm Water Drain - General,0.00,13.06,0.00,55.00,700.00,700.00,700.00,2014-15,2015-16,2016-17
2017-18,967,JNNURM Project,64518,Drainage Project,1696.44,2470.31,1000.00,1339.10,2442.00,2442.00,2442.00,2014-15,2015-16,2016-17
2017-18,968,,64505,STP Vasna/Pirana,0.00,15.71,0.00,200.00,200.00,200.00,200.00,2014-15,2015-16,2016-17
2017-18,968,,64507,Drainage - General,46.02,55.56,100.00,200.00,200.00,200.00,200.00,2014-15,2015-16,2016-17
2017-18,968,,64509,Storm Water Drain - General,1874.51,6033.33,1521.80,4956.96,1500.00,1500.00,1500.00,2014-15,2015-16,2016-17
2017-18,968,,64518,Drainage Project,2349.66,4738.06,6427.12,7500.00,6500.00,6500.00,6500.00,2014-15,2015-16,2016-17
2017-18,968,,78313,Drainage facility in chalis & slums,0.28,0.00,25.00,0.00,0.00,0.00,0.00,2014-15,2015-16,2016-17
2017-18,969,,64505,STP Vasna/Pirana,0.00,0.00,3000.00,1770.00,6500.00,6500.00,6500.00,2014-15,2015-16,2016-17
2017-18,952,Drainage Project,TOTAL,Drainage Project - department total,0.00,739.00,5000.00,1000.00,5000.00,5000.00,5000.00,2014-15,2015-16,2016-17
2018-19,325,Branch Sewage Pumping Station,64505,STP Vasna/Pirana,359.75,452.96,975.00,600.00,800.00,800.00,800.00,2015-16,2016-17,2017-18
2018-19,325,Branch Sewage Pumping Station,64514,15% cost drainage pipe line soc/GHB,8.36,0.00,0.00,0.00,0.00,0.00,0.00,2015-16,2016-17,2017-18
2018-19,371,,78313,Drainage facility in chalis & slums,0.00,0.00,25.00,10.00,25.00,25.00,25.00,2015-16,2016-17,2017-18
2018-19,951,Water Project,TOTAL,Water Project - department total,8016.51,2876.10,16175.00,6400.00,13100.00,14275.00,14275.00,2015-16,2016-17,2017-18
2018-19,951,Water Project,64505,STP Vasna/Pirana,0.00,0.00,0.00,0.00,0.00,1000.00,1000.00,2015-16,2016-17,2017-18
2018-19,951,Water Project,64509,Storm Water Drain - General,2499.90,352.72,2400.00,1500.00,3000.00,3000.00,3000.00,2015-16,2016-17,2017-18
2018-19,951,Water Project,64518,Drainage Project,9973.92,4842.61,12225.00,5740.00,12200.00,12675.00,12675.00,2015-16,2016-17,2017-18
2018-19,952,Drainage Project,TOTAL,Drainage Project - department total,12516.56,8225.13,23025.00,11690.00,24700.00,26175.00,26175.00,2015-16,2016-17,2017-18
2018-19,962,Zonal Capital Works,64507,Drainage - General,1961.39,2440.42,4910.60,2619.46,6357.26,6357.26,6357.26,2015-16,2016-17,2017-18
2018-19,962,Zonal Capital Works,64509,Storm Water Drain - General,457.01,339.06,1624.11,591.83,2032.06,2032.06,2032.06,2015-16,2016-17,2017-18
2018-19,962,Zonal Capital Works,64510,Drainage pipe line - prevent water-logging,0.00,0.00,950.00,0.00,1000.00,1000.00,1000.00,2015-16,2016-17,2017-18
2018-19,962,Zonal Capital Works,78313,Drainage facility in chalis & slums,105.53,200.51,336.94,311.60,262.88,262.88,262.88,2015-16,2016-17,2017-18
2018-19,962,Zonal Capital Works,TOTAL,Zonal Capital Works - department total,12600.64,14513.64,37000.00,16500.00,38000.00,38000.00,38000.00,2015-16,2016-17,2017-18
2018-19,967,JNNURM Project,64505,STP Vasna/Pirana,0.00,0.00,962.00,264.00,780.00,780.00,780.00,2015-16,2016-17,2017-18
2018-19,967,JNNURM Project,64509,Storm Water Drain - General,13.06,0.00,700.00,155.00,700.00,700.00,700.00,2015-16,2016-17,2017-18
2018-19,967,JNNURM Project,64518,Drainage Project,2470.31,1197.99,2442.00,1650.00,1250.00,1250.00,1250.00,2015-16,2016-17,2017-18
2018-19,968,,64505,STP Vasna/Pirana,15.71,116.50,200.00,100.00,1000.00,1000.00,1000.00,2015-16,2016-17,2017-18
2018-19,968,,64507,Drainage - General,55.56,237.46,200.00,200.00,200.00,200.00,200.00,2015-16,2016-17,2017-18
2018-19,968,,64509,Storm Water Drain - General,6033.33,3821.39,1500.00,3000.00,1550.00,1550.00,1550.00,2015-16,2016-17,2017-18
2018-19,968,,64518,Drainage Project,4738.06,4422.05,6500.00,6000.00,5500.00,5500.00,5500.00,2015-16,2016-17,2017-18
2018-19,968,,78313,Drainage facility in chalis & slums,0.00,0.00,0.00,20.00,20.00,20.00,20.00,2015-16,2016-17,2017-18
2018-19,969,,64505,STP Vasna/Pirana,0.00,200.59,6500.00,3400.00,10000.00,10000.00,10000.00,2015-16,2016-17,2017-18
2018-19,952,Drainage Project,TOTAL,Drainage Project - department total,739.00,1600.00,5000.00,5000.00,2000.00,2000.00,2000.00,2015-16,2016-17,2017-18
2019-20,325,Branch Sewage Pumping Station,64505,STP Vasna/Pirana,452.96,338.51,800.00,550.00,3500.00,4500.00,4500.00,2016-17,2017-18,2018-19
2019-20,371,,78313,Drainage facility in chalis & slums,0.00,0.00,25.00,25.00,25.00,25.00,25.00,2016-17,2017-18,2018-19
2019-20,951,Water Project,TOTAL,Water Project - department total,2876.10,3693.15,14275.00,4850.00,15500.00,15800.00,15800.00,2016-17,2017-18,2018-19
2019-20,951,Water Project,64505,STP Vasna/Pirana,0.00,0.00,1000.00,0.00,0.00,0.00,0.00,2016-17,2017-18,2018-19
2019-20,951,Water Project,64509,Storm Water Drain - General,352.72,961.26,3000.00,1500.00,3500.00,4500.00,4500.00,2016-17,2017-18,2018-19
2019-20,951,Water Project,64518,Drainage Project,4842.61,3095.72,12675.00,6750.00,18000.00,18300.00,18300.00,2016-17,2017-18,2018-19
2019-20,952,Drainage Project,TOTAL,Drainage Project - department total,8225.13,7170.54,26175.00,10250.00,31000.00,32300.00,32300.00,2016-17,2017-18,2018-19
2019-20,962,Zonal Capital Works,64507,Drainage - General,2440.42,2049.26,6357.26,2866.62,6384.06,6384.06,6384.06,2016-17,2017-18,2018-19
2019-20,962,Zonal Capital Works,64509,Storm Water Drain - General,339.06,435.53,2032.06,768.76,2024.77,2024.77,2024.77,2016-17,2017-18,2018-19
2019-20,962,Zonal Capital Works,64510,Drainage pipe line - prevent water-logging,0.00,0.00,1000.00,0.00,1050.00,1050.00,1050.00,2016-17,2017-18,2018-19
2019-20,962,Zonal Capital Works,78313,Drainage facility in chalis & slums,200.51,172.35,262.88,243.97,265.00,265.00,265.00,2016-17,2017-18,2018-19
2019-20,962,Zonal Capital Works,TOTAL,Zonal Capital Works - department total,14513.64,12833.87,38000.00,18000.00,45000.00,45000.00,45000.00,2016-17,2017-18,2018-19
2019-20,967,JNNURM Project,64505,STP Vasna/Pirana,0.00,0.00,780.00,250.00,400.00,400.00,400.00,2016-17,2017-18,2018-19
2019-20,967,JNNURM Project,64509,Storm Water Drain - General,0.00,33.18,700.00,0.00,0.00,0.00,0.00,2016-17,2017-18,2018-19
2019-20,967,JNNURM Project,64518,Drainage Project,1197.99,552.94,1250.00,400.00,200.00,200.00,200.00,2016-17,2017-18,2018-19
2019-20,968,,64505,STP Vasna/Pirana,116.50,17.07,1000.00,0.00,0.00,0.00,0.00,2016-17,2017-18,2018-19
2019-20,968,,64507,Drainage - General,237.46,139.82,200.00,200.00,200.00,200.00,200.00,2016-17,2017-18,2018-19
2019-20,968,,64509,Storm Water Drain - General,3821.39,776.63,1550.00,1200.00,1500.00,1500.00,1500.00,2016-17,2017-18,2018-19
2019-20,968,,64518,Drainage Project,4422.05,5310.78,5500.00,5000.00,5400.00,5400.00,5400.00,2016-17,2017-18,2018-19
2019-20,968,,78313,Drainage facility in chalis & slums,0.00,3.55,20.00,20.00,20.00,20.00,20.00,2016-17,2017-18,2018-19
2019-20,969,,64505,STP Vasna/Pirana,200.59,2932.18,10000.00,7300.00,13700.00,13700.00,13700.00,2016-17,2017-18,2018-19
2019-20,952,Drainage Project,TOTAL,Drainage Project - department total,1600.00,6040.00,2000.00,1000.00,6000.00,6000.00,6000.00,2016-17,2017-18,2018-19
2020-21,325,Branch Sewage Pumping Station,64505,STP Vasna/Pirana,338.51,327.21,4500.00,2051.21,3500.00,10500.00,10500.00,2017-18,2018-19,2019-20
2020-21,325,Branch Sewage Pumping Station,64507,Drainage - General,0.00,0.00,0.00,50.00,0.00,0.00,0.00,2017-18,2018-19,2019-20
2020-21,371,,78313,Drainage facility in chalis & slums,0.00,0.00,25.00,25.00,25.00,25.00,25.00,2017-18,2018-19,2019-20
2020-21,951,Water Project,TOTAL,Water Project - department total,3693.15,3966.77,15800.00,8934.04,15593.33,19793.33,19793.33,2017-18,2018-19,2019-20
2020-21,951,Water Project,64509,Storm Water Drain - General,961.26,1030.53,4500.00,1500.00,3500.00,3500.00,3500.00,2017-18,2018-19,2019-20
2020-21,951,Water Project,64518,Drainage Project,3095.72,6259.32,18300.00,9500.00,18500.00,21000.00,21000.00,2017-18,2018-19,2019-20
2020-21,952,Drainage Project,TOTAL,Drainage Project - department total,7170.54,8440.45,32300.00,22202.00,42023.17,44523.17,44523.17,2017-18,2018-19,2019-20
2020-21,962,Zonal Capital Works,64507,Drainage - General,2049.26,2722.78,6384.06,3209.14,7370.88,7370.88,7370.88,2017-18,2018-19,2019-20
2020-21,962,Zonal Capital Works,64509,Storm Water Drain - General,435.53,603.01,2024.77,895.01,2782.44,2782.44,2782.44,2017-18,2018-19,2019-20
2020-21,962,Zonal Capital Works,64510,Drainage pipe line - prevent water-logging,0.00,0.00,1050.00,0.00,1250.00,1250.00,1250.00,2017-18,2018-19,2019-20
2020-21,962,Zonal Capital Works,78313,Drainage facility in chalis & slums,172.35,325.95,265.00,173.38,145.00,145.00,145.00,2017-18,2018-19,2019-20
2020-21,962,Zonal Capital Works,TOTAL,Zonal Capital Works - department total,12833.87,19217.63,45000.00,20812.50,50000.00,50000.00,50000.00,2017-18,2018-19,2019-20
2020-21,967,JNNURM Project,64505,STP Vasna/Pirana,0.00,7.42,400.00,50.00,451.12,451.12,451.12,2017-18,2018-19,2019-20
2020-21,967,JNNURM Project,64509,Storm Water Drain - General,33.18,0.00,0.00,250.00,0.00,0.00,0.00,2017-18,2018-19,2019-20
2020-21,967,JNNURM Project,64518,Drainage Project,552.94,196.60,200.00,50.00,0.00,0.00,0.00,2017-18,2018-19,2019-20
2020-21,968,,64505,STP Vasna/Pirana,17.07,0.00,0.00,0.00,0.00,0.00,0.00,2017-18,2018-19,2019-20
2020-21,968,,64507,Drainage - General,139.82,302.31,200.00,500.00,200.00,200.00,200.00,2017-18,2018-19,2019-20
2020-21,968,,64509,Storm Water Drain - General,776.63,923.74,1500.00,1576.89,1500.00,1500.00,1500.00,2017-18,2018-19,2019-20
2020-21,968,,64518,Drainage Project,5310.78,2951.55,5400.00,6525.72,5446.45,5446.45,5446.45,2017-18,2018-19,2019-20
2020-21,968,,78313,Drainage facility in chalis & slums,3.55,0.00,20.00,20.00,20.00,20.00,20.00,2017-18,2018-19,2019-20
2020-21,969,,64505,STP Vasna/Pirana,2932.18,7615.75,13700.00,9597.00,11500.00,11500.00,11500.00,2017-18,2018-19,2019-20
2020-21,952,Drainage Project,TOTAL,Drainage Project - department total,6040.00,0.00,6000.00,12500.00,43500.00,43500.00,43500.00,2017-18,2018-19,2019-20
2021-22,325,Branch Sewage Pumping Station,64505,STP Vasna/Pirana,327.21,1102.94,10500.00,1100.00,3500.00,3500.00,3500.00,2018-19,2019-20,2020-21
2021-22,325,Branch Sewage Pumping Station,64507,Drainage - General,0.00,23.86,0.00,0.00,0.00,0.00,0.00,2018-19,2019-20,2020-21
2021-22,371,,78313,Drainage facility in chalis & slums,0.00,0.00,25.00,10.00,25.00,25.00,25.00,2018-19,2019-20,2020-21
2021-22,951,Water Project,TOTAL,Water Project - department total,3966.77,6302.83,19793.33,4700.00,5700.00,10100.00,10100.00,2018-19,2019-20,2020-21
2021-22,951,Water Project,64509,Storm Water Drain - General,1030.53,593.71,3500.00,1000.00,15000.00,15000.00,15000.00,2018-19,2019-20,2020-21
2021-22,951,Water Project,64518,Drainage Project,6259.32,8816.30,21000.00,7400.00,20000.00,21500.00,21500.00,2018-19,2019-20,2020-21
2021-22,952,Drainage Project,TOTAL,Drainage Project - department total,8440.45,21182.41,44523.17,16500.00,40650.00,42650.00,42650.00,2018-19,2019-20,2020-21
2021-22,962,Zonal Capital Works,64507,Drainage - General,2722.78,3062.31,7370.88,3591.51,8014.09,8014.09,8014.09,2018-19,2019-20,2020-21
2021-22,962,Zonal Capital Works,64509,Storm Water Drain - General,603.01,885.10,2782.44,1035.00,2443.02,2443.02,2443.02,2018-19,2019-20,2020-21
2021-22,962,Zonal Capital Works,64510,Drainage pipe line - prevent water-logging,0.00,0.00,1250.00,0.00,1150.00,1150.00,1150.00,2018-19,2019-20,2020-21
2021-22,962,Zonal Capital Works,78313,Drainage facility in chalis & slums,325.95,190.02,145.00,126.99,222.50,222.50,222.50,2018-19,2019-20,2020-21
2021-22,962,Zonal Capital Works,TOTAL,Zonal Capital Works - department total,19217.63,19913.20,50000.00,20003.90,50000.00,50000.00,50000.00,2018-19,2019-20,2020-21
2021-22,967,JNNURM Project,64505,STP Vasna/Pirana,7.42,0.00,451.12,0.00,0.00,0.00,0.00,2018-19,2019-20,2020-21
2021-22,967,JNNURM Project,64509,Storm Water Drain - General,0.00,191.40,0.00,0.00,0.00,0.00,0.00,2018-19,2019-20,2020-21
2021-22,967,JNNURM Project,64518,Drainage Project,196.60,0.00,0.00,0.00,0.00,0.00,0.00,2018-19,2019-20,2020-21
2021-22,968,,64507,Drainage - General,302.31,352.55,200.00,1500.00,200.00,200.00,200.00,2018-19,2019-20,2020-21
2021-22,968,,64509,Storm Water Drain - General,923.74,727.88,1500.00,2100.00,500.00,500.00,500.00,2018-19,2019-20,2020-21
2021-22,968,,64518,Drainage Project,2951.55,5794.68,5446.45,4000.00,2000.00,2000.00,2000.00,2018-19,2019-20,2020-21
2021-22,968,,78313,Drainage facility in chalis & slums,0.00,0.00,20.00,20.00,20.00,20.00,20.00,2018-19,2019-20,2020-21
2021-22,969,,64505,STP Vasna/Pirana,7615.75,9037.12,11500.00,7500.00,7500.00,7500.00,7500.00,2018-19,2019-20,2020-21
2021-22,952,Drainage Project,TOTAL,Drainage Project - department total,0.00,14689.00,43500.00,10000.00,10000.00,10000.00,10000.00,2018-19,2019-20,2020-21
2022-23,325,Branch Sewage Pumping Station,64505,STP Vasna/Pirana,1102.94,1301.94,3500.00,2500.00,2500.00,3100.00,3100.00,2019-20,2020-21,2021-22
2022-23,325,Branch Sewage Pumping Station,64507,Drainage - General,23.86,0.00,0.00,0.00,0.00,600.00,600.00,2019-20,2020-21,2021-22
2022-23,371,,78313,Drainage facility in chalis & slums,0.00,0.00,25.00,25.00,25.00,25.00,25.00,2019-20,2020-21,2021-22
2022-23,951,Water Project,TOTAL,Water Project - department total,6302.83,5820.23,10100.00,4500.00,6000.00,8950.00,8950.00,2019-20,2020-21,2021-22
2022-23,951,Water Project,64509,Storm Water Drain - General,593.71,1194.30,15000.00,1500.00,9480.00,10280.00,10280.00,2019-20,2020-21,2021-22
2022-23,951,Water Project,64518,Drainage Project,8816.30,11022.80,21500.00,12500.00,20000.00,21350.00,21350.00,2019-20,2020-21,2021-22
2022-23,951,Water Project,64519,Kharicut Canal,0.00,0.00,0.00,0.00,1520.00,1520.00,1520.00,2019-20,2020-21,2021-22
2022-23,952,Drainage Project,TOTAL,Drainage Project - department total,21182.41,17825.01,42650.00,17000.00,31590.00,34240.00,34240.00,2019-20,2020-21,2021-22
2022-23,962,Zonal Capital Works,64507,Drainage - General,3062.31,2956.39,8014.09,4204.77,8189.38,8189.38,8189.38,2019-20,2020-21,2021-22
2022-23,962,Zonal Capital Works,64509,Storm Water Drain - General,885.10,936.00,2443.02,1064.88,2600.72,2600.72,2600.72,2019-20,2020-21,2021-22
2022-23,962,Zonal Capital Works,64510,Drainage pipe line - prevent water-logging,0.00,0.00,1150.00,0.00,865.00,865.00,865.00,2019-20,2020-21,2021-22
2022-23,962,Zonal Capital Works,78313,Drainage facility in chalis & slums,190.02,112.73,222.50,139.52,268.99,268.99,268.99,2019-20,2020-21,2021-22
2022-23,962,Zonal Capital Works,TOTAL,Zonal Capital Works - department total,19913.20,16157.86,50000.00,22210.00,50000.00,50000.00,50000.00,2019-20,2020-21,2021-22
2022-23,967,JNNURM Project,64509,Storm Water Drain - General,191.40,0.00,0.00,75.00,0.00,0.00,0.00,2019-20,2020-21,2021-22
2022-23,968,,64507,Drainage - General,352.55,1333.99,200.00,3000.00,2500.00,2500.00,2500.00,2019-20,2020-21,2021-22
2022-23,968,,64509,Storm Water Drain - General,727.88,1733.26,500.00,1000.00,500.00,500.00,500.00,2019-20,2020-21,2021-22
2022-23,968,,64518,Drainage Project,5794.68,4454.53,2000.00,4000.00,3000.00,3000.00,3000.00,2019-20,2020-21,2021-22
2022-23,968,,78313,Drainage facility in chalis & slums,0.00,0.00,20.00,20.00,20.00,20.00,20.00,2019-20,2020-21,2021-22
2022-23,969,,64505,STP Vasna/Pirana,9037.12,4134.35,7500.00,7500.00,7500.00,7500.00,7500.00,2019-20,2020-21,2021-22
2022-23,952,Drainage Project,TOTAL,Drainage Project - department total,14689.00,0.00,10000.00,2500.00,2500.00,2500.00,2500.00,2019-20,2020-21,2021-22
2023-24,325,Branch Sewage Pumping Station,64505,STP Vasna/Pirana,1301.94,1865.71,3100.00,1000.00,1000.00,1000.00,1000.00,2020-21,2021-22,2022-23
2023-24,325,Branch Sewage Pumping Station,64507,Drainage - General,0.00,0.00,600.00,0.00,0.00,1600.00,1600.00,2020-21,2021-22,2022-23
2023-24,371,,78313,Drainage facility in chalis & slums,0.00,0.00,25.00,25.00,25.00,25.00,25.00,2020-21,2021-22,2022-23
2023-24,951,Water Project,TOTAL,Water Project - department total,5820.23,3833.07,8950.00,5000.00,5325.00,5625.00,5625.00,2020-21,2021-22,2022-23
2023-24,951,Water Project,64509,Storm Water Drain - General,1194.30,816.44,10280.00,1000.00,5000.00,5000.00,5000.00,2020-21,2021-22,2022-23
2023-24,951,Water Project,64518,Drainage Project,11022.80,13049.46,21350.00,6200.00,16475.00,16475.00,16475.00,2020-21,2021-22,2022-23
2023-24,951,Water Project,64519,Kharicut Canal,0.00,0.00,1520.00,1000.00,1000.00,1000.00,1000.00,2020-21,2021-22,2022-23
2023-24,952,Drainage Project,TOTAL,Drainage Project - department total,17825.01,15980.42,34240.00,9700.00,22525.00,22525.00,22525.00,2020-21,2021-22,2022-23
2023-24,962,Zonal Capital Works,64507,Drainage - General,2956.39,5182.21,8189.38,4641.36,7543.70,7543.70,7543.70,2020-21,2021-22,2022-23
2023-24,962,Zonal Capital Works,64509,Storm Water Drain - General,936.00,1031.69,2600.72,1240.94,2884.65,2884.65,2884.65,2020-21,2021-22,2022-23
2023-24,962,Zonal Capital Works,64510,Drainage pipe line - prevent water-logging,0.00,0.00,865.00,0.00,1065.00,1065.00,1065.00,2020-21,2021-22,2022-23
2023-24,962,Zonal Capital Works,78313,Drainage facility in chalis & slums,112.73,175.27,268.99,138.56,240.00,240.00,240.00,2020-21,2021-22,2022-23
2023-24,962,Zonal Capital Works,TOTAL,Zonal Capital Works - department total,16157.86,25529.58,50000.00,26400.00,50000.00,50000.00,50000.00,2020-21,2021-22,2022-23
2023-24,967,JNNURM Project,64509,Storm Water Drain - General,0.00,37.17,0.00,135.00,0.00,0.00,0.00,2020-21,2021-22,2022-23
2023-24,967,JNNURM Project,64518,Drainage Project,0.00,0.00,0.00,175.00,0.00,0.00,0.00,2020-21,2021-22,2022-23
2023-24,968,,64507,Drainage - General,1333.99,2654.50,2500.00,2000.00,1000.00,1000.00,1000.00,2020-21,2021-22,2022-23
2023-24,968,,64509,Storm Water Drain - General,1733.26,804.47,500.00,800.00,1500.00,1500.00,1500.00,2020-21,2021-22,2022-23
2023-24,968,,64518,Drainage Project,4454.53,4413.63,3000.00,6000.00,3000.00,3000.00,3000.00,2020-21,2021-22,2022-23
2023-24,968,,64519,Kharicut Canal,0.00,0.00,0.00,1000.00,2500.00,2500.00,2500.00,2020-21,2021-22,2022-23
2023-24,968,,78313,Drainage facility in chalis & slums,0.00,0.00,20.00,80.00,25.00,25.00,25.00,2020-21,2021-22,2022-23
2023-24,969,,64505,STP Vasna/Pirana,4134.35,6908.00,7500.00,4000.00,7225.00,7225.00,7225.00,2020-21,2021-22,2022-23
2023-24,952,Drainage Project,TOTAL,Drainage Project - department total,0.00,0.00,2500.00,1000.00,0.00,0.00,0.00,2020-21,2021-22,2022-23
2024-25,325,Branch Sewage Pumping Station,64505,STP Vasna/Pirana,1865.71,840.63,1000.00,1280.00,1000.00,1000.00,1000.00,2021-22,2022-23,2023-24
2024-25,325,Branch Sewage Pumping Station,64507,Drainage - General,0.00,0.00,1600.00,0.00,0.00,4000.00,4000.00,2021-22,2022-23,2023-24
2024-25,371,,78313,Drainage facility in chalis & slums,0.00,0.00,25.00,25.00,25.00,25.00,25.00,2021-22,2022-23,2023-24
2024-25,951,Water Project,TOTAL,Water Project - department total,3833.07,5916.79,5625.00,6500.00,5000.00,5500.00,5500.00,2021-22,2022-23,2023-24
2024-25,951,Water Project,64505,STP Vasna/Pirana,0.00,0.00,0.00,0.00,1500.00,16500.00,16500.00,2021-22,2022-23,2023-24
2024-25,951,Water Project,64509,Storm Water Drain - General,816.44,196.47,5000.00,2500.00,5000.00,5000.00,5000.00,2021-22,2022-23,2023-24
2024-25,951,Water Project,64518,Drainage Project,13049.46,10002.66,16475.00,11750.00,10000.00,21000.00,21000.00,2021-22,2022-23,2023-24
2024-25,951,Water Project,64519,Kharicut Canal,0.00,4954.68,1000.00,1000.00,500.00,500.00,500.00,2021-22,2022-23,2023-24
2024-25,952,Drainage Project,TOTAL,Drainage Project - department total,15980.42,16557.82,22525.00,15300.00,17325.00,43325.00,43325.00,2021-22,2022-23,2023-24
2024-25,962,Zonal Capital Works,64507,Drainage - General,5182.21,5694.86,7543.70,5850.80,9565.77,9565.77,9565.77,2021-22,2022-23,2023-24
2024-25,962,Zonal Capital Works,64509,Storm Water Drain - General,1031.69,1253.80,2884.65,1835.28,3449.12,3449.12,3449.12,2021-22,2022-23,2023-24
2024-25,962,Zonal Capital Works,64510,Drainage pipe line - prevent water-logging,0.00,0.00,1065.00,0.00,0.00,0.00,0.00,2021-22,2022-23,2023-24
2024-25,962,Zonal Capital Works,78313,Drainage facility in chalis & slums,175.27,218.36,240.00,170.00,180.00,180.00,180.00,2021-22,2022-23,2023-24
2024-25,962,Zonal Capital Works,TOTAL,Zonal Capital Works - department total,25529.58,30749.17,50000.00,31106.00,65000.00,65000.00,65000.00,2021-22,2022-23,2023-24
2024-25,967,JNNURM Project,64509,Storm Water Drain - General,37.17,127.59,0.00,0.00,0.00,0.00,0.00,2021-22,2022-23,2023-24
2024-25,967,JNNURM Project,64518,Drainage Project,0.00,172.48,0.00,0.00,0.00,0.00,0.00,2021-22,2022-23,2023-24
2024-25,968,,64505,STP Vasna/Pirana,0.00,0.00,0.00,1500.00,2500.00,2500.00,2500.00,2021-22,2022-23,2023-24
2024-25,968,,64507,Drainage - General,2654.50,2827.65,1000.00,2500.00,1000.00,1000.00,1000.00,2021-22,2022-23,2023-24
2024-25,968,,64509,Storm Water Drain - General,804.47,1248.32,1500.00,1000.00,2000.00,2000.00,2000.00,2021-22,2022-23,2023-24
2024-25,968,,64518,Drainage Project,4413.63,8532.78,3000.00,12500.00,5000.00,5000.00,5000.00,2021-22,2022-23,2023-24
2024-25,968,,64519,Kharicut Canal,0.00,0.00,2500.00,22500.00,22500.00,22500.00,22500.00,2021-22,2022-23,2023-24
2024-25,968,,78313,Drainage facility in chalis & slums,0.00,91.30,25.00,30.00,25.00,25.00,25.00,2021-22,2022-23,2023-24
2024-25,969,,64505,STP Vasna/Pirana,6908.00,4075.48,7225.00,7500.00,10000.00,10000.00,10000.00,2021-22,2022-23,2023-24
2024-25,969,,64518,Drainage Project,0.00,0.00,0.00,7500.00,15000.00,15000.00,15000.00,2021-22,2022-23,2023-24
2024-25,952,Drainage Project,TOTAL,Drainage Project - department total,0.00,0.00,0.00,1500.00,1500.00,1500.00,1500.00,2021-22,2022-23,2023-24
2025-26,325,Branch Sewage Pumping Station,64505,STP Vasna/Pirana,840.63,1026.43,1000.00,1500.00,2000.00,2000.00,,2022-23,2023-24,2024-25
2025-26,325,Branch Sewage Pumping Station,64507,Drainage - General,0.00,0.00,4000.00,1000.00,1000.00,1500.00,,2022-23,2023-24,2024-25
2025-26,371,,78313,Drainage facility in chalis & slums,0.00,0.00,25.00,25.00,25.00,25.00,,2022-23,2023-24,2024-25
2025-26,951,Water Project,TOTAL,Water Project - department total,5916.79,6091.08,5500.00,8000.00,10500.00,19450.00,,2022-23,2023-24,2024-25
2025-26,951,Water Project,64505,STP Vasna/Pirana,0.00,0.00,16500.00,10000.00,12500.00,13500.00,,2022-23,2023-24,2024-25
2025-26,951,Water Project,64507,Drainage - General,0.00,0.00,0.00,0.00,0.00,8250.00,,2022-23,2023-24,2024-25
2025-26,951,Water Project,64509,Storm Water Drain - General,196.47,148.32,5000.00,2000.00,6500.00,11500.00,,2022-23,2023-24,2024-25
2025-26,951,Water Project,64518,Drainage Project,10002.66,-4196.76,21000.00,10420.00,11930.00,14430.00,,2022-23,2023-24,2024-25
2025-26,951,Water Project,64519,Kharicut Canal,0.00,0.00,500.00,0.00,0.00,10000.00,,2022-23,2023-24,2024-25
2025-26,962,Zonal Capital Works,64507,Drainage - General,5694.86,6309.78,9565.77,7315.00,9050.00,9050.00,,2022-23,2023-24,2024-25
2025-26,962,Zonal Capital Works,64509,Storm Water Drain - General,1253.80,2205.81,3449.12,2610.00,4200.00,4200.00,,2022-23,2023-24,2024-25
2025-26,962,Zonal Capital Works,78313,Drainage facility in chalis & slums,218.36,222.50,180.00,142.50,317.00,317.00,,2022-23,2023-24,2024-25
2025-26,962,Zonal Capital Works,TOTAL,Zonal Capital Works - department total,30749.17,35487.35,65000.00,43000.00,100000.00,100000.00,,2022-23,2023-24,2024-25
2025-26,967,JNNURM Project,64509,Storm Water Drain - General,127.59,0.00,0.00,0.00,0.00,0.00,,2022-23,2023-24,2024-25
2025-26,967,JNNURM Project,64518,Drainage Project,172.48,0.00,0.00,0.00,0.00,0.00,,2022-23,2023-24,2024-25
2025-26,968,,64505,STP Vasna/Pirana,0.00,326.31,2500.00,2000.00,5000.00,5000.00,,2022-23,2023-24,2024-25
2025-26,968,,64507,Drainage - General,2827.65,1848.61,1000.00,2700.00,2000.00,2000.00,,2022-23,2023-24,2024-25
2025-26,968,,64509,Storm Water Drain - General,1248.32,1206.89,2000.00,500.00,2000.00,2000.00,,2022-23,2023-24,2024-25
2025-26,968,,64518,Drainage Project,8532.78,14575.91,5000.00,7500.00,5000.00,5000.00,,2022-23,2023-24,2024-25
2025-26,968,,64519,Kharicut Canal,4954.68,35298.16,22500.00,23500.00,37100.00,37100.00,,2022-23,2023-24,2024-25
2025-26,968,,78313,Drainage facility in chalis & slums,91.30,0.00,25.00,25.00,125.00,125.00,,2022-23,2023-24,2024-25
2025-26,969,,64505,STP Vasna/Pirana,4075.48,237.78,10000.00,12500.00,17500.00,17500.00,,2022-23,2023-24,2024-25
2025-26,969,,64518,Drainage Project,0.00,6059.38,15000.00,30000.00,22500.00,22500.00,,2022-23,2023-24,2024-25
2025-26,952,Drainage Project,TOTAL,Drainage Project - department total,0.00,1289.91,1500.00,1500.00,1500.00,1500.00,,2022-23,2023-24,2024-25
2026-27,325,Branch Sewage Pumping Station,64505,STP Vasna/Pirana,1026.43,1228.80,2000.00,2760.95,2959.35,2959.35,,2023-24,2024-25,2025-26
2026-27,325,Branch Sewage Pumping Station,64507,Drainage - General,0.00,0.00,1500.00,1000.00,1000.00,1000.00,,2023-24,2024-25,2025-26
2026-27,371,,78313,Drainage facility in chalis & slums,0.00,0.00,25.00,25.00,25.00,25.00,,2023-24,2024-25,2025-26
2026-27,925,,64505,STP Vasna/Pirana,0.00,0.00,0.00,0.00,3500.00,3500.00,,2023-24,2024-25,2025-26
2026-27,925,,64518,Drainage Project,0.00,0.00,0.00,0.00,5000.00,5000.00,,2023-24,2024-25,2025-26
2026-27,951,Water Project,TOTAL,Water Project - department total,6091.08,6944.43,19450.00,14410.33,13835.50,22835.50,,2023-24,2024-25,2025-26
2026-27,951,Water Project,64505,STP Vasna/Pirana,0.00,17660.53,13500.00,27537.79,20087.72,30587.72,,2023-24,2024-25,2025-26
2026-27,951,Water Project,64507,Drainage - General,0.00,0.00,8250.00,200.00,250.00,5250.00,,2023-24,2024-25,2025-26
2026-27,951,Water Project,64509,Storm Water Drain - General,148.32,1442.33,11500.00,6497.51,7749.00,7749.00,,2023-24,2024-25,2025-26
2026-27,951,Water Project,64518,Drainage Project,-4196.76,8787.82,14430.00,16025.81,17008.43,34008.43,,2023-24,2024-25,2025-26
2026-27,951,Water Project,64519,Kharicut Canal,0.00,26820.36,10000.00,0.00,0.00,0.00,,2023-24,2024-25,2025-26
2026-27,952,Drainage Project,TOTAL,Drainage Project - department total,-3957.10,55286.92,57905.00,50906.01,45395.15,77895.15,,2023-24,2024-25,2025-26
2026-27,962,Zonal Capital Works,64507,Drainage - General,6309.78,7116.28,9050.00,10016.70,15574.28,15574.28,,2023-24,2024-25,2025-26
2026-27,962,Zonal Capital Works,64509,Storm Water Drain - General,2205.81,1602.65,4200.00,4902.89,6471.86,6471.86,,2023-24,2024-25,2025-26
2026-27,962,Zonal Capital Works,78313,Drainage facility in chalis & slums,222.50,134.46,317.00,132.00,255.99,255.99,,2023-24,2024-25,2025-26
2026-27,962,Zonal Capital Works,TOTAL,Zonal Capital Works - department total,35487.35,36318.86,100000.00,70205.51,111265.62,111265.62,,2023-24,2024-25,2025-26
2026-27,968,,64505,STP Vasna/Pirana,326.31,5635.05,5000.00,20082.50,16552.55,16552.55,,2023-24,2024-25,2025-26
2026-27,968,,64507,Drainage - General,1848.61,2332.79,2000.00,3012.75,3500.00,3500.00,,2023-24,2024-25,2025-26
2026-27,968,,64509,Storm Water Drain - General,1206.89,345.09,2000.00,1500.00,4000.00,4000.00,,2023-24,2024-25,2025-26
2026-27,968,,64518,Drainage Project,14575.91,5232.68,5000.00,3597.81,7500.00,7500.00,,2023-24,2024-25,2025-26
2026-27,968,,64519,Kharicut Canal,35298.16,0.00,37100.00,12549.67,37500.00,37500.00,,2023-24,2024-25,2025-26
2026-27,968,,78313,Drainage facility in chalis & slums,0.00,0.00,125.00,125.00,150.00,150.00,,2023-24,2024-25,2025-26
2026-27,969,,64505,STP Vasna/Pirana,237.78,1204.50,17500.00,3004.26,17529.15,17529.15,,2023-24,2024-25,2025-26
2026-27,969,,64518,Drainage Project,6059.38,56530.05,22500.00,40004.70,25000.00,25000.00,,2023-24,2024-25,2025-26
2026-27,952,Drainage Project,TOTAL,Drainage Project - department total,1289.91,7317.00,1500.00,3500.00,6500.00,6500.00,,2023-24,2024-25,2025-26
