fy,ward,rs_crore,raw
2013-14,Ramol-Hathijan,0.8,        …qðo Ítu™ 3    htbtuj nt&esK Jtuzobtk swœt swœt MbNtl d]n heltuJuNl btxu Yt.80.00 jtFle Vt¤JKe fhJtbtk ytJuj Au. 3    rlftuj Jtuzob
2013-14,Lambha,1.63,3    lJt mbtÂJÐ ÂJM<th jtkCt Jtuzobtk mlu 2013-14 btk swœt swœt ÂJM<thbtk zu[lus <&t Mx[tub Jtuxh zu[luslt ftbtu btxu Yt.163.00 jtFlwk «turJ
2014-15,Nava Vadaj,1.0,ntuE lJe cuXf ÔgJM&t fhJtle &tg Au. su&e yk>h lJe ftvuox vK fhJtle &tg Au. yt Wvhtk< yt ntujbtk z[ulus meMxb Mþ^the xtuEjux çjtuf vK heltuJu
2014-15,Danilimda,0.5,P      œrûtK Ítul œtKejebzt Jtuzobtk fuvexj csux nuX¤ œtKejebzt vkved &e Ntn ytj œhJtÍ mw^ele 900 yub.yub.ztgt le z[ulus jtRl ltkFJt btxu `.
2014-15,Danilimda,2.0,P      œÂûtK Ítullt œtKejebzt Jtuzobtk hmwjtctœ rbÕj<ldh <&t mJuo lk.32 le z[ulus jtRl rhzeÍtRl fhJtlt ftb btxu `.2.00 fhtuzle Vt¤JKe fhJtbt
2014-15,Thaltej,1.8,P      lJt vrùbÍtulbtk &j<us Jtuzobtk Mx[tub Jtuxh z[ulus jtEl ltkFJt btxu `.1.80 fhtuzLþk ytgtusl fhuj Au.
2014-15,Nava Vadaj,11.0,ybœtJtœ Nnuhlt yuf rmbtranTl Yv xtdtuh ntujbtk J»to 2013-14 btk `.11.00 fhtuzlt Faou lrJlefhK ylu çgwxeVefuNllwk ftb vwKo fhJtbtk ytJuj Au. 
2016-17,Kalupur,3.0,{æÞ Ítu™ Yt.3.00 fhtuzlt Fauo htgFz Jtuzobtk jtj >hJtò MltltdthLþk y¼<l MþrJ^tGþ¾< heltuJuNl fhJtle ftbdehe ÃËKo fhJtbtk ytJuj Au. MþJKo ßgk
2016-17,Sabarmati,10.68,…rù{ Ítu™ vrùb Ítulbtk Ítulj csuxbtk Vt¤Juj Mvu~gj «tusu¾x yk<do< lth½þÃþht Jtuzobtk Jh>tl xtJh <&t <ule ytm-vtmlt d{elcuÕx rJM<thbtk buEl h
2016-17,Chandkheda,0.5,"lthKvwht Jtuzobtk ntWm´d Jmtn<,xe.ve.htuz <&t dtb<¤ rJM<thbtk htuz hemhVum fhJtlt ftb btxu Yt.50.00 jtF le Vt¤JKe fhJtbtk ytJuj Au. atkœFuzt"
2016-17,Gomtipur,0.55,buDtKeldh Jtuzobtk Yt.0.55 fhtuzlt Fauo lJwk ycol nuÕ& muLxh <igth fhJtbtk ytJuj Au. swœt-swœt Jtuzobtk ytJuj swœt swœt xe.ve. hM<tlu Yt.8.0
2016-17,Amraiwadi,0.1,"Yt.10.00 jtFlt Fauo dtub<evwh Jtuzobt ytJuj Bgw.btrjfelt swœt-swœt bMxh MxuNl, Ôgtgtb Nt¤t <&t yLg Bgw. rcÕzekdbtk sYhe heltuJuNl fhJtlt ftb"
2016-17,Ramol-Hathijan,1.0,Yt.100.00 jtFlt Fauo rlftujJtuzobtk ytJuj ybh sJtl mfoj &e btY<e-5 &e mBb< yuJLgw mw^eltu htuz S.yum.ce. Juxbeût &e d{tWx´d fhe hemhVum fhJt
2016-17,Behrampura,5.28,"Œrûtý Ítu™ >rûtK Ítulbtk vtuÕGþNl yu¾Nl Ãjtl yLJgu cnuhtbÃþht, JxJt, >tKejebzt rJM<thbtk z[ulus zeNeÕx´dle ftbdehe fhJtLþk ytgtusl Au. ftkfh"
2016-17,Chandlodiya,9.25,bwsc Vt¤Juj jûgtkf Wvhtk<lt bkswh fhtJJtbtk ytJuj fwj 218 ÔgÂ¾<d< Ntiatjg vife 118 ÔgÂ¾<d< Ntiatjgle ftbdehe vwKo fhJtbtk ytJuj Au. ctfelt 1
2016-17,Chandlodiya,1.0,Yt.100.00 jtFlt Fauo mhFus dtb<¤ <&t yLg ytsw-ctswlt dtb<¤ rJM<thbtk <&t yLg søgt vhle ÏþÕje leflu cœju lJe meMxubuxef z[ulus jtRl ltkFJtlt 
2016-17,Vasna,70.61,swle jtRltulwk henucejexuNl (vrùb Ítullt JtmKt Jtuzobtk yksje ath hM<t&e JtmKt cm MxuLz &E yu.ve.yub.me. Bttfuox mw^ele ngt< jtEllu Yt.70.61
2016-17,Behrampura,30.0,ytdtbe mbgbtk leau sKtJuj M&¤tuyu m>h «fthle ftbdehe nt& ^hJtbtk ytJlth Au. 1.   vrùb Ítulbtk J»ttuo swle ngt< z[ulus jtEltu vifele yu.ve.yu
2016-17,Ranip,142.0,8.     JxJt Jtuzobtk rldb mtumtgxe rJM<thbtk ngt< z[ulus vkv´d MxuNlle ûtb<t J^thJt vkv´d yvd{uz fhJt btxu <ubs <ule htEÍ´d yvd{uz fhJt btxu
2016-17,Jodhpur,20.0,3.1 MðŠý{ sÞkr‚ {wÏÞ{kºte þnuhe rðftË Þtus™t nuX¤™t {wÏÞ ft{tu lJt vrùb Ítul rJM<thlt stu^vwh Jtuzobtk Jhmtœe vtKelt rlftj btxu Yt.20.00 fht
2016-17,Vastral,34.0,"ÃþJo, >rûtK, W•th Ítulbtk mhmvwh, hrFgtj, ctvwldh rmrJj ntuMvexj, FtuFht, ftkfhegt rJM<thbtk Mxtpbo Jtuxh z¾x zeNeÕx´d fhe lrJlefhKlwk ftb Y"
2016-17,Asarwa,10.0,lJt vrùb Ítulbtk mhFus &E JtmKt x[exbuLx ÃjtLx <hV s<e z[ulus x[Lf buEl jtEllt zeNeÕx´dle ftbdehe ytNhu Yt.10.00 fhtuzlt Fauo fhJt btxuLþk y
2016-17,Vastral,60.0,rJM<thtubtk vtKe ChtJtltk «©tu nj fhe NftNu. Jhmtœe vtKe mkd{n &Jt&e CwdColtk vtKelt M<h heatso &Jt&e CwdCo vtKeltk M<h Wkat ytJNu. <¤tJtult
2017-18,Vastral,0.26,"✧     vqJoÍtul JMºttj Jtuzo btk 200 Vwx hekd htuzle vqJo rœNtyu ytJuj xe.ve. 112, xe.ve. 113 <&t xe.ve.114btk Yt.0.26 fhtuzbtk z[ulus luxJof"
2017-18,Nikol,0.2,✧   rlftuj Jtuzobtk sw>e-sw>e søgtyu z[ulus jtEl yvd{uz fhJtLþk ftb Yt.0.20 fhtuzlt Fauo fhJtbtk ytJNu.
2017-18,Nikol,0.15,✧      rlftuj Jtuzobtk nhe>Nol ath hM<t <&t CdJ<e ldhlt Atvht Jmtn<btk z[ulus jtEl yvd{uz fhJtLþk ftb Yt.0.15 fhtuzlt Fauo fhJtbtk ytJNu.
2017-18,Odhav,0.68,✧      ytuZJ Jtuzobtk ytJuj Atuxtjtj le atje &e ytuZJ <¤tJ mw^e <&t yLg søgtyu Mx[tub Jtuxh jtRl ltFJtlwk ftb Yt.0.68 fhtuzlt Fauo fhJtbtk y
2017-18,Vatva,0.43,✧   JxJt Jtuzobtk bntjûbe <¤tJ &e Juxefl mexe &R ©æ^tfkws mtumtgxe mw^e Yt.0.43 fhtuzlt Fauo z[ulus jtRl ltkFJtle ftbdehe ntjbtk atjw Au.
2017-18,Gota,0.85,✧      Yt.0.85 fhtuzlt Fauo dtu<t Jtuzobtk xe.ve.-32 rJM<th <&t mtgLm rmxe rJM<th <&t atKfgvwhe rJM<thbtk Mx[tub Jtuxh jtRl ltkFe fuavex clt
2017-18,Jodhpur,0.38,✧     Yt.0.38 fhtuzlt Fauo lJt vrùbÍtullt stu^vwh Jtuzobtk ytJuj swœt-swœt xe.ve hM<t Wvh swœe-swœe søgtyu Mx[tubJtuxh z[ulusjtRl / z[ulusjt
2017-18,Sarkhej,0.14,"✧     Yt.0.14 fhtuzlt Fauo mhFus Jtuzobt mhFus dtb<¤btk swwœt-swœt rJM<thbtk (ykctS bt<tlt bkrœhJt¤e dje, c{nb vt¤, ykswblldh) <&t yLg hM<t "
2017-18,Ghatlodia,0.15,✧   Yt.0.15 fhtuzlt Fauo Dtxjtuzegt Jtuzobtk xe.ve.1 <&t 2 rJM<thbtk swœe-swœe søGttyu sYhegt< bwsc z[ulus jtRl ltkFJtlwk ftb
2017-18,Vatva,6.5,2.1 MðŠý{ ßÞkr‚ {wÏÞ{kºte þnuhe rðftË Þtus™t nuX¤™t {wÏÞ ft{tu ÃËKo &guj ftb ✾     œrûtK Ítulltk JxJt Jtuzobtk lJtKt vkv´d MxuNlle htRÍekd j
2017-18,Lambha,5.0,73 Ë™u 2017-18 y{ŒtðtŒ BÞwr™rË…÷ ftu…tuohuþ™ ✾     œrûtK Ítullt dti<bldh ath hM<t&e cnuhtbvwht ath hM<t mw^ele ngt< J»ttuo swle z[ulus jtRll
2017-18,Sarkhej,11.0,74 Ë™u 2017-18 y{ŒtðtŒ BÞwr™rË…÷ ftu…tuohuþ™ ytgtusl nuX¤lt ftbtu ✾     W•th Ítullt bKegth xujh&e ctvwldh ath hM<t mw^ele mwyus jtRllu henuc
2017-18,Nikol,6.5,3.1 MðŠý{ ßÞkr‚ {wÏÞ{kºte þnuhe rðftË Þtus™t nuX¤™t {wÏÞ ft{tu ÃËKo &guj ftb ❀     W•th Ítullt mhmvwh Jtuzobtk hrFgtj &e dtuœtle mfoj mw^ele
2017-18,Naroda,15.0,83 Ë™u 2017-18 y{ŒtðtŒ BÞwr™rË…÷ ftu…tuohuþ™ ntjbtk atÕþ ftbtule rJd< ❀      vrμb Ítullt jFwze <¤tJ &e beXtF¤e yLzhvtm mw^ele ngt< Mxtpb Jtu
2017-18,Chandkheda,13.0,✧         ytu„uo™ef ¾u‚ …uŒtþ™u «tuíËtn™ : ytuduolef Fu< vu>tNlu «tuðmtnl ytvJtlt Wb>t nuðþ&e htßg mhfth îtht btLg<t «tÃ< Fuzq<tu <uytule Fu
2018-19,Dariapur,8.0,"ytdtbe J»tolt BþÏg ftbtule gt>e : Yt.8.00 fhtuzlt bægÍtul lt sbtjvwh , Ftrzgt, Ntnectd,Ntnvwh rJM<thbtk buEl x[kf z[ulus jtEl xu[Lajum xufle"
2018-19,Dariapur,0.95,Yt.0.95 fhtuzlt Fauo bægÍtul ymthJt Jtuzobtk mcÍtulj ytuVem cltJJle ftbdehe. Yt.0.75 fhtuzlt bægÍtul >rhgtÃþh Jtuzobtk ytJuj >rhgtÃþh ftuBGþ
2018-19,Naranpura,11.65,…rù{ Ítu™ atjw ftbtule gt>e : 5rùb Ítullt sw>t sw>t Jtuzolt hemhVuEm <&t vÚ&h vuJ´d btxu Yt.11.65 fhtuzlt ftbtu ntjbtk atÕþ Au. 5rùb Ítullt 
2018-19,Chandkheda,0.35,mtchb<e Jtuzobtk ytJuj mc Ítulj ytuVem <&t nuÕ& Ft<tle yturVmtu <&t Jtuzole sYhegt< bwscltu ltltu ftuLVhLm ntuj suJe mJj< mt&u Yt.35.00 jtFl
2018-19,Sardarnagar,0.7,W¥th Ítu™ atjw ftbtule gt>e : mhœthldh Jtuzobtk Yt.70.00 jtFlt Fauo ßgtur< huMxtuhLx &e ChJtzJtm mw^eltu hM<tu he- d{uz fhe he-mhVum fhuj Au
2018-19,Sardarnagar,0.6,ytdtbe J»tolt BþÏg ftbtule gt>e : mhœthldh Jtuzobtk Yt.60.00 jtFlt Faou ntubdtzo buœtlJt¤tu hM<tu he-d{uz fhe hemhVum fhJt ytgtusl fhuj Au. 
2018-19,Ramol-Hathijan,0.25,ytdtbe J»tolt BþÏg ftbtule gt>e : Yt.25.00 jtFlt Fauo vqJoÍtullt ybhtRÔttze JtuzoBtt hcthe ftujtule Jmtn<lt rJM<thbt htuz hemhVum fhJtlt ftb
2018-19,Ramol-Hathijan,0.25,Yt.25.00 jtFlt Fauo JMºttj Jtuzobtk ytJuj swœt-swœt buEl xe.ve. htuzlu zMx £e fhJt htuzle cLlu ctswyu Vwxvt& fhJtlt ftb Yt.33.00 jtFlt Fauo 
2018-19,Gomtipur,0.5,Yt.50.00 jtFlt Fauo dtub<evwh Jtuzolt swlt dtub<evwh <&t swlt htsvwh ylu swlt hrFgtj rJM<thbtk swœe-swœe søgtyu <&t yLg søgtytuyu nuJe vuaJf
2018-19,Behrampura,0.52,JxJt Jtuzobtk (1) rldb z[ulus vkved &e yth.fu.vtl vtjoh &R ve.ze.vkzgt atufXt mw^e (2) mœtle^tce &e cece<¤tJ mw^e (3) rldb z[ulus vkved &e <
2018-19,Behrampura,12.96,ytdtbe J»tolt BþÏg ftbtule gt>e : œrûtKÍtullt swœt-swœt Jtuzolt htuz hemhVuEm <&t v•&h vuJ´d btxu Yt.12.96 fhtuzle Vt¤JKe fhJtbtk ytJuj Au. 
2018-19,Vatva,0.77,EL÷vwhe JtuzoBttk htbhtßgldh &e mwhujegt mfoj &R mfhect dtzol mw^e <&t <ulu ytlw»ttkdef swœt-swœt hM<tle 450 be.be. Ôgtmle Yt.0.77 fhtuzlt F
2018-19,Chandlodiya,0.54,atkœjtuzegt Jtuzobtk Jkœubt<hb mexe vtmule ctswlt Ãjtux (xe.ve.-33 yuV.ve.-142) btk dtzol zuJjv fhJtlwkwk ftb <ubs dtu<t Jtuzobtk Yt.0.54 fh
2018-19,Chandlodiya,0.3,mhFus Jtuzobtk Yt.0.30 fhtuzlt Fauo swœe-swœe søgtyu vtKele ze.ytR jtRl ltkFJtlt <&t sYhe buELxulLm fhJtlt ftb ylu stu^vwh Jtuzobtk Yt.0.05 
2018-19,Chandlodiya,0.55,"&j<us Jtuzobtk Yt.0.55 fhtuzlt Fauo xe.ve.1,2,37,38 <&t lJt Fwjlth xe.ve. rJM<thbtk Fwx<e zu[lus jtRl <ubs c{ufztWl hevuh fhJtlt ftb ylu atk"
2018-19,Sarkhej,40.27,„tu‚t-„tuÄtðe fu™t÷ zuð÷… fhðt™t ft{ : ybœtJtœ Bgw.ftuvtuohuNl <&t ytizt rJM<thbtk&e vmth &<e 16.46 rf.be. jkctR vife ybœtJtœ Bgw.ftuvtuohuN
2018-19,Odhav,4.83,2.3 ftu…tuohuþ™ Vkz nuX¤™t {wÏÞ ft{tu ÃËKo &guj ftbtu W•th Ítulbtk ablvwht z[ulus vkv´d MxuNlle htEÍ´d jtEl yvd{uz fhJtle ftbdehe Yt.4.83 fh
2018-19,Lambha,6.95,œrûtK Ítulbtk jtkCtJtuzobtk xeve 81 ylu 82 btk lJt 13 yub.yuj.ze. z[ulus vkv´d MxuNl cltJJtle ftbdehe Yt.6.95 fhtuzlt Fauo &lth Au <&t <ult 
2018-19,Vastral,32.0,3.2 ftu…tuohuþ™ Vkz nuX¤™t {wÏÞ ft{tu Mxtì{o ðtuxh ™uxðfo™e ft{„ehe : atjw J»tobtk Nnuhltk fuxjtf r¢xefj rJM<thtulu Mxtubo Jtuxh luxJfo&e mt
2018-19,Vatva,6.69,atÕþ ftbtu ytuZJ Ft<u Yt.6.69 fhtuzlt Fauo <¤tJ zuJjv fhJtle ftbdehe atjw Au. h<lvwht Ft<u Yt.8.31 fhtuzlt Fauo <¤tJ zuJjv fhJtle ftbdehe at
2019-20,Vasna,14.74,…rù{ Ítu™ atjw ftbtule gt>e : sw>t-sw>t Jtuzolt hemhVuEm <&t vÚ&h vuJ´d btxu Yt.14.74 fhtuzlt ftbtu 5rùb Ítullt sw>t-sw>t Jtuzolt vtKele jtE
2019-20,Sardarnagar,0.8,ytdtbe J»tolt BþÏg ftbtule gt>e : mh>thldh Jtuzobtk sw>t sw>t htuz cltJJt <&t ELxhjtuf´d vurJkd fhJtLþk Yt.80.00 jtFlt Fauo ytgtusl mh>thldh
2019-20,Nikol,0.25,ytdtbe J»tolt BþÏg ftbtule gt>e : Yt.25.00 jtFlt Fauo ybhtEÔttze Jtuzobtk ntWm´d rJM<th <ubs hcthe ftujtulu rJM<thbtk bt nuJevua Jfo fhJtlt 
2019-20,Ramol-Hathijan,0.3,Yt.30.00 jtFlt Fauo ytuZJ Jtuzobtk Lgw CJtle &e sg hKAtuz Jtztu htuz JtEzl´d fhe hemhVum fhJtlt ftb Yt.30.00 jtFlt Fauo JMºttj Jtuzobtk swœe
2019-20,Chandlodiya,2.2899,ctuzfœuJ Jtuzobtk Yt.228.99 jtFlt Fauo RMftul bkrœhle vtA¤ltu hM<tu hemhVum fhJtlwk ftb &j<us Jtuzobtk dtu<t Jtzobtk Yt.134.06 jtFlt Fauo mt
2019-20,Chandlodiya,0.61,Yt.61.00 jtFlt Fauo ctuzfœuJ Jtuzobtk ytJuj yb]<ctd vtxeo Ãjtux&e mwf]< hevtuÍ mw^eltu hM<tu hed{uz fhelu hemhVum fhJtlwk ftb Yt.50.00 jtFlt
2019-20,Sarkhej,1.0,Œrûtý …rù{ Ítu™ atjw ftbtule gt>e : mhFus Jtuzobtk dtb<¤lt rJM<thbtk htuz hemhVum btxu Yt.1.00 fhtuzle Vt¤JKe bf<bÃþht Jtuzobtk sw>e sw>e sø
2019-20,Lambha,6.66,œrûtK Ítul jtkCt Jtuzobtk 17.50 yub.yuj.ze. vkv´d MxuNl cltJJtlwk ftb Yt.6.66 fhtuzlt Fauo <ubs z[uls luxJfole ftbdehe Yt. 6.44 fhtuzlt Fauo
2019-20,Navrangpura,25.41,ytgtusl nuX¤lt ftbtu vrμb Ítullt JtmKt rJM<thbtk ©ugm ¢tumekd&e SJhts bnu<t ntuMvexj &R S.ce.Ntn ftujus &e V<unJtze fultj mw^elt htuz vh ytJ
2019-20,Vasna,65.92,„tu‚t-„tuÄtðe fu™t÷ zuð÷… fhðt™t ft{ : ybœtJtœ Bgw.ftuvtuohuNl <&t ytizt rJM<thbtk&e vmth &<e 16.46 rf.be. jkctR vife ybœtJtœ Bgw.ftuvtuohuN
2019-20,Odhav,1.2,2.3 ftu…tuohuþ™ Vkz nuX¤™t {wÏÞ ft{tu ÃËKo &guj ftbtu ÃËJo Ítulbtk vtkshtvtu¤ &e htbtuj xtuj ÃjtÍt yum.ve. h´d htuz Mþ^e vwN´d vØr<&e z[ulus
2019-20,Chandlodiya,0.03,yt dumlu òu me^ume^tu nJtbtk Atuze œuJtbtk ytJu <tu <u vgtoJhK btxu òuFbe Au <ubs øjtucj JtubeOd btxu sJtcœth Au.yt ctgtudumltu c¤<K <hefu v
2019-20,Vatva,20.0,"œrûtK Ítulbtk xeve Mfeb lk.57,58 btk fKtoJ<e yuvtxobuLx &e ytf]r< xtWlNev <ubs ytmvtmlt rJM<thbtk Mxtubo Jtuxh z[ulus luxJfo ltkFJtle ftbdeh"
2020-21,Shahibaug,2.56,{æÞ Ítu™ «dr<lt ftbtule gt>e : œw^uμh Jtuzobtk ytJuj jtjtftft ftuBgwlexe ntujlu zebtujeMz fhe <u søgtyu lJumh&e y¼<l mwrJ^tytu ylu J^thu ûtb
2020-21,Navrangpura,14.74,…rù{ Ítu™ «dr<lt ftbtule gt>e : Yt.14.74 fhtuzlt Fauo sw>t-sw>t Jtuzolt hemhVuEm <&t vÚ&h vuJ´dle ftbdehe Yt.3.59 fhtuzlt Fauo sw>t-sw>t Jtu
2020-21,India Colony,1.66,mhmvwh - hrFgtj Jtuzbtk ctj CJl Ft<u Jtuzo yturVm <&t jtRc{uhe cltJJtlwk Yt.1.66 fhtuzlt Faou ftbdehe misvwh Jtuzobtk bÕxe vhvÍ rcÕzekd cltJ
2020-21,Ramol-Hathijan,4.0,…qðo Ítu™ «dr<lt ftbtule gt>e : rlftuj Jtuzo <&t htbtuj nt&esK Jtuzobtk yk>tS< Yt.4.00 fhtuzlt Fauo ybœtJtœ Bgwrlrmvj ftuvtuohuNlle btrjfele
2020-21,Ramol-Hathijan,1.76,CtRvwht Jtuzobtk Yt.1.76 fhtuzlt Fauo ^ehs ntWmekdlt Ãjtuxbtk vtxeo Ãjtux cltJJtlwk ftb ytuZJ Jtuzobtk ykœtS< Yt.1.70 fhtuzlt Fauo swœt-swœt
2020-21,Danilimda,4.35,Œrûtý Ítu™ «dr<lt ftbtule gt>e : brKldh Jtuzobtk ytJuj muLx[j buzefj Mxtumo rcÕz´d Yt.4.35 fhtuzlt Fauo lJelefhK fhJtle ftbdehe swœt-swœt Jt
2020-21,Behrampura,6.62,jtkCt Jtuzobtk Yt.6.62 fhtuzlt Fauo xe.ve. 81 <&t 82 lt rJM<thbtk z[ulus jtRllt luxJfo ltkFJtle ftbdehe jtkkCt <&t JxJt Jtuzobtk Yt.22.51 fh
2020-21,Gota,0.98,W¥th …rù{ Ítu™ «dr<lt ftbtule gt>e : W•th vrùb Ítullt swœt-swœt Jtuzobtk Yt.0.98 fhtuzlt Fauo vtKele jtRl ltkFJtltle ftbdehe W•th vrùb Ítull
2020-21,Bodakdev,6.79,W•th vrùb Ítullt swœt-swœt Jtuzobtk Yt.6.79 fhtuzlt Faou z[ulus jtRl/Mx[tub Jtuxh z[uRl jtRl ltkFJtle ftbdehe W•th vrùb Ítullt ctuzfœuJ Jtuz
2020-21,Vasna,65.92,„tu‚t-„tuÄtðe fu™t÷ zuð÷… fhðt™t ft{ : ybœtJtœ Bgw.ftuvtuohuNl <&t ytizt rJM<thbtk&e vmth &<e 16.46 rf.be. jkctR vife ybœtJtœ Bgw.ftuvtuohuN
2020-21,Chandlodiya,9.08,"2.3 ftu…tuohuþ™ Vkz nuX¤™t {wÏÞ ft{tu «dr<lt ftbtu vrùbÍtul, W•th vrμb Ítul, œrûtK vrùb Ítul <ubs bæg btk sYhegt< bwsc J»ttuo swle z[ulus jt"
2020-21,Chandlodiya,25.0,z[ulus «tusu¾x Ft<t îtht vrùbÍtulbtk ak÷Ctdtlt FwÕjt lt¤tbtk J»ttuo&e FwÕjtbtk Jnu<t z[uluslt vtKelu ck^ fhJt btxu ft¤edtb dhlt¤t &e «ctu^ h
2020-21,Vatva,20.0,"«dr<lt ftb vwJo Ítulbtk xeve Mfeb lk 107, 108 ltk Lgw bKeldh rJM<thbtk <ubs htbtuj vtujem atufe &e jtjduce mfoj mw^e Mxtubo Jtuxh z[ulus lux"
2021-22,Khadia,1.6,ytdtbe J»tolt BþÏg ftbtule gt>e : sbtjvwh Jtuzobtk htgFz Ft<u Yt.1.60 fhtuzlt Fauo ycol nuÕ& muLxh cltJJt sbtjÃþh Jtuzobt ytJuj muLx[j Mxtuh
2021-22,Chandkheda,4.8,sw>t-sw>t Jtuzolt z[ulus vtRv jtEl <&t Mx[tubo Jtuxh z[ulus jtRl ltkFJtlt ftb btxu Yt.4.80 fhtuzlt ftbtu «dr<btk Au. sw>t-sw>t Jtuzobtk ytJu
2021-22,Chandkheda,19.99,"ytdtbe J»tolt BþÏg ftbtule gt>e : sw>t-sw>t Jtuzolt hM<t hemhVum, Vwxvt& vuJ´d <&t vÚ&h vuJ´d btxu Yt.19.99 fhtuzlt ftblwk ytgtusl fhJtbtk y"
2021-22,Sardarnagar,1.13,"lhtuztJtuzobtk xe.ve Mfeb lk.121, Vt.Ãjtux lk.153, mtkœevle Mfwj mtbu lJt cl<t zeMx[eçgwNl MxuNllt fbtLz rJM<thbtk Yt.1.13 fhtuzlt Fauo luxJ"
2021-22,Ramol-Hathijan,0.99,…qðo Ítu™ «dr<lt ftbtule gt>e : rlftuj Jtuzobtk FwÕjt &guj lJt xe.ve. htuz dtuJ^ol dujuûte &e «bwF MJtbe mfoj &R h´d htuz mw^e lJe z[ulus jt
2021-22,Ramol-Hathijan,0.4,"ytdtbe J»tolt BþÏg ftbtule gt>e : Yt.0.40 fhtuzlt Fauo vqJo Ítulltk rlftuj Jtuzobtk xe.ve.-101, 102, 103, 109, 111 <&t 119btk swœt-swœt htuz"
2021-22,Behrampura,3.09,Œrûtý Ítu™ «dr<lt ftbtule gt>e : Yt.3.09 fhtuz lt Fauo cnuhtbvwhtbtk ytJuj vuRj zuvtule ytuVem vtmu ytJuj Ãjtuxbtkk fw<htytult FmefhK <&t hm
2021-22,Chandlodiya,1.75,"dtu<t Jtuzobtk ytJuj mtgLm mexe yuhegtbtk ytJuj suceyth htuz, yuzece. xtkfe &e bwhje^h vtxeo Ãjtux htuz, d{el buzv &e hed htuz <hVltu htuz <"
2021-22,Chandlodiya,0.65,"Yt. 0.65 fhtuzlt Fauo Dtxjtuzegt Jtuzobt ÇËrbldh mtumtgxe &e yvuûtt Vjux &R rJμtm Vjux mw^eltu hM<tu, ytub mhMJ<e Vjux &e b^wJ]kœ mtumtgxe m"
2021-22,Gomtipur,13.7,vqJo Ítulbtk 93 yub.yuj.ze. yum.ve.yum. cltJJtle ftbdehe Yt.13.70 fhtuzltk Fauo «dr<btk Au. vqJo Ítulbtk xe.ve.127 btk h´d htuz Wvh ymjtje m
2021-22,Behrampura,80.0,„tu‚t-„tuÄtðe fu™t÷ zuð÷… fhðt™t ft{ : ybœtJtœ Bgw.ftuvtuohuNl <&t ytizt rJM<thbtk&e vmth &<e 16.46 rf.be. jkctR vife ybœtJtœ Bgw.ftuvtuohuN
2021-22,Chandlodiya,103.0,™thtu÷ ™htuzt htuz W…h fuze÷t ƒúes Úte ftuÍe ntux÷ ËwÄe zÙu™us xÙLf ÷tE™ : yB\<lt bkswh &gujt ftbtubtk hnu<e ca<btk&e lthtuj lhtuzt htuz Wvh
2021-22,Chandlodiya,14.23,"œrûtKÍtul <&t vqJo Ítulbtk z[tVx xe.ve 127, 128btk <ubs h´d htuzle œrûtK ctswlt rJM<thbtk x[Lf buRl mw^e z[ulus luxJfo ltFJtle ftbdehe Yt.14"
2021-22,Ramol-Hathijan,20.0,"œrûtK vrùb Ítulbtk xeve 88,89 <ubs 201 btk z[ulus luxJfole ftbdehe Yt.20.00 ¾htuzLttk Fauo nt& ^huj Au. W•th vrùb Ítulbtk sd<vwh Athtuze xev"
2021-22,Vatva,2.28,3.1 MðŠý{ ßÞkr‚ {wÏÞ{kºte þnuhe rðftË Þtus™t nuX¤™t {wÏÞ ft{tu «dr<lt ftb : W•th vrμb Ítulbtk Jusjvwh Mxtubo Jtuxh vkv´d MxuNlbtk lJtu Wkztu
2021-22,Vastral,1.2,W•th ylu œrûtK vrùb Ítulbtk swœe-swœe søgtyu Mxtubo Jtuxh Vjtultk rlgbl btxu Yt.1.20 fhtuzltk Fauo dux bwfJtbtk ytJlth Au vqJoÍtullt JMºttj 
2022-23,Dariapur,2.82,{æÞ Ítu™ +     «dr<lt ftbtule gt>e : ^     Ntnvwh Jtuzobtk Yt.2.82 fhtuzlt Fauo œw^uµh buxhlexe ntublw swlw rcÕzed <tuzelu lJwk rcÕz´d cltJJ
2022-23,Shahibaug,1.5,^     Yt.1.50 fhtuzlt Fauo sbtjÃþh Jtuzobtk ytJuj muLx[j Mxtuhle JneJxe rcÕz´d Mx[uL&l´d <&t heltuJuNl fhJt ^     Ftrzgt Jtuzobtk 2.50 fhtuz
2022-23,Ranip,66.31,"+     ytdtbe J»tolt BþÏg ftbtule gt>e : ^     sw>t-sw>t Jtuzolt fwj 176 hM<t hemhVuEm, Vwxvt& vuJ´d <&t vÚ&h vuJ´d btxu Yt.66.31 fhtuzlt ftb"
2022-23,Saraspur-Rakhial,1.64,"W¥th Ítu™ +     «dr<lt ftbtule gt>e : ^     lhtuzt Jtuzobtk Nthœt mtumtgxe vtmult xe.ve. htuz, ht^t JÕjC mtumtgxe vtmult xe.ve htuz, mhMJ<e "
2022-23,Saijpur,2.02,^     misvwh Jtuzobtk ytJuj «ubldh rJM<thbtk bele z[ulus vkved MxuNl cltJJt <ubs meMxubuxef z[ulus jtRl <&t vwN´d bu&z &e z[ulus jtRl ltkFJt
2022-23,Saijpur,12.33,^     misvwh Jtuzobtk ytJuj dtgºteldh rJM<thbtk Mx[tub Jtuxh z[ulus vkved MxuNl cltJJt <ubs Mx[tub Jtuxh z[ulus luxJof ltkFJtltk ftb Yt.12.3
2022-23,India Colony,1.89,"+     ytdtbe J»tolt BþÏg ftbtule gt>e : ^     Yt.1.89 fhtuz lt Fauo W•thÍtul RrLzgt ftujtule Jtuzobtk swœt-swœt xe.ve.htuz Wvh vtKele jtRl, "
2022-23,Sardarnagar,2.5,^     Yt.2.50 fhtuz lt Fauo ltlt rajtuzt rJM<thbtk ytizt îtht lkFtguj swlt luxJfolu ftgoh< fhJt z[ulus jtRl zemeÕxele ftbdehe fhJt. ^     Yt
2022-23,Ramol-Hathijan,6.5,"+     ytdtbe J»tolt BþÏg ftbtule gt>e : ^     Yt.6.50 fhtuzlt Fauo rJhtxldh Jtuzobtk de<t dtihe vtmult xe.ve. lk. 49, hrFgtj (ÃËJo) yuV.ve. "
2022-23,Ramol-Hathijan,2.0,^     Yt.2.00 fhtuzlt Fauo rJhtxldh Jtuzobtk cuxe catJtu mfoj&e <usuL÷ vkv´d Mþ^ele Elfb´d vtEv jtEl btuxe fhJtLþk ftb. ^     Yt.2.00 fhtuzl
2022-23,Ramol-Hathijan,14.0,^     Yt.14.00 fhtuzlt Fauo rlftuj Jtuzobtk lJt mbtrJÐ fXJtztbtk Jtuxh zeMx[eçGþNl MxuNl cltJJt <&t luxJfo ltkFJtLþk ftb. ^     Yt.10.00 fht
2022-23,Behrampura,22.51,"Œrûtý Ítu™ +     «dr<lt ftbtule gt>e : ^     jtkkCt <&t JxJt Jtuzobtk Yt.22.51 fhtuzlt Fauo z[tVx xe.ve. 79, 58 (vtxo), 128 (vtxo) lt rJM<th"
2022-23,Behrampura,2.25,"^     JxJtJtuzobtk lJt mbtrJÐ jtkCt ÂJM<thlt xe.ve-58, yuV.ve.66 btk Yt 2.25 fhtuzlt Fauo cdeatu cltJJtle ftbdehe ntjbtk «dr<btk Au. (jtkCt "
2022-23,Chandlodiya,15.0,2.1 MðŠý{ ßÞkr‚ {wÏÞ{kºte þnuhe rðftË Þtus™t nuX¤™t {wÏÞ ft{tu «dr<lt ftb : ^      W•th vrùb Ítulbtk atkœjtuzegt Jtuzobtk lJwk z[ulus vkBvek
2022-23,Vastral,52.34,z[ulus jtRl (3) vrùb Ítulbtk cjtujldh ath hM<t&e R.zcÕgw.yum. nrh ytub ntWm´d mw^ele ngt< swle 1600 be.be.le yth.me.me. z[ulus jtRl <&t (4) 
2022-23,Gomtipur,45.0,à      þtneƒt„ fuLxtu™{uLx ¾t‚u 25 yu{.yu÷.ze. Ëwyhus xÙex{uLx Ã÷tLx : bæg Ítulbtk Ntnectd fuLxtulbuLx Ft<u 25 yub.yuj.ze. yum.xe.ve.le ftbd
2022-23,Behrampura,41.0,o      14{t ™týtk …k[™t ft{tu : «dr<lt ftb : ^      z[ulus «tusu¾x Ft<t îtht (1) yum.ve h´d htuz Wvh rJltuctCtJu ath vtmu &e rJkÍtuj vkv´d M
2022-23,Ramol-Hathijan,7.22,"2.3 ftu…tuohuþ™ Vkz nuX¤™t {wÏÞ ft{tu «dr<lt ftb : ^     W•th vrùb Ítulbtk dtu<t ylu ytudKs rJM<thle xeve 221, 54,55,228 <&t 236 btk z[ulus "
2022-23,Ghatlodia,20.0,"^     œrûtK vrùb Ítulbtk xe.ve.88,89 <ubs 201 btk Mþyus vkv´d MxuNl ylu mkjøl Mþyus luxJfole ftbdehe Yt.20.00 fhtuzLtt Fauo nt& ^huj Au. ^  "
2022-23,Nikol,33.0,^     vqJoÍtulbtk rlftuj Jtuzobtk Mx[tubo Jtuxh z[ulus luxJfo lktFJtlt Yt.33.00 fhtuzlt Faou ftbdehelwk ytgtusl fhuj Au.
2022-23,Naroda,9.78,"^     W•th Ítul lhtuzt Jtuzobtk nkmvwht xe.ve.75,121 yl 109 btk lJe Mx[tub Jtuxh z[ulus jtEl ltkFJtlt Yt.9.78 fhtuzlt Faou ftbdehelwk ytgtus"
2022-23,Sarkhej,50.0,^      ÃËJo Ítullt nrhJejt z[ulus vkv´d MxuNlle Lgw htEÍ´d jtEl ltkFJtlt 4.50 fhtuzlt Fauo ytgtusl fhuj Au. ^      ÃËJo Ítullt rf»Kt vtfo <&
2022-23,Chandlodiya,8.0,"^      W•th vr©b Ítullt atkœjtuzegt Jtuzobtk ytJuj xe.ve.-72,233 <&t xe.ve.-64 btk lJwk Mx[tub Jtuxh luxJfo ltFJtle ftbdehe ykœtS< Yt.8 fhtu"
2022-23,Vastral,30.0,^      vqJoÍtullt JMºttj Jtuzobtk swœt swœt ath vufusbtk Mxtubo Jtuxh z[uRl ltFJtlt ftblwk Yt.30 fhtuzlt ftbdehe Ítul Ft<u&e atjw Au.
2023-24,Dariapur,0.8,G       Yt.0.80 fhtuzlt Fauo >rhgtÃþh Jtuzobtk Ckzuhe vtu¤ <&t yLg sYhegt<Jt¤e søgtytubtk meMxubuxef z[ulus jtEl fhJt.
2023-24,Shahpur,0.7,G     Yt.0.70 fhtuzlt Fauo NtnÃþh Jtuzobtk ytJuj CøþCtEle atjebtk z[ulus jtEl yvd{uzuNl
2023-24,Shahpur,0.76,G     Yt.0.76 fhtuzlt Fauo NtnÃþh Jtuzobtk ytJuj fBþbegtle atjebtk z[ulus jtEl yvd{uzuNl fhJt.
2023-24,Dariapur,9.75,"G     Yt.9.75 fhtuzlt Fauo bægÍtullt Ntnectd Jtuzobtk 300 yub.yub., >rhgtÃþh Jtuzobtk 600 yub.yub. <&t Ftrzgt 900 yub.yub.le J»ttuo swle z[u"
2023-24,Chandkheda,10.0,G   vrµb Ítulltk atk>Fuzt Jtuzobtk xe.ve.44btk Mxtubo Jtuxh jtElLþk luxJfo ltkFe <¤tJ mt&u ELxhjekd fhJt ftb btxu yk>tsu Yt.10.00 fhtuzlt ft
2023-24,Navrangpura,3.0,G   vrùb Ítullt lJhkdÃþht Jtuzobtk øþjctE xufht rJM<th z[ulus jtEl <&t Mxtubo Jtuxh jtEl ltkFJtlt ftb btxu Yt.3.00 fhtuzlt ftblwk ytgtusl fh
2023-24,India Colony,0.75,"G   W•thÍtul RrLzgt ftujtule Jtuzobtk ytJuj (1) ze ftujtule htuz Wvh ytJuj rœÕjeJt¤e atje,vwyh fJtxom,juch fJtxom <&t ce.yth.xe.yum.htuz Wvh"
2023-24,Amraiwadi,0.6,G      vwJo Ítul lt ybhtRJtze Jtuzo btk htsvwh- dtub<evwh rJM<th btk ytJuj lJle< «ftN ath hM<t &e S-ftujtule &R cr¤gt ftft ath hM<t &e ytb{v
2023-24,Amraiwadi,0.45,"G      ybhtRJtze Jtuzo btk mðgb ldh rJM<th btk ytJuj zçct Jt¤e atje, ytklœ ldh, bkdj ldh,htb rf»Kt ldh <&t yLg swœe-swœe atje ytubtk z[ulus "
2023-24,Amraiwadi,0.45,"G      ybhtRJtze Jtuzobtk FtuFht rJM<thbtkk ftdtY mfoj&e htgvwh CSgt mw^elt htuz vh ytJuj ¢»Kle atje,sgk<eJfejle atje,«ubtWftle atje, ckdjt "
2023-24,Bhaipura,0.25,"G   CtEÃþht Jtuzobtk ht^tfeNl ldh, rJftmldh yÁKtldh <&t ^ehs ntWmekd- }r»tfuN ntWmed,Ítzw Jt¤tle atje ,RµhCwJtle atje, rNJldh yLg atjebtkz[u"
2023-24,Bhaipura,0.25,G   CtEÃþht Jtuzobtk m<t^th htuz Wvh 600 yub yub ztgt le jtRl <&tz[ulus he MxtuhuNl ylu z[ulus- yvd{uz fhJtlt ftb ctc< (Yt. 25.00 jtF)
2023-24,Bhaipura,0.25,"G   CtEÃþht Jtuzobtk lnuÁldh ltzegt Jtm WftCtR le atje, huNbcul le atje, Nfhecul le atje, sghtble atje, FtuFtJt¤e atje ,CdJ<eldh htuz, studu"
2023-24,Odhav,0.3,"G     vqJoÍtul ytuZJ Jtuzobtk dbt<¤ , hcthe Jmtn< <ubs Atuxtjtj rJM<thbtk swœe swœe søgtyu ngt< z[ulus jtRl yvd{uz fhJtlwk <ubs bNelntuj clt"
2023-24,Odhav,0.4,"G   vqJo Ítullt ytuZJ Jtuzobtk ytJuj xe.ve.1,2 <&t 3 rJM<thbtk Jhmtœe vtKelt leftj btxu sYhegt< bwsc Mx[tub Jtuxh jtRl ltkFJt, fuavex yvd{uz"
2023-24,Vastral,2.5,G   vqJo Ítul JMºttj Jtuzobtk vtufux-1 &e 4 rJM<thbtk <&t yLg rJM<thbtk swœe swœe søGttytuyu z[ulus jtRl yvd{uzuNl fhJtle <&t <ulu ytlwmtkde
2023-24,Lambha,20.92,"G     jtkCt Jtuzobtk swle lthtuj ftuxole vtA¤ ytJuj z[tVx xe.ve. Mfeblk. 59, 60, 61, 62, 63, 82 <ubs mkjøl rJM<thbtk Yt 20.92 fhtuzlt Fauo b"
2023-24,Chandlodiya,17.0,G      W•th vrµb Ítulbtk atkœjtuzegt Jtuzobtk lJwk z[ulus vkv´d MxuNl cltJJtle ftbdehe Yt.17 fhtuzlt Fauo
2023-24,Gomtipur,6.0,G     vqJo Ítul lt dtub<evwh Jtuzobtk ybhtRJtze z[ulus vkved MxuNl Mx[uL^l´d fhJtlwk ftb Yt.6.00 fhtuz Fauo
2023-24,Behrampura,41.0,G      y.Bgw.ftuvtuo lt z[ulus «tusu¾x Ft<t îtht (1) yum.ve hekd htuz Wvh rJltuctCtJu ath vtmu &e rJkÍtuj vkvekd MxuNl mw^e (2) cnuhtbvwht J
2023-24,Sardarnagar,42.64,"à       {æÞ Ítu™, …qðo Ítu™ ‚Útt W¥th Ítu™™e zÙu™us ÷tE™™wk rhnuƒer÷xuþ™ : bæg Ítulbtk rbÍtoÃþh &e C÷ &e dtgfJtz nJuje&e sbtjÃþh SPS fBvtWLz"
2023-24,Ramol-Hathijan,28.0,"G     vqJo Ítul-htbtuj nt&esK Jtuzobtk xe.ve. 94,95,96,78,73,92,93,90,91 btk z[ulus luxJfo Yt. 28 fhtuzlt Faou ltkFJt"
2023-24,Naroda,9.78,"G    W•th Ítul lhtuzt Jtuzobtk nkmvwht xe.ve. 75,121 ylu 109 btk lJe Mx[tub Jtuxh Yt.9.78 fhtuzlt Faou"
2023-24,Vastral,30.0,G    vqJo Ítullt JMºttj Jtuzobtk swœt-swœt ath vufusbtk Mxtubo Jtuxh z[uRl ltkFJtlt ftblwk Yt.30.00 fhtuzlt Fauo
2024-25,Shahpur,0.7,G     Yt.0.70 fhtuzlt Fauo NtnÃþh Jtuzobtk ytJuj CøþCtEle atjebtk z[ulus jtEl yvd{uzuNl fhJt.
2024-25,Shahpur,0.76,G     Yt.0.76 fhtuzlt Fauo NtnÃþh Jtuzobtk ytJuj fBþbegtle atjebtk z[ulus jtEl yvd{uzuNl fhJt.
2024-25,Stadium,278.77,G     Mxuzegb Jtuzobtk dtk^e yt©b r«meLfx zuJjtuvbuLx «tusufxle ftbdehe Yt.278.77 fhtuzlt Fauo ntjbtk atjw Au.ntjbtk 52% «tud{um &guj Au ylu
2024-25,Vasna,1.8,G     JtmKt Jtuzolt vrµb rJM<th he-zuJjtuv xe ve &Jt&e ngt< z[ulus/ Mx[tub Jtuxh z[ulus jtRl lJe jtRl ltFJtlt ftb Yt.1.80 fhtuzltu Fao fhJtL
2024-25,Vasna,5.0,G   JtmKt Jtuzobtk JiNtje xtWlNev &e yu.ve.yub.me.btfuox &E øþsht< ntEftuxo Mþ^e <&t rJsgath hM<t &e øþsht< ntEftuxo Mþ^e Jhmt>e vtKelt left
2024-25,Ranip,4.0,G   htKev Jtuzobtk swlt htKev rJM<thbtk BþÏg htuz Wvh ngt< z[ulus jtEl J»ttuo swle ntuE lJe z[ulus jtEl ltkFJtlt ftb Yt.4.00 fhtuzltu Fao fh
2024-25,Sabarmati,0.5,G   mtchb<e Jtuzobtk btuxuht ve.Je.yth &e ytuizt <¤tJ mw^e lJe Mx[tub Jtuxh jtRl ltkFJtlw ftb Yt.50.00 jtFltu Fao fhJtLþk ytgtusl fhuj Au.
2024-25,Ranip,0.5,G   htKev Jtuzobtk htbftuhct mtumtgxe htuz vtmu Jhmtœe vtKelt rlftj btxu Mx[tub Jtuxh z[ulus jtRl mw^thKt fhJtlt ftb Yt.50.00 jtFltu Fao fhJ
2024-25,Vasna,4.0,G   JtmKt Jtuzobtk bjtJ <¤tJ &e l>e Mþ^e le jtEl memexeJe zeNeÕx´d <&t sYrhgt< Bþsb Mxtubo Jtuxh jtEl ltkFJe fuavex cltJJtLþk ftb Yt.4.00 fh
2024-25,Stadium,2.0,"G   Mxuzegb Jtuzobtk ak÷Ctdt ntWm´d ylu Ctøgjûbe ntWm´d yuvtxobuLxle ytmvtmlt rJM<th, «ftN>ev yuvtxobuLx, ©elt& yuvtxobuLx ylu sw>t sw>t ntW"
2024-25,Sabarmati,3.5,"G   mtchb<e Jtuzobtk JujSCtR lt fwJtu, dKuNldh, jûbeldh, btuxuht dtb<¤ rJM<th, dtk^e Jtm <&t su.ve le atje btk lJe z[ulus jtRl ltkFJtlw ftb "
2024-25,Navrangpura,0.5,G   lJhkdÃþht Jtuzobtk btKufctd ath hM<t &e ytgtuslldh <hV lJe Mxtubo Jtuxh jtEl ltkFJtLþk ftb Yt.50.00 jtFltu Fao fhJtLþk ytgtusl fhuj Au. 
2024-25,Navrangpura,1.0,"G     lJhkdvwht Jtuzobtk dwjctR xufht rJM<thbtk ytJuj Mjb atjeytu, beXtF¤e dtb<¤, lJhkdÃþht dtb<¤, ntujeÔþzlt Atvht rJM<thbtk memeythyum le "
2024-25,Naranpura,0.5,G     lthKÃþht Jtuzobtk øþsht< ntWm´dle Jmtn<tubtk memeythyum le Vhegt>lt yLþmk^tlu z[ulus luxJfo c>jJtLþk ftb Yt.50.00 jtFltu Fao fhJtLþk y
2024-25,Ranip,1.0,G     htKev Jtuzobtk Jtuzobt cfhbkze z[ulus luxJfo c>jJtLþk <&t vuJh çjtuf vuJ´d fhJtlt ftb Yt.1.00 fhtuzltu Fao fhJtLþk ytgtusl fhuj Au.
2024-25,Chandkheda,0.5,G     atk>Fuzt Jtuzobtk dtb<¤ <&t sl<tldhbtk z[ulus luxJfo c>jJtLþk ftb Yt.50.00 jtFltu Fao fhJtLþk ytgtusl fhuj Au.
2024-25,Paldi,1.0,"G     vtjze Jtuzobttk Çþ>hÃþht, ytkcuzfh ftujtule, bnul<Ãþht, btgtldh, MþFeÃþht, ftd>eJtz memeythyum le Vhegt>lt yLþmk^tlu z[ulus luxJfo c>j"
2024-25,Vasna,1.0,"G     JtmKt Jtuzobtk øþÃ<tldh, JtÕbefe Jtm, atkBþztldh, nheytubldh rJM<thmemeythyum le Vhegt>lt yLþmk^tlu z[ulus luxJfo c>jJtLþk ftb Yt.1.00"
2024-25,Nava Vadaj,1.5,"G     lJtJtzs Jtuzobtk me.me.yth.yum Vhegtœ yk<do< mtuhtcS fkBvtWLz, dtk^eldh xufhtu, mtiht»x[ ©bSJelt Atvhtytu, ytuzltu xufhtu <&t øþsht< n"
2024-25,Ranip,4.0,G     htKev Jtuzobtk NeJ Ntjed{tb mtumtgxe&e –<w ykzhvtm mw^e <&t dKuN îth ckøjtuÍ&e Neûtt vºte yuJLgw <hV z[ulus <&t Mx[tub Jtuxh jtRl ltFJ
2024-25,Nava Vadaj,3.2,"G     lJt Jtzs Jtuzobtk lJe z[tVx xe.ve. yuhegtbtk Je.yul.d{elle vtA¤lt Ctdbtk lJtu Ïþjuj xe.ve. htuz vh z[ulus jtEl, vtKele jtEl, Mxtubo Jt"
2024-25,Gomtipur,5.0,"G     dtub<eÃþh Jtuzobtk sw>e sw>e atjeytubtk z[ulus / vtKe, yth.me.me. htuz / vuJh çjtuf Yt.5.00 fhtuzlt Fauo ltkFJt"
2024-25,Ramol-Hathijan,1.0,G     htbtuj nt&esK Jtuzobtk lJt mbtJuN rJM<thbtk z[ulus jtEl Yt.1.00 fhtuzlt Fauo ltkFJt
2024-25,Ramol-Hathijan,1.1,G     htbtuj nt&esK Jtuzobtk huÕJu vtmu vwNekd îtht z[ulusjtRl Yt.1.10 fhtuzlt Fauo ltkFJt
2024-25,Gomtipur,52.0,2.1 MðŠý{ ßÞkr‚ {wÏÞ{kºte þnuhe rðftË Þtus™t nuX¤™t {wÏÞ ft{tu «dr<lt ftb : ^      ybœtJtœ Bgwrlrmvj ftuvtuohuNl yk<do< fuLxtulbuLx Ft<u 25.
2024-25,Vastral,7.6,2.2 y{]‚ (Atal Mission for Rejuvenation and Urban Transformation) fuL÷ mhfth©ele yb]< 2.0 le Mfeb <t. 01.10.2021 lt htus ònuh fhJtbtk ytJuj.
2024-25,Shahpur,164.0,bebe ztgtle z[ulus x[Lf jtRl (3) nheytub ntWmekd&e RzcÕgwyum ftujtule &R yFcth ldh mfoj mw^e 1600 bebe ztgtle z[ulusjtRl (4) ybel ath hM<t&e
2024-25,Sardarnagar,5.0,ytgtusllt ftb : ^     fuLxtuLbuLx 25 yub.yuj.ze.yum.xe.ve.btxu fuLxtulbuLx ctuzo mt&u &guj yub.ytu.gw bwsc fuLxtulbuLx rJM<thbtk z[ulus luxJ
2024-25,Sardarnagar,5.0,"^     W•thÍtulbtk mhœthldh Jtuzolt fhtR rJM<thbtk xe.ve. 411, 241 ltk lJt xe.ve. htuzbtk z[ulus jtRl luxJfo ltkFJtlw ftb Yt. 5.00 fhtuzlt Fa"
2024-25,Shahibaug,40.0,^      œrûtK vrùb Ítulbtk ykch xtJh&e xe.ve. 88 htuz &R mJuht Vjtuhj &R V<unJtze fultj &R Vwrsj vtfo &R yth.me.me. ytWxVtuj Mx[fah mw^e Mxtu
2024-25,Nikol,30.0,^      vqJoÍtulbtk rlftuj Jtuzobtk Mxtubo Jtuxh z[ulus luxJfo <&t vkvekd MxuNl cltJJtle ftbdehe Yt.30.00 fhtuzltk Fauo nt& ^hJtbtk ytJNu. ^ 
2025-26,Shahpur,104.12,✧       NtnÃþh Jtuzobtk Yt.104.12 fhtuzlt Fauo 5tuÕGþNl yufNl Ãjtl yLJgu vtKele jtEl z[ulus jtEl <&t yth.me.me./ vuJh çjtuf jdtJJt.
2025-26,Shahibaug,51.7,✧       Ntnectd Jtuzobtk Yt.51.70 fhtuzlt Fauo 5tuÕGþNl yufNl Ãjtl yLJgu vtKele jtEl z[ulus jtEl <&t yth.me.me./ vuJh çjtuf jdtJJt.
2025-26,Dariapur,1.05,✧       >rhgtÃþh Jtuzobtk Yt.1.05 fhtuzlt Fauo sw>t sw>t htuz vh yth.me.me.z[ulus jtEl ltkFJt
2025-26,Khadia,55.13,✧     Ftrzgt Jtuzobtk Yt.55.13 fhtuzlt Fauo 5tuÕGþNl yufNl Ãjtl yLJgu vtKele jtEl z[ulus jtEl <&t yth.me.me./ vuJh çjtuf jdtJJt.
2025-26,Dariapur,59.98,✧     >rhgtÃþh Jtuzobtk Yt.59.98 fhtuzlt Fauo 5tuÕGþNl yufNl Ãjtl yLJgu vtKele jtEl z[ulus jtEl <&t yth.me.me./ vuJh çjtuf jdtJJt.
2025-26,Asarwa,67.06,✧     ymthJt Jtuzobtk Yt.67.06 fhtuzlt Fauo 5tuÕGþNl yufNl Ãjtl yLJgu vtKele jtEl z[ulus jtEl <&t yth.me.me./ vuJh çjtuf jdtJJt.
2025-26,Asarwa,54.0,✧     ymthJt Jtuzobtk 1.54 fhtuzlt Fauo mh>th atuf &e ytubldh mfoj mw^e <&t dtk^e atuf&e mh>th atuf Mþ^e yth.me.me.z[ulus jtEl ltkFJt.
2025-26,Ranip,0.6654,✧   htKev Jtuzobtk ytJuj LGþ htKev rJM<thbtk ytJuj EL÷jtuf mtumtgxe &e hðltmtdh ntExTm &e NÂ¾<ldh Mþ^eltu huÕJu mbtk<h xe.ve.htuz Wvh (1) Yt
2025-26,Sardarnagar,66.0,✧       W•thÍtulbtk mhœthldh Jtuzobtk xe.ve. 241 (ltlt rajtuzt) rJM<thbtk z[ulus luxJfo ltkFJtlwk ftb hfb :- 13.66 fhtuz
2025-26,Sardarnagar,81.0,✧     mhœthldh Jtuzobk ytJuj ltlt rajtuzt dtb<¤ rJM<thbtk vtKele xtkfe &e ltlt rajtuzt z[ulus vkved mw^elt htuzlu yth.me.me.htuz <&t RLxhjtu
2025-26,Bapunagar,33.0,✦                                                                                                           ✦ 108 &e ÔgtmJtze <&t ctvwldh Jt
2025-26,Sardarnagar,30.0,"✧      mhœthldh Jtuzobtk ltucjldh, bujzeldh, ltlt rajtuzt, ytkctJtze, mhœthldh z[ulus z[ulus vkved MxuNl <&t fwcuhldh Jtuzobtk S Jtuzo z[ulu"
2025-26,Vastral,5.9,✧     JMºttj yb>tJt> Bgw.ftuvtuohuNllt z[ulus «tusufx Ftðtt nuX¤ vqJoÍtulbtk JMºttj Jtuzobtk sw>e- sw>e søGttyu lJe Mx[tub Jtuxh jtRl ltkFJt
2025-26,Odhav,0.29,✧     JMºttj vqJoÍtulbtk ve.ytR.gw.ykðtdoðt ytJðtt rlftuj ylu ytuZJ Jtuzobtk ytJuj ngtðt 900 yub.yub.Úte Wvhle z[ulus jtRl ðtÚtt Mxtubo Jtux
2025-26,Nikol,20.69,✧     rlftuj yb>tJt> Bgw. ftuvtuohuNllt z[ulus «tusufx îtht vwJoÍtullt rlftuj Jtuzobtk Mx[tub Jtuxh luxJfo ltkFJtlwk ftb Y.20.69 fhtuzltk Fa
2025-26,Bhaipura,1.0,"✧      CtEÃþht Jtuzobt me.me.yth.yum. ykðtdoðt z[ulus, vtKe ðtÚtt yth.me.me. htuzle ftbdehe fhJt (vufus) Y.1.00 fhtuzltk Fauo ytgtusl"
2025-26,Nikol,2.48,✧     rlftuj Jtuzobtk 900 yub. yub. ztgt le z[ulus jtEl dtuvtj atufÚte SJlJtze vkvekd mw¼e ltkFJtlw ftb Y.2.48 fhtuzltk Fauo ytgtusl
2025-26,Lambha,16.57,✧      jtkCt Jtuzobtk ytJuj vev¤s-dtuvtjvwh-misvwh dtb <ubs vev¤s dtble ctswbtk mJuo lk.- 95 rJM<th <&t <ulu mkkkjøl ltul xe.ve. rJM<thlt òn
2025-26,Lambha,8.94,✧      jtkCt Jtuzobtk ytJuj øgtmvwh dtblt swœt swœt hM<tytu <ubs <ulu mkjøl ltul xe.ve. rJM<thlt ònuh yJhsJhlt hM<tytu Wvh Y.8.94 fhtuzltk F
2025-26,Lambha,19.95,✧      JxJt Jtuzobtk lJt mbtrJ»x (swlt jtkCt Jtuzo vifelt) xe.ve.79 ylu xe.ve-58 btk ngt<d{tWLz Jtuxh xucjlt fthKu Y.19.95 fhtuzltk Fauo lJw
2025-26,Thaltej,30.0,✧     &j<us Jtuzobtk Mxuxm 55 htuz vh lJe z[ulus jtRl ltkFJtlt ftblwk Y.30 fhtuzlwk ytgtusl
2025-26,Thaltej,30.0,✧     &j<us Jtuzobtk rœÔgsgtu<&e ftJuhe mtunb mw^e lJe z[ulus jtRl ltkFJtlt ftblwk Y.30 fhtuzlwk ytgtusl
2025-26,Bodakdev,15.0,✧     ctuzfœuJ Jtuzobtk hts&t¤ huMxuhLx&e ytkcje ntRxm <hVlt htuz vh lJe z[ulus jtRl <&t Mx[tub Jtuxh jtRl ltkFJtlt ftblwk Y.15 fhtuzlwk ytg
2025-26,Thaltej,50.0,✧     &j<us Jtuzobtk Lgwgtufo xtJh &e fumh xe Mxtuj ylu ctuzj ntWm &e ytlkœ lefu<l M¾wj mw^e Mx[tub Jtuxh jtRl ltkFJtlt ftblwk Y.50 fhtuzlwk
2025-26,Thaltej,30.0,"✧     &j<us Jtuzobtk xe.ve.1,2, dwYfw¤ rJM<th,<&t swœe swœe søgtytuyu z[ulus jtRl yvd{zuNl <ubs <ulu jd<e ytlwmkdef ftbdehe fhJtlt ftblwk Y."
2025-26,Thaltej,20.0,"✧     &j<us Jtuzobtk xe.ve.37,38, Nejs, nuc<vwh, Ctzs rJM<thbtk <&t swœe swœe søgtytuyu z[ulus jtRl yvd{zuNl <ubs <ulu jd<e ytlwmkdef ftbdeh"
2025-26,Thaltej,30.0,✧     &j<us Jtuzobtk ctuvj-Dwbt rJM<thbt z[ulus jtRl yvd{zuNl <ubs <ulu jd<e ytlwmkdef ftbdehe fhJtlt ftblwk Y.30 fhtuzlwk ytgtusl
2025-26,Gota,100.0,✧     dtu<t Jtuzobtk mtgLm mexe rJM<thbtk dtu<t Jtuzo ytuVem &e yuBvtgh ceÍlum mw^e <&t rmæ^e buLNl lt dux &e rmæ^e rJjt mw^e <&t bneLœ[tlt 
2025-26,Sardarnagar,30.0,✦                                                                                                          ✦ ❃     vwJo Ítullt htbtuj-nt&esK
2025-26,Lambha,388.14,2.2 y{]‚ (Atal Mission for Rejuvena•on and Urban Transforma•on) fuL÷ mhfth©ele yb]< 2.0 le Mfeb <t. 01.10.2021 lt htus ònuh fhJtbtk ytJuj. s
2025-26,Vastral,6.75,✦                                                                                                       ✦ ❃     mtW& ctuvj Ft<u mtuctu muLxh
2025-26,Sardarnagar,5.0,«dr<lt ftb : ❃     vqJo Ítul dtub<evqh z[ulus vkved MxuNlle htRÍed jtRl cœjJtlwk ftb Yt.5.00 fhtuzltk Fauo ftbdehe atjw fhuj Au. ❃     vwJo 
2025-26,Bodakdev,17.0,✦                                                                                                      ✦ ❃   W•th vrùb Ítulbtk ctuzfœuJ Jtuz
2025-26,Nikol,24.0,"3.2 ftu…tuohuþ™ Vkz nuX¤™t {wÏÞ ft{tu «dr<lt ftb : ❃     Lgw bKeldh <&t mkjøl rJM<thbtk htbtuj nt&esK xe.ve. 107, 108, 115 Mx[tubo Jtuxh vkv"
